scenario,candidate_id,price_scheme_detail,subsidy_policy,lambda,baseline_converged_lambda_1_no_damping,converged,iterations,max_abs_delta,average_service_access_performance,minimum_service_access_performance,annual_net_profit,profit_rate,profit_compliant,aggregate_profit_rate_compliant,station_profit_compliant,feasible_station_count,joint_feasible_solution_exists
S0_baseline,S0_baseline_P001_SB0.0,C:alpha=1.0;E:alpha=1.0;G:alpha=1.0;I:alpha=1.0;J:alpha=1.0,targeted_subsidy_0.0,0.2,1,1,3,0.92285718,0.742182,0.050372,307768.89,0.007862,0,1,0,2,0
S0_baseline,S0_baseline_P001_SB0.0,C:alpha=1.0;E:alpha=1.0;G:alpha=1.0;I:alpha=1.0;J:alpha=1.0,targeted_subsidy_0.0,0.3,1,1,3,0.92285718,0.742182,0.050372,307768.89,0.007862,0,1,0,2,0
S0_baseline,S0_baseline_P001_SB0.0,C:alpha=1.0;E:alpha=1.0;G:alpha=1.0;I:alpha=1.0;J:alpha=1.0,targeted_subsidy_0.0,0.5,1,1,3,0.92285718,0.742182,0.050372,307768.89,0.007862,0,1,0,2,0
S0_baseline,S0_baseline_P001_SB0.0,C:alpha=1.0;E:alpha=1.0;G:alpha=1.0;I:alpha=1.0;J:alpha=1.0,targeted_subsidy_0.0,0.7,1,1,3,0.92285718,0.742182,0.050372,307768.89,0.007862,0,1,0,2,0
S0_baseline,S0_baseline_P001_SB0.0,C:alpha=1.0;E:alpha=1.0;G:alpha=1.0;I:alpha=1.0;J:alpha=1.0,targeted_subsidy_0.0,1.0,1,1,3,0.92285718,0.742182,0.050372,307768.89,0.007862,0,1,0,2,0
S0_baseline,S0_baseline_P002_SB0.0,C:alpha=1.1;E:alpha=1.0;G:alpha=1.0;I:alpha=1.0;J:alpha=1.0,targeted_subsidy_0.0,0.2,0,0,30,0.9022044,0.635624,0.0,-420767.08,-0.012279,0,0,0,2,0
S0_baseline,S0_baseline_P002_SB0.0,C:alpha=1.1;E:alpha=1.0;G:alpha=1.0;I:alpha=1.0;J:alpha=1.0,targeted_subsidy_0.0,0.3,0,0,30,0.9022044,0.635624,0.0,-420767.08,-0.012279,0,0,0,2,0
S0_baseline,S0_baseline_P002_SB0.0,C:alpha=1.1;E:alpha=1.0;G:alpha=1.0;I:alpha=1.0;J:alpha=1.0,targeted_subsidy_0.0,0.5,0,0,30,0.9022044,0.743372,0.392748,671154.7,0.017336,0,1,0,1,0
S0_baseline,S0_baseline_P002_SB0.0,C:alpha=1.1;E:alpha=1.0;G:alpha=1.0;I:alpha=1.0;J:alpha=1.0,targeted_subsidy_0.0,0.7,0,0,30,0.9022044,0.743372,0.392748,671154.7,0.017336,0,1,0,1,0
S0_baseline,S0_baseline_P002_SB0.0,C:alpha=1.1;E:alpha=1.0;G:alpha=1.0;I:alpha=1.0;J:alpha=1.0,targeted_subsidy_0.0,1.0,0,0,30,0.9022044,0.743372,0.392748,671154.7,0.017336,0,1,0,1,0
S0_baseline,S0_baseline_P003_SB0.0,C:alpha=1.2;E:alpha=1.0;G:alpha=1.0;I:alpha=1.0;J:alpha=1.0,targeted_subsidy_0.0,0.2,1,1,3,0.88,0.635624,0.0,-420767.08,-0.012279,0,0,0,2,0
S0_baseline,S0_baseline_P003_SB0.0,C:alpha=1.2;E:alpha=1.0;G:alpha=1.0;I:alpha=1.0;J:alpha=1.0,targeted_subsidy_0.0,0.3,1,1,3,0.88,0.635624,0.0,-420767.08,-0.012279,0,0,0,2,0
S0_baseline,S0_baseline_P003_SB0.0,C:alpha=1.2;E:alpha=1.0;G:alpha=1.0;I:alpha=1.0;J:alpha=1.0,targeted_subsidy_0.0,0.5,1,1,3,0.88,0.635624,0.0,-420767.08,-0.012279,0,0,0,2,0
S0_baseline,S0_baseline_P003_SB0.0,C:alpha=1.2;E:alpha=1.0;G:alpha=1.0;I:alpha=1.0;J:alpha=1.0,targeted_subsidy_0.0,0.7,1,1,3,0.88,0.635624,0.0,-420767.08,-0.012279,0,0,0,2,0
S0_baseline,S0_baseline_P003_SB0.0,C:alpha=1.2;E:alpha=1.0;G:alpha=1.0;I:alpha=1.0;J:alpha=1.0,targeted_subsidy_0.0,1.0,1,1,3,0.88,0.635624,0.0,-420767.08,-0.012279,0,0,0,2,0
S0_baseline,S0_baseline_P004_SB0.0,C:alpha=1.3;E:alpha=1.0;G:alpha=1.0;I:alpha=1.0;J:alpha=1.0,targeted_subsidy_0.0,0.2,1,1,3,0.88,0.635624,0.0,-420767.08,-0.012279,0,0,0,2,0
S0_baseline,S0_baseline_P004_SB0.0,C:alpha=1.3;E:alpha=1.0;G:alpha=1.0;I:alpha=1.0;J:alpha=1.0,targeted_subsidy_0.0,0.3,1,1,3,0.88,0.635624,0.0,-420767.08,-0.012279,0,0,0,2,0
S0_baseline,S0_baseline_P004_SB0.0,C:alpha=1.3;E:alpha=1.0;G:alpha=1.0;I:alpha=1.0;J:alpha=1.0,targeted_subsidy_0.0,0.5,1,1,3,0.88,0.635624,0.0,-420767.08,-0.012279,0,0,0,2,0
S0_baseline,S0_baseline_P004_SB0.0,C:alpha=1.3;E:alpha=1.0;G:alpha=1.0;I:alpha=1.0;J:alpha=1.0,targeted_subsidy_0.0,0.7,1,1,3,0.88,0.635624,0.0,-420767.08,-0.012279,0,0,0,2,0
S0_baseline,S0_baseline_P004_SB0.0,C:alpha=1.3;E:alpha=1.0;G:alpha=1.0;I:alpha=1.0;J:alpha=1.0,targeted_subsidy_0.0,1.0,1,1,3,0.88,0.635624,0.0,-420767.08,-0.012279,0,0,0,2,0
S0_baseline,S0_baseline_P005_SB0.0,C:alpha=1.4;E:alpha=1.0;G:alpha=1.0;I:alpha=1.0;J:alpha=1.0,targeted_subsidy_0.0,0.2,1,1,3,0.88,0.635624,0.0,-420767.08,-0.012279,0,0,0,2,0
S0_baseline,S0_baseline_P005_SB0.0,C:alpha=1.4;E:alpha=1.0;G:alpha=1.0;I:alpha=1.0;J:alpha=1.0,targeted_subsidy_0.0,0.3,1,1,3,0.88,0.635624,0.0,-420767.08,-0.012279,0,0,0,2,0
S0_baseline,S0_baseline_P005_SB0.0,C:alpha=1.4;E:alpha=1.0;G:alpha=1.0;I:alpha=1.0;J:alpha=1.0,targeted_subsidy_0.0,0.5,1,1,3,0.88,0.635624,0.0,-420767.08,-0.012279,0,0,0,2,0
S0_baseline,S0_baseline_P005_SB0.0,C:alpha=1.4;E:alpha=1.0;G:alpha=1.0;I:alpha=1.0;J:alpha=1.0,targeted_subsidy_0.0,0.7,1,1,3,0.88,0.635624,0.0,-420767.08,-0.012279,0,0,0,2,0
S0_baseline,S0_baseline_P005_SB0.0,C:alpha=1.4;E:alpha=1.0;G:alpha=1.0;I:alpha=1.0;J:alpha=1.0,targeted_subsidy_0.0,1.0,1,1,3,0.88,0.635624,0.0,-420767.08,-0.012279,0,0,0,2,0
S0_baseline,S0_baseline_P006_SB0.0,C:alpha=1.5;E:alpha=1.0;G:alpha=1.0;I:alpha=1.0;J:alpha=1.0,targeted_subsidy_0.0,0.2,1,1,3,0.88,0.635624,0.0,-420767.08,-0.012279,0,0,0,2,0
S0_baseline,S0_baseline_P006_SB0.0,C:alpha=1.5;E:alpha=1.0;G:alpha=1.0;I:alpha=1.0;J:alpha=1.0,targeted_subsidy_0.0,0.3,1,1,3,0.88,0.635624,0.0,-420767.08,-0.012279,0,0,0,2,0
S0_baseline,S0_baseline_P006_SB0.0,C:alpha=1.5;E:alpha=1.0;G:alpha=1.0;I:alpha=1.0;J:alpha=1.0,targeted_subsidy_0.0,0.5,1,1,3,0.88,0.635624,0.0,-420767.08,-0.012279,0,0,0,2,0
S0_baseline,S0_baseline_P006_SB0.0,C:alpha=1.5;E:alpha=1.0;G:alpha=1.0;I:alpha=1.0;J:alpha=1.0,targeted_subsidy_0.0,0.7,1,1,3,0.88,0.635624,0.0,-420767.08,-0.012279,0,0,0,2,0
S0_baseline,S0_baseline_P006_SB0.0,C:alpha=1.5;E:alpha=1.0;G:alpha=1.0;I:alpha=1.0;J:alpha=1.0,targeted_subsidy_0.0,1.0,1,1,3,0.88,0.635624,0.0,-420767.08,-0.012279,0,0,0,2,0
S0_baseline,S0_baseline_P007_SB0.0,C:alpha=1.6;E:alpha=1.0;G:alpha=1.0;I:alpha=1.0;J:alpha=1.0,targeted_subsidy_0.0,0.2,1,1,3,0.88,0.635624,0.0,-420767.08,-0.012279,0,0,0,2,0
S0_baseline,S0_baseline_P007_SB0.0,C:alpha=1.6;E:alpha=1.0;G:alpha=1.0;I:alpha=1.0;J:alpha=1.0,targeted_subsidy_0.0,0.3,1,1,3,0.88,0.635624,0.0,-420767.08,-0.012279,0,0,0,2,0
S0_baseline,S0_baseline_P007_SB0.0,C:alpha=1.6;E:alpha=1.0;G:alpha=1.0;I:alpha=1.0;J:alpha=1.0,targeted_subsidy_0.0,0.5,1,1,3,0.88,0.635624,0.0,-420767.08,-0.012279,0,0,0,2,0
S0_baseline,S0_baseline_P007_SB0.0,C:alpha=1.6;E:alpha=1.0;G:alpha=1.0;I:alpha=1.0;J:alpha=1.0,targeted_subsidy_0.0,0.7,1,1,3,0.88,0.635624,0.0,-420767.08,-0.012279,0,0,0,2,0
S0_baseline,S0_baseline_P007_SB0.0,C:alpha=1.6;E:alpha=1.0;G:alpha=1.0;I:alpha=1.0;J:alpha=1.0,targeted_subsidy_0.0,1.0,1,1,3,0.88,0.635624,0.0,-420767.08,-0.012279,0,0,0,2,0
S0_baseline,S0_baseline_P008_SB0.0,C:alpha=1.8;E:alpha=1.0;G:alpha=1.0;I:alpha=1.0;J:alpha=1.0,targeted_subsidy_0.0,0.2,1,1,3,0.88,0.635624,0.0,-420767.08,-0.012279,0,0,0,2,0
S0_baseline,S0_baseline_P008_SB0.0,C:alpha=1.8;E:alpha=1.0;G:alpha=1.0;I:alpha=1.0;J:alpha=1.0,targeted_subsidy_0.0,0.3,1,1,3,0.88,0.635624,0.0,-420767.08,-0.012279,0,0,0,2,0
S0_baseline,S0_baseline_P008_SB0.0,C:alpha=1.8;E:alpha=1.0;G:alpha=1.0;I:alpha=1.0;J:alpha=1.0,targeted_subsidy_0.0,0.5,1,1,3,0.88,0.635624,0.0,-420767.08,-0.012279,0,0,0,2,0
S0_baseline,S0_baseline_P008_SB0.0,C:alpha=1.8;E:alpha=1.0;G:alpha=1.0;I:alpha=1.0;J:alpha=1.0,targeted_subsidy_0.0,0.7,1,1,3,0.88,0.635624,0.0,-420767.08,-0.012279,0,0,0,2,0
S0_baseline,S0_baseline_P008_SB0.0,C:alpha=1.8;E:alpha=1.0;G:alpha=1.0;I:alpha=1.0;J:alpha=1.0,targeted_subsidy_0.0,1.0,1,1,3,0.88,0.635624,0.0,-420767.08,-0.012279,0,0,0,2,0
S0_baseline,S0_baseline_P009_SB0.0,C:alpha=2.0;E:alpha=1.0;G:alpha=1.0;I:alpha=1.0;J:alpha=1.0,targeted_subsidy_0.0,0.2,1,1,3,0.88,0.635624,0.0,-420767.08,-0.012279,0,0,0,2,0
S0_baseline,S0_baseline_P009_SB0.0,C:alpha=2.0;E:alpha=1.0;G:alpha=1.0;I:alpha=1.0;J:alpha=1.0,targeted_subsidy_0.0,0.3,1,1,3,0.88,0.635624,0.0,-420767.08,-0.012279,0,0,0,2,0
S0_baseline,S0_baseline_P009_SB0.0,C:alpha=2.0;E:alpha=1.0;G:alpha=1.0;I:alpha=1.0;J:alpha=1.0,targeted_subsidy_0.0,0.5,1,1,3,0.88,0.635624,0.0,-420767.08,-0.012279,0,0,0,2,0
S0_baseline,S0_baseline_P009_SB0.0,C:alpha=2.0;E:alpha=1.0;G:alpha=1.0;I:alpha=1.0;J:alpha=1.0,targeted_subsidy_0.0,0.7,1,1,3,0.88,0.635624,0.0,-420767.08,-0.012279,0,0,0,2,0
S0_baseline,S0_baseline_P009_SB0.0,C:alpha=2.0;E:alpha=1.0;G:alpha=1.0;I:alpha=1.0;J:alpha=1.0,targeted_subsidy_0.0,1.0,1,1,3,0.88,0.635624,0.0,-420767.08,-0.012279,0,0,0,2,0
S0_baseline,S0_baseline_P010_SB0.0,C:alpha=1.0;E:alpha=1.1;G:alpha=1.0;I:alpha=1.0;J:alpha=1.0,targeted_subsidy_0.0,0.2,0,0,30,0.92111782,0.637058,0.0,-211541.55,-0.006067,0,0,0,3,0
S0_baseline,S0_baseline_P010_SB0.0,C:alpha=1.0;E:alpha=1.1;G:alpha=1.0;I:alpha=1.0;J:alpha=1.0,targeted_subsidy_0.0,0.3,0,0,30,0.92111782,0.637058,0.0,-211541.55,-0.006067,0,0,0,3,0
S0_baseline,S0_baseline_P010_SB0.0,C:alpha=1.0;E:alpha=1.1;G:alpha=1.0;I:alpha=1.0;J:alpha=1.0,targeted_subsidy_0.0,0.5,0,0,30,0.92111782,0.736964,0.111573,232448.98,0.005929,0,1,0,1,0
S0_baseline,S0_baseline_P010_SB0.0,C:alpha=1.0;E:alpha=1.1;G:alpha=1.0;I:alpha=1.0;J:alpha=1.0,targeted_subsidy_0.0,0.7,0,0,30,0.92111782,0.736964,0.111573,232448.98,0.005929,0,1,0,1,0
S0_baseline,S0_baseline_P010_SB0.0,C:alpha=1.0;E:alpha=1.1;G:alpha=1.0;I:alpha=1.0;J:alpha=1.0,targeted_subsidy_0.0,1.0,0,0,30,0.92111782,0.736964,0.111573,232448.98,0.005929,0,1,0,1,0
S0_baseline,S0_baseline_P011_SB0.0,C:alpha=1.0;E:alpha=1.2;G:alpha=1.0;I:alpha=1.0;J:alpha=1.0,targeted_subsidy_0.0,0.2,1,1,3,0.92111782,0.637058,0.0,-211541.55,-0.006067,0,0,0,3,0
S0_baseline,S0_baseline_P011_SB0.0,C:alpha=1.0;E:alpha=1.2;G:alpha=1.0;I:alpha=1.0;J:alpha=1.0,targeted_subsidy_0.0,0.3,1,1,3,0.92111782,0.637058,0.0,-211541.55,-0.006067,0,0,0,3,0
S0_baseline,S0_baseline_P011_SB0.0,C:alpha=1.0;E:alpha=1.2;G:alpha=1.0;I:alpha=1.0;J:alpha=1.0,targeted_subsidy_0.0,0.5,1,1,3,0.92111782,0.637058,0.0,-211541.55,-0.006067,0,0,0,3,0
S0_baseline,S0_baseline_P011_SB0.0,C:alpha=1.0;E:alpha=1.2;G:alpha=1.0;I:alpha=1.0;J:alpha=1.0,targeted_subsidy_0.0,0.7,1,1,3,0.92111782,0.637058,0.0,-211541.55,-0.006067,0,0,0,3,0
S0_baseline,S0_baseline_P011_SB0.0,C:alpha=1.0;E:alpha=1.2;G:alpha=1.0;I:alpha=1.0;J:alpha=1.0,targeted_subsidy_0.0,1.0,1,1,3,0.92111782,0.637058,0.0,-211541.55,-0.006067,0,0,0,3,0
S0_baseline,S0_baseline_P012_SB0.0,C:alpha=1.0;E:alpha=1.3;G:alpha=1.0;I:alpha=1.0;J:alpha=1.0,targeted_subsidy_0.0,0.2,1,1,3,0.92111782,0.637058,0.0,-211541.55,-0.006067,0,0,0,3,0
S0_baseline,S0_baseline_P012_SB0.0,C:alpha=1.0;E:alpha=1.3;G:alpha=1.0;I:alpha=1.0;J:alpha=1.0,targeted_subsidy_0.0,0.3,1,1,3,0.92111782,0.637058,0.0,-211541.55,-0.006067,0,0,0,3,0
S0_baseline,S0_baseline_P012_SB0.0,C:alpha=1.0;E:alpha=1.3;G:alpha=1.0;I:alpha=1.0;J:alpha=1.0,targeted_subsidy_0.0,0.5,1,1,3,0.92111782,0.637058,0.0,-211541.55,-0.006067,0,0,0,3,0
S0_baseline,S0_baseline_P012_SB0.0,C:alpha=1.0;E:alpha=1.3;G:alpha=1.0;I:alpha=1.0;J:alpha=1.0,targeted_subsidy_0.0,0.7,1,1,3,0.92111782,0.637058,0.0,-211541.55,-0.006067,0,0,0,3,0
S0_baseline,S0_baseline_P012_SB0.0,C:alpha=1.0;E:alpha=1.3;G:alpha=1.0;I:alpha=1.0;J:alpha=1.0,targeted_subsidy_0.0,1.0,1,1,3,0.92111782,0.637058,0.0,-211541.55,-0.006067,0,0,0,3,0
S0_baseline,S0_baseline_P013_SB0.0,C:alpha=1.0;E:alpha=1.4;G:alpha=1.0;I:alpha=1.0;J:alpha=1.0,targeted_subsidy_0.0,0.2,1,1,3,0.92111782,0.637058,0.0,-211541.55,-0.006067,0,0,0,3,0
S0_baseline,S0_baseline_P013_SB0.0,C:alpha=1.0;E:alpha=1.4;G:alpha=1.0;I:alpha=1.0;J:alpha=1.0,targeted_subsidy_0.0,0.3,1,1,3,0.92111782,0.637058,0.0,-211541.55,-0.006067,0,0,0,3,0
S0_baseline,S0_baseline_P013_SB0.0,C:alpha=1.0;E:alpha=1.4;G:alpha=1.0;I:alpha=1.0;J:alpha=1.0,targeted_subsidy_0.0,0.5,1,1,3,0.92111782,0.637058,0.0,-211541.55,-0.006067,0,0,0,3,0
S0_baseline,S0_baseline_P013_SB0.0,C:alpha=1.0;E:alpha=1.4;G:alpha=1.0;I:alpha=1.0;J:alpha=1.0,targeted_subsidy_0.0,0.7,1,1,3,0.92111782,0.637058,0.0,-211541.55,-0.006067,0,0,0,3,0
S0_baseline,S0_baseline_P013_SB0.0,C:alpha=1.0;E:alpha=1.4;G:alpha=1.0;I:alpha=1.0;J:alpha=1.0,targeted_subsidy_0.0,1.0,1,1,3,0.92111782,0.637058,0.0,-211541.55,-0.006067,0,0,0,3,0
S0_baseline,S0_baseline_P014_SB0.0,C:alpha=1.0;E:alpha=1.5;G:alpha=1.0;I:alpha=1.0;J:alpha=1.0,targeted_subsidy_0.0,0.2,1,1,3,0.92111782,0.637058,0.0,-211541.55,-0.006067,0,0,0,3,0
S0_baseline,S0_baseline_P014_SB0.0,C:alpha=1.0;E:alpha=1.5;G:alpha=1.0;I:alpha=1.0;J:alpha=1.0,targeted_subsidy_0.0,0.3,1,1,3,0.92111782,0.637058,0.0,-211541.55,-0.006067,0,0,0,3,0
S0_baseline,S0_baseline_P014_SB0.0,C:alpha=1.0;E:alpha=1.5;G:alpha=1.0;I:alpha=1.0;J:alpha=1.0,targeted_subsidy_0.0,0.5,1,1,3,0.92111782,0.637058,0.0,-211541.55,-0.006067,0,0,0,3,0
S0_baseline,S0_baseline_P014_SB0.0,C:alpha=1.0;E:alpha=1.5;G:alpha=1.0;I:alpha=1.0;J:alpha=1.0,targeted_subsidy_0.0,0.7,1,1,3,0.92111782,0.637058,0.0,-211541.55,-0.006067,0,0,0,3,0
S0_baseline,S0_baseline_P014_SB0.0,C:alpha=1.0;E:alpha=1.5;G:alpha=1.0;I:alpha=1.0;J:alpha=1.0,targeted_subsidy_0.0,1.0,1,1,3,0.92111782,0.637058,0.0,-211541.55,-0.006067,0,0,0,3,0
S0_baseline,S0_baseline_P015_SB0.0,C:alpha=1.0;E:alpha=1.6;G:alpha=1.0;I:alpha=1.0;J:alpha=1.0,targeted_subsidy_0.0,0.2,1,1,3,0.92111782,0.637058,0.0,-211541.55,-0.006067,0,0,0,3,0
S0_baseline,S0_baseline_P015_SB0.0,C:alpha=1.0;E:alpha=1.6;G:alpha=1.0;I:alpha=1.0;J:alpha=1.0,targeted_subsidy_0.0,0.3,1,1,3,0.92111782,0.637058,0.0,-211541.55,-0.006067,0,0,0,3,0
S0_baseline,S0_baseline_P015_SB0.0,C:alpha=1.0;E:alpha=1.6;G:alpha=1.0;I:alpha=1.0;J:alpha=1.0,targeted_subsidy_0.0,0.5,1,1,3,0.92111782,0.637058,0.0,-211541.55,-0.006067,0,0,0,3,0
S0_baseline,S0_baseline_P015_SB0.0,C:alpha=1.0;E:alpha=1.6;G:alpha=1.0;I:alpha=1.0;J:alpha=1.0,targeted_subsidy_0.0,0.7,1,1,3,0.92111782,0.637058,0.0,-211541.55,-0.006067,0,0,0,3,0
S0_baseline,S0_baseline_P015_SB0.0,C:alpha=1.0;E:alpha=1.6;G:alpha=1.0;I:alpha=1.0;J:alpha=1.0,targeted_subsidy_0.0,1.0,1,1,3,0.92111782,0.637058,0.0,-211541.55,-0.006067,0,0,0,3,0
S0_baseline,S0_baseline_P016_SB0.0,C:alpha=1.0;E:alpha=1.8;G:alpha=1.0;I:alpha=1.0;J:alpha=1.0,targeted_subsidy_0.0,0.2,1,1,3,0.92111782,0.637058,0.0,-211541.55,-0.006067,0,0,0,3,0
S0_baseline,S0_baseline_P016_SB0.0,C:alpha=1.0;E:alpha=1.8;G:alpha=1.0;I:alpha=1.0;J:alpha=1.0,targeted_subsidy_0.0,0.3,1,1,3,0.92111782,0.637058,0.0,-211541.55,-0.006067,0,0,0,3,0
S0_baseline,S0_baseline_P016_SB0.0,C:alpha=1.0;E:alpha=1.8;G:alpha=1.0;I:alpha=1.0;J:alpha=1.0,targeted_subsidy_0.0,0.5,1,1,3,0.92111782,0.637058,0.0,-211541.55,-0.006067,0,0,0,3,0
S0_baseline,S0_baseline_P016_SB0.0,C:alpha=1.0;E:alpha=1.8;G:alpha=1.0;I:alpha=1.0;J:alpha=1.0,targeted_subsidy_0.0,0.7,1,1,3,0.92111782,0.637058,0.0,-211541.55,-0.006067,0,0,0,3,0
S0_baseline,S0_baseline_P016_SB0.0,C:alpha=1.0;E:alpha=1.8;G:alpha=1.0;I:alpha=1.0;J:alpha=1.0,targeted_subsidy_0.0,1.0,1,1,3,0.92111782,0.637058,0.0,-211541.55,-0.006067,0,0,0,3,0
S0_baseline,S0_baseline_P017_SB0.0,C:alpha=1.0;E:alpha=2.0;G:alpha=1.0;I:alpha=1.0;J:alpha=1.0,targeted_subsidy_0.0,0.2,1,1,3,0.92111782,0.637058,0.0,-211541.55,-0.006067,0,0,0,3,0
S0_baseline,S0_baseline_P017_SB0.0,C:alpha=1.0;E:alpha=2.0;G:alpha=1.0;I:alpha=1.0;J:alpha=1.0,targeted_subsidy_0.0,0.3,1,1,3,0.92111782,0.637058,0.0,-211541.55,-0.006067,0,0,0,3,0
S0_baseline,S0_baseline_P017_SB0.0,C:alpha=1.0;E:alpha=2.0;G:alpha=1.0;I:alpha=1.0;J:alpha=1.0,targeted_subsidy_0.0,0.5,1,1,3,0.92111782,0.637058,0.0,-211541.55,-0.006067,0,0,0,3,0
S0_baseline,S0_baseline_P017_SB0.0,C:alpha=1.0;E:alpha=2.0;G:alpha=1.0;I:alpha=1.0;J:alpha=1.0,targeted_subsidy_0.0,0.7,1,1,3,0.92111782,0.637058,0.0,-211541.55,-0.006067,0,0,0,3,0
S0_baseline,S0_baseline_P017_SB0.0,C:alpha=1.0;E:alpha=2.0;G:alpha=1.0;I:alpha=1.0;J:alpha=1.0,targeted_subsidy_0.0,1.0,1,1,3,0.92111782,0.637058,0.0,-211541.55,-0.006067,0,0,0,3,0
S0_baseline,S0_baseline_P018_SB0.0,C:alpha=1.0;E:alpha=1.0;G:alpha=1.1;I:alpha=1.0;J:alpha=1.0,targeted_subsidy_0.0,0.2,0,0,30,0.959,0.636977,0.055539,-285730.9,-0.008201,0,0,0,3,0
S0_baseline,S0_baseline_P018_SB0.0,C:alpha=1.0;E:alpha=1.0;G:alpha=1.1;I:alpha=1.0;J:alpha=1.0,targeted_subsidy_0.0,0.3,0,0,30,0.959,0.636977,0.055539,-285730.9,-0.008201,0,0,0,3,0
S0_baseline,S0_baseline_P018_SB0.0,C:alpha=1.0;E:alpha=1.0;G:alpha=1.1;I:alpha=1.0;J:alpha=1.0,targeted_subsidy_0.0,0.5,0,0,30,0.959,0.729449,0.132082,-199713.97,-0.005026,0,0,0,1,0
S0_baseline,S0_baseline_P018_SB0.0,C:alpha=1.0;E:alpha=1.0;G:alpha=1.1;I:alpha=1.0;J:alpha=1.0,targeted_subsidy_0.0,0.7,0,0,30,0.959,0.729449,0.132082,-199713.97,-0.005026,0,0,0,1,0
S0_baseline,S0_baseline_P018_SB0.0,C:alpha=1.0;E:alpha=1.0;G:alpha=1.1;I:alpha=1.0;J:alpha=1.0,targeted_subsidy_0.0,1.0,0,0,30,0.959,0.729449,0.132082,-199713.97,-0.005026,0,0,0,1,0
S0_baseline,S0_baseline_P019_SB0.0,C:alpha=1.0;E:alpha=1.0;G:alpha=1.2;I:alpha=1.0;J:alpha=1.0,targeted_subsidy_0.0,0.2,1,1,3,0.959,0.636977,0.055539,-285730.9,-0.008201,0,0,0,3,0
S0_baseline,S0_baseline_P019_SB0.0,C:alpha=1.0;E:alpha=1.0;G:alpha=1.2;I:alpha=1.0;J:alpha=1.0,targeted_subsidy_0.0,0.3,1,1,3,0.959,0.636977,0.055539,-285730.9,-0.008201,0,0,0,3,0
S0_baseline,S0_baseline_P019_SB0.0,C:alpha=1.0;E:alpha=1.0;G:alpha=1.2;I:alpha=1.0;J:alpha=1.0,targeted_subsidy_0.0,0.5,1,1,3,0.959,0.636977,0.055539,-285730.9,-0.008201,0,0,0,3,0
S0_baseline,S0_baseline_P019_SB0.0,C:alpha=1.0;E:alpha=1.0;G:alpha=1.2;I:alpha=1.0;J:alpha=1.0,targeted_subsidy_0.0,0.7,1,1,3,0.959,0.636977,0.055539,-285730.9,-0.008201,0,0,0,3,0
S0_baseline,S0_baseline_P019_SB0.0,C:alpha=1.0;E:alpha=1.0;G:alpha=1.2;I:alpha=1.0;J:alpha=1.0,targeted_subsidy_0.0,1.0,1,1,3,0.959,0.636977,0.055539,-285730.9,-0.008201,0,0,0,3,0
S0_baseline,S0_baseline_P020_SB0.0,C:alpha=1.0;E:alpha=1.0;G:alpha=1.3;I:alpha=1.0;J:alpha=1.0,targeted_subsidy_0.0,0.2,1,1,3,0.959,0.636977,0.055539,-285730.9,-0.008201,0,0,0,3,0
S0_baseline,S0_baseline_P020_SB0.0,C:alpha=1.0;E:alpha=1.0;G:alpha=1.3;I:alpha=1.0;J:alpha=1.0,targeted_subsidy_0.0,0.3,1,1,3,0.959,0.636977,0.055539,-285730.9,-0.008201,0,0,0,3,0
S0_baseline,S0_baseline_P020_SB0.0,C:alpha=1.0;E:alpha=1.0;G:alpha=1.3;I:alpha=1.0;J:alpha=1.0,targeted_subsidy_0.0,0.5,1,1,3,0.959,0.636977,0.055539,-285730.9,-0.008201,0,0,0,3,0
S0_baseline,S0_baseline_P020_SB0.0,C:alpha=1.0;E:alpha=1.0;G:alpha=1.3;I:alpha=1.0;J:alpha=1.0,targeted_subsidy_0.0,0.7,1,1,3,0.959,0.636977,0.055539,-285730.9,-0.008201,0,0,0,3,0
S0_baseline,S0_baseline_P020_SB0.0,C:alpha=1.0;E:alpha=1.0;G:alpha=1.3;I:alpha=1.0;J:alpha=1.0,targeted_subsidy_0.0,1.0,1,1,3,0.959,0.636977,0.055539,-285730.9,-0.008201,0,0,0,3,0
S0_baseline,S0_baseline_P021_SB0.0,C:alpha=1.0;E:alpha=1.0;G:alpha=1.4;I:alpha=1.0;J:alpha=1.0,targeted_subsidy_0.0,0.2,1,1,3,0.959,0.636977,0.055539,-285730.9,-0.008201,0,0,0,3,0
S0_baseline,S0_baseline_P021_SB0.0,C:alpha=1.0;E:alpha=1.0;G:alpha=1.4;I:alpha=1.0;J:alpha=1.0,targeted_subsidy_0.0,0.3,1,1,3,0.959,0.636977,0.055539,-285730.9,-0.008201,0,0,0,3,0
S0_baseline,S0_baseline_P021_SB0.0,C:alpha=1.0;E:alpha=1.0;G:alpha=1.4;I:alpha=1.0;J:alpha=1.0,targeted_subsidy_0.0,0.5,1,1,3,0.959,0.636977,0.055539,-285730.9,-0.008201,0,0,0,3,0
S0_baseline,S0_baseline_P021_SB0.0,C:alpha=1.0;E:alpha=1.0;G:alpha=1.4;I:alpha=1.0;J:alpha=1.0,targeted_subsidy_0.0,0.7,1,1,3,0.959,0.636977,0.055539,-285730.9,-0.008201,0,0,0,3,0
S0_baseline,S0_baseline_P021_SB0.0,C:alpha=1.0;E:alpha=1.0;G:alpha=1.4;I:alpha=1.0;J:alpha=1.0,targeted_subsidy_0.0,1.0,1,1,3,0.959,0.636977,0.055539,-285730.9,-0.008201,0,0,0,3,0
S0_baseline,S0_baseline_P022_SB0.0,C:alpha=1.0;E:alpha=1.0;G:alpha=1.5;I:alpha=1.0;J:alpha=1.0,targeted_subsidy_0.0,0.2,1,1,3,0.959,0.636977,0.055539,-285730.9,-0.008201,0,0,0,3,0
S0_baseline,S0_baseline_P022_SB0.0,C:alpha=1.0;E:alpha=1.0;G:alpha=1.5;I:alpha=1.0;J:alpha=1.0,targeted_subsidy_0.0,0.3,1,1,3,0.959,0.636977,0.055539,-285730.9,-0.008201,0,0,0,3,0
S0_baseline,S0_baseline_P022_SB0.0,C:alpha=1.0;E:alpha=1.0;G:alpha=1.5;I:alpha=1.0;J:alpha=1.0,targeted_subsidy_0.0,0.5,1,1,3,0.959,0.636977,0.055539,-285730.9,-0.008201,0,0,0,3,0
S0_baseline,S0_baseline_P022_SB0.0,C:alpha=1.0;E:alpha=1.0;G:alpha=1.5;I:alpha=1.0;J:alpha=1.0,targeted_subsidy_0.0,0.7,1,1,3,0.959,0.636977,0.055539,-285730.9,-0.008201,0,0,0,3,0
S0_baseline,S0_baseline_P022_SB0.0,C:alpha=1.0;E:alpha=1.0;G:alpha=1.5;I:alpha=1.0;J:alpha=1.0,targeted_subsidy_0.0,1.0,1,1,3,0.959,0.636977,0.055539,-285730.9,-0.008201,0,0,0,3,0
S0_baseline,S0_baseline_P023_SB0.0,C:alpha=1.0;E:alpha=1.0;G:alpha=1.6;I:alpha=1.0;J:alpha=1.0,targeted_subsidy_0.0,0.2,1,1,3,0.959,0.636977,0.055539,-285730.9,-0.008201,0,0,0,3,0
S0_baseline,S0_baseline_P023_SB0.0,C:alpha=1.0;E:alpha=1.0;G:alpha=1.6;I:alpha=1.0;J:alpha=1.0,targeted_subsidy_0.0,0.3,1,1,3,0.959,0.636977,0.055539,-285730.9,-0.008201,0,0,0,3,0
S0_baseline,S0_baseline_P023_SB0.0,C:alpha=1.0;E:alpha=1.0;G:alpha=1.6;I:alpha=1.0;J:alpha=1.0,targeted_subsidy_0.0,0.5,1,1,3,0.959,0.636977,0.055539,-285730.9,-0.008201,0,0,0,3,0
S0_baseline,S0_baseline_P023_SB0.0,C:alpha=1.0;E:alpha=1.0;G:alpha=1.6;I:alpha=1.0;J:alpha=1.0,targeted_subsidy_0.0,0.7,1,1,3,0.959,0.636977,0.055539,-285730.9,-0.008201,0,0,0,3,0
S0_baseline,S0_baseline_P023_SB0.0,C:alpha=1.0;E:alpha=1.0;G:alpha=1.6;I:alpha=1.0;J:alpha=1.0,targeted_subsidy_0.0,1.0,1,1,3,0.959,0.636977,0.055539,-285730.9,-0.008201,0,0,0,3,0
S0_baseline,S0_baseline_P024_SB0.0,C:alpha=1.0;E:alpha=1.0;G:alpha=1.8;I:alpha=1.0;J:alpha=1.0,targeted_subsidy_0.0,0.2,1,1,3,0.959,0.636977,0.055539,-285730.9,-0.008201,0,0,0,3,0
S0_baseline,S0_baseline_P024_SB0.0,C:alpha=1.0;E:alpha=1.0;G:alpha=1.8;I:alpha=1.0;J:alpha=1.0,targeted_subsidy_0.0,0.3,1,1,3,0.959,0.636977,0.055539,-285730.9,-0.008201,0,0,0,3,0
S0_baseline,S0_baseline_P024_SB0.0,C:alpha=1.0;E:alpha=1.0;G:alpha=1.8;I:alpha=1.0;J:alpha=1.0,targeted_subsidy_0.0,0.5,1,1,3,0.959,0.636977,0.055539,-285730.9,-0.008201,0,0,0,3,0
S0_baseline,S0_baseline_P024_SB0.0,C:alpha=1.0;E:alpha=1.0;G:alpha=1.8;I:alpha=1.0;J:alpha=1.0,targeted_subsidy_0.0,0.7,1,1,3,0.959,0.636977,0.055539,-285730.9,-0.008201,0,0,0,3,0
S0_baseline,S0_baseline_P024_SB0.0,C:alpha=1.0;E:alpha=1.0;G:alpha=1.8;I:alpha=1.0;J:alpha=1.0,targeted_subsidy_0.0,1.0,1,1,3,0.959,0.636977,0.055539,-285730.9,-0.008201,0,0,0,3,0
S0_baseline,S0_baseline_P025_SB0.0,C:alpha=1.0;E:alpha=1.0;G:alpha=2.0;I:alpha=1.0;J:alpha=1.0,targeted_subsidy_0.0,0.2,1,1,3,0.959,0.636977,0.055539,-285730.9,-0.008201,0,0,0,3,0
S0_baseline,S0_baseline_P025_SB0.0,C:alpha=1.0;E:alpha=1.0;G:alpha=2.0;I:alpha=1.0;J:alpha=1.0,targeted_subsidy_0.0,0.3,1,1,3,0.959,0.636977,0.055539,-285730.9,-0.008201,0,0,0,3,0
S0_baseline,S0_baseline_P025_SB0.0,C:alpha=1.0;E:alpha=1.0;G:alpha=2.0;I:alpha=1.0;J:alpha=1.0,targeted_subsidy_0.0,0.5,1,1,3,0.959,0.636977,0.055539,-285730.9,-0.008201,0,0,0,3,0
S0_baseline,S0_baseline_P025_SB0.0,C:alpha=1.0;E:alpha=1.0;G:alpha=2.0;I:alpha=1.0;J:alpha=1.0,targeted_subsidy_0.0,0.7,1,1,3,0.959,0.636977,0.055539,-285730.9,-0.008201,0,0,0,3,0
S0_baseline,S0_baseline_P025_SB0.0,C:alpha=1.0;E:alpha=1.0;G:alpha=2.0;I:alpha=1.0;J:alpha=1.0,targeted_subsidy_0.0,1.0,1,1,3,0.959,0.636977,0.055539,-285730.9,-0.008201,0,0,0,3,0
S0_baseline,S0_baseline_P026_SB0.0,C:alpha=1.0;E:alpha=1.0;G:alpha=1.0;I:alpha=1.1;J:alpha=1.0,targeted_subsidy_0.0,0.2,0,0,30,0.959,0.636908,0.0,-145806.59,-0.004307,0,0,0,4,0
S0_baseline,S0_baseline_P026_SB0.0,C:alpha=1.0;E:alpha=1.0;G:alpha=1.0;I:alpha=1.1;J:alpha=1.0,targeted_subsidy_0.0,0.3,0,0,30,0.959,0.636908,0.0,-145806.59,-0.004307,0,0,0,4,0
S0_baseline,S0_baseline_P026_SB0.0,C:alpha=1.0;E:alpha=1.0;G:alpha=1.0;I:alpha=1.1;J:alpha=1.0,targeted_subsidy_0.0,0.5,0,0,30,0.959,0.736299,0.247295,101053.89,0.002621,0,1,0,1,0
S0_baseline,S0_baseline_P026_SB0.0,C:alpha=1.0;E:alpha=1.0;G:alpha=1.0;I:alpha=1.1;J:alpha=1.0,targeted_subsidy_0.0,0.7,0,0,30,0.959,0.736299,0.247295,101053.89,0.002621,0,1,0,1,0
S0_baseline,S0_baseline_P026_SB0.0,C:alpha=1.0;E:alpha=1.0;G:alpha=1.0;I:alpha=1.1;J:alpha=1.0,targeted_subsidy_0.0,1.0,0,0,30,0.959,0.736299,0.247295,101053.89,0.002621,0,1,0,1,0
S0_baseline,S0_baseline_P027_SB0.0,C:alpha=1.0;E:alpha=1.0;G:alpha=1.0;I:alpha=1.2;J:alpha=1.0,targeted_subsidy_0.0,0.2,1,1,3,0.959,0.636908,0.0,-145806.59,-0.004307,0,0,0,4,0
S0_baseline,S0_baseline_P027_SB0.0,C:alpha=1.0;E:alpha=1.0;G:alpha=1.0;I:alpha=1.2;J:alpha=1.0,targeted_subsidy_0.0,0.3,1,1,3,0.959,0.636908,0.0,-145806.59,-0.004307,0,0,0,4,0
S0_baseline,S0_baseline_P027_SB0.0,C:alpha=1.0;E:alpha=1.0;G:alpha=1.0;I:alpha=1.2;J:alpha=1.0,targeted_subsidy_0.0,0.5,1,1,3,0.959,0.636908,0.0,-145806.59,-0.004307,0,0,0,4,0
S0_baseline,S0_baseline_P027_SB0.0,C:alpha=1.0;E:alpha=1.0;G:alpha=1.0;I:alpha=1.2;J:alpha=1.0,targeted_subsidy_0.0,0.7,1,1,3,0.959,0.636908,0.0,-145806.59,-0.004307,0,0,0,4,0
S0_baseline,S0_baseline_P027_SB0.0,C:alpha=1.0;E:alpha=1.0;G:alpha=1.0;I:alpha=1.2;J:alpha=1.0,targeted_subsidy_0.0,1.0,1,1,3,0.959,0.636908,0.0,-145806.59,-0.004307,0,0,0,4,0
S0_baseline,S0_baseline_P028_SB0.0,C:alpha=1.0;E:alpha=1.0;G:alpha=1.0;I:alpha=1.3;J:alpha=1.0,targeted_subsidy_0.0,0.2,1,1,3,0.959,0.636908,0.0,-145806.59,-0.004307,0,0,0,4,0
S0_baseline,S0_baseline_P028_SB0.0,C:alpha=1.0;E:alpha=1.0;G:alpha=1.0;I:alpha=1.3;J:alpha=1.0,targeted_subsidy_0.0,0.3,1,1,3,0.959,0.636908,0.0,-145806.59,-0.004307,0,0,0,4,0
S0_baseline,S0_baseline_P028_SB0.0,C:alpha=1.0;E:alpha=1.0;G:alpha=1.0;I:alpha=1.3;J:alpha=1.0,targeted_subsidy_0.0,0.5,1,1,3,0.959,0.636908,0.0,-145806.59,-0.004307,0,0,0,4,0
S0_baseline,S0_baseline_P028_SB0.0,C:alpha=1.0;E:alpha=1.0;G:alpha=1.0;I:alpha=1.3;J:alpha=1.0,targeted_subsidy_0.0,0.7,1,1,3,0.959,0.636908,0.0,-145806.59,-0.004307,0,0,0,4,0
S0_baseline,S0_baseline_P028_SB0.0,C:alpha=1.0;E:alpha=1.0;G:alpha=1.0;I:alpha=1.3;J:alpha=1.0,targeted_subsidy_0.0,1.0,1,1,3,0.959,0.636908,0.0,-145806.59,-0.004307,0,0,0,4,0
S0_baseline,S0_baseline_P029_SB0.0,C:alpha=1.0;E:alpha=1.0;G:alpha=1.0;I:alpha=1.4;J:alpha=1.0,targeted_subsidy_0.0,0.2,1,1,3,0.959,0.636908,0.0,-145806.59,-0.004307,0,0,0,4,0
S0_baseline,S0_baseline_P029_SB0.0,C:alpha=1.0;E:alpha=1.0;G:alpha=1.0;I:alpha=1.4;J:alpha=1.0,targeted_subsidy_0.0,0.3,1,1,3,0.959,0.636908,0.0,-145806.59,-0.004307,0,0,0,4,0
S0_baseline,S0_baseline_P029_SB0.0,C:alpha=1.0;E:alpha=1.0;G:alpha=1.0;I:alpha=1.4;J:alpha=1.0,targeted_subsidy_0.0,0.5,1,1,3,0.959,0.636908,0.0,-145806.59,-0.004307,0,0,0,4,0
S0_baseline,S0_baseline_P029_SB0.0,C:alpha=1.0;E:alpha=1.0;G:alpha=1.0;I:alpha=1.4;J:alpha=1.0,targeted_subsidy_0.0,0.7,1,1,3,0.959,0.636908,0.0,-145806.59,-0.004307,0,0,0,4,0
S0_baseline,S0_baseline_P029_SB0.0,C:alpha=1.0;E:alpha=1.0;G:alpha=1.0;I:alpha=1.4;J:alpha=1.0,targeted_subsidy_0.0,1.0,1,1,3,0.959,0.636908,0.0,-145806.59,-0.004307,0,0,0,4,0
S0_baseline,S0_baseline_P030_SB0.0,C:alpha=1.0;E:alpha=1.0;G:alpha=1.0;I:alpha=1.5;J:alpha=1.0,targeted_subsidy_0.0,0.2,1,1,3,0.959,0.636908,0.0,-145806.59,-0.004307,0,0,0,4,0
S0_baseline,S0_baseline_P030_SB0.0,C:alpha=1.0;E:alpha=1.0;G:alpha=1.0;I:alpha=1.5;J:alpha=1.0,targeted_subsidy_0.0,0.3,1,1,3,0.959,0.636908,0.0,-145806.59,-0.004307,0,0,0,4,0
S0_baseline,S0_baseline_P030_SB0.0,C:alpha=1.0;E:alpha=1.0;G:alpha=1.0;I:alpha=1.5;J:alpha=1.0,targeted_subsidy_0.0,0.5,1,1,3,0.959,0.636908,0.0,-145806.59,-0.004307,0,0,0,4,0
S0_baseline,S0_baseline_P030_SB0.0,C:alpha=1.0;E:alpha=1.0;G:alpha=1.0;I:alpha=1.5;J:alpha=1.0,targeted_subsidy_0.0,0.7,1,1,3,0.959,0.636908,0.0,-145806.59,-0.004307,0,0,0,4,0
S0_baseline,S0_baseline_P030_SB0.0,C:alpha=1.0;E:alpha=1.0;G:alpha=1.0;I:alpha=1.5;J:alpha=1.0,targeted_subsidy_0.0,1.0,1,1,3,0.959,0.636908,0.0,-145806.59,-0.004307,0,0,0,4,0
S0_baseline,S0_baseline_P031_SB0.0,C:alpha=1.0;E:alpha=1.0;G:alpha=1.0;I:alpha=1.6;J:alpha=1.0,targeted_subsidy_0.0,0.2,1,1,3,0.959,0.636908,0.0,-145806.59,-0.004307,0,0,0,4,0
S0_baseline,S0_baseline_P031_SB0.0,C:alpha=1.0;E:alpha=1.0;G:alpha=1.0;I:alpha=1.6;J:alpha=1.0,targeted_subsidy_0.0,0.3,1,1,3,0.959,0.636908,0.0,-145806.59,-0.004307,0,0,0,4,0
S0_baseline,S0_baseline_P031_SB0.0,C:alpha=1.0;E:alpha=1.0;G:alpha=1.0;I:alpha=1.6;J:alpha=1.0,targeted_subsidy_0.0,0.5,1,1,3,0.959,0.636908,0.0,-145806.59,-0.004307,0,0,0,4,0
S0_baseline,S0_baseline_P031_SB0.0,C:alpha=1.0;E:alpha=1.0;G:alpha=1.0;I:alpha=1.6;J:alpha=1.0,targeted_subsidy_0.0,0.7,1,1,3,0.959,0.636908,0.0,-145806.59,-0.004307,0,0,0,4,0
S0_baseline,S0_baseline_P031_SB0.0,C:alpha=1.0;E:alpha=1.0;G:alpha=1.0;I:alpha=1.6;J:alpha=1.0,targeted_subsidy_0.0,1.0,1,1,3,0.959,0.636908,0.0,-145806.59,-0.004307,0,0,0,4,0
S0_baseline,S0_baseline_P032_SB0.0,C:alpha=1.0;E:alpha=1.0;G:alpha=1.0;I:alpha=1.8;J:alpha=1.0,targeted_subsidy_0.0,0.2,1,1,3,0.959,0.636908,0.0,-145806.59,-0.004307,0,0,0,4,0
S0_baseline,S0_baseline_P032_SB0.0,C:alpha=1.0;E:alpha=1.0;G:alpha=1.0;I:alpha=1.8;J:alpha=1.0,targeted_subsidy_0.0,0.3,1,1,3,0.959,0.636908,0.0,-145806.59,-0.004307,0,0,0,4,0
S0_baseline,S0_baseline_P032_SB0.0,C:alpha=1.0;E:alpha=1.0;G:alpha=1.0;I:alpha=1.8;J:alpha=1.0,targeted_subsidy_0.0,0.5,1,1,3,0.959,0.636908,0.0,-145806.59,-0.004307,0,0,0,4,0
S0_baseline,S0_baseline_P032_SB0.0,C:alpha=1.0;E:alpha=1.0;G:alpha=1.0;I:alpha=1.8;J:alpha=1.0,targeted_subsidy_0.0,0.7,1,1,3,0.959,0.636908,0.0,-145806.59,-0.004307,0,0,0,4,0
S0_baseline,S0_baseline_P032_SB0.0,C:alpha=1.0;E:alpha=1.0;G:alpha=1.0;I:alpha=1.8;J:alpha=1.0,targeted_subsidy_0.0,1.0,1,1,3,0.959,0.636908,0.0,-145806.59,-0.004307,0,0,0,4,0
S0_baseline,S0_baseline_P033_SB0.0,C:alpha=1.0;E:alpha=1.0;G:alpha=1.0;I:alpha=2.0;J:alpha=1.0,targeted_subsidy_0.0,0.2,1,1,3,0.959,0.636908,0.0,-145806.59,-0.004307,0,0,0,4,0
S0_baseline,S0_baseline_P033_SB0.0,C:alpha=1.0;E:alpha=1.0;G:alpha=1.0;I:alpha=2.0;J:alpha=1.0,targeted_subsidy_0.0,0.3,1,1,3,0.959,0.636908,0.0,-145806.59,-0.004307,0,0,0,4,0
S0_baseline,S0_baseline_P033_SB0.0,C:alpha=1.0;E:alpha=1.0;G:alpha=1.0;I:alpha=2.0;J:alpha=1.0,targeted_subsidy_0.0,0.5,1,1,3,0.959,0.636908,0.0,-145806.59,-0.004307,0,0,0,4,0
S0_baseline,S0_baseline_P033_SB0.0,C:alpha=1.0;E:alpha=1.0;G:alpha=1.0;I:alpha=2.0;J:alpha=1.0,targeted_subsidy_0.0,0.7,1,1,3,0.959,0.636908,0.0,-145806.59,-0.004307,0,0,0,4,0
S0_baseline,S0_baseline_P033_SB0.0,C:alpha=1.0;E:alpha=1.0;G:alpha=1.0;I:alpha=2.0;J:alpha=1.0,targeted_subsidy_0.0,1.0,1,1,3,0.959,0.636908,0.0,-145806.59,-0.004307,0,0,0,4,0
S0_baseline,S0_baseline_P034_SB0.0,C:alpha=1.0;E:alpha=1.0;G:alpha=1.0;I:alpha=1.0;J:alpha=1.1,targeted_subsidy_0.0,0.2,0,0,30,0.90248436,0.636962,0.0,122115.77,0.003588,1,1,1,5,0
S0_baseline,S0_baseline_P034_SB0.0,C:alpha=1.0;E:alpha=1.0;G:alpha=1.0;I:alpha=1.0;J:alpha=1.1,targeted_subsidy_0.0,0.3,0,0,30,0.90248436,0.759125,0.050372,1949450.04,0.0497,0,1,0,2,0
S0_baseline,S0_baseline_P034_SB0.0,C:alpha=1.0;E:alpha=1.0;G:alpha=1.0;I:alpha=1.0;J:alpha=1.1,targeted_subsidy_0.0,0.5,0,0,30,0.90248436,0.759125,0.050372,1949450.04,0.0497,0,1,0,2,0
S0_baseline,S0_baseline_P034_SB0.0,C:alpha=1.0;E:alpha=1.0;G:alpha=1.0;I:alpha=1.0;J:alpha=1.1,targeted_subsidy_0.0,0.7,0,0,30,0.90248436,0.759125,0.050372,1949450.04,0.0497,0,1,0,2,0
S0_baseline,S0_baseline_P034_SB0.0,C:alpha=1.0;E:alpha=1.0;G:alpha=1.0;I:alpha=1.0;J:alpha=1.1,targeted_subsidy_0.0,1.0,0,0,30,0.90248436,0.504542,0.0,-907743.41,-0.031891,0,0,0,4,0
S0_baseline,S0_baseline_P035_SB0.0,C:alpha=1.0;E:alpha=1.0;G:alpha=1.0;I:alpha=1.0;J:alpha=1.2,targeted_subsidy_0.0,0.2,0,0,30,0.86,0.503641,0.0,-563885.79,-0.019937,0,0,0,4,0
S0_baseline,S0_baseline_P035_SB0.0,C:alpha=1.0;E:alpha=1.0;G:alpha=1.0;I:alpha=1.0;J:alpha=1.2,targeted_subsidy_0.0,0.3,0,0,30,0.86,0.503641,0.0,-563885.79,-0.019937,0,0,0,4,0
S0_baseline,S0_baseline_P035_SB0.0,C:alpha=1.0;E:alpha=1.0;G:alpha=1.0;I:alpha=1.0;J:alpha=1.2,targeted_subsidy_0.0,0.5,0,0,30,0.86,0.503641,0.0,-563885.79,-0.019937,0,0,0,4,0
S0_baseline,S0_baseline_P035_SB0.0,C:alpha=1.0;E:alpha=1.0;G:alpha=1.0;I:alpha=1.0;J:alpha=1.2,targeted_subsidy_0.0,0.7,0,0,30,0.86,0.503641,0.0,-563885.79,-0.019937,0,0,0,4,0
S0_baseline,S0_baseline_P035_SB0.0,C:alpha=1.0;E:alpha=1.0;G:alpha=1.0;I:alpha=1.0;J:alpha=1.2,targeted_subsidy_0.0,1.0,0,0,30,0.86,0.632227,0.0,871553.41,0.025857,1,1,1,5,0
S0_baseline,S0_baseline_P036_SB0.0,C:alpha=1.0;E:alpha=1.0;G:alpha=1.0;I:alpha=1.0;J:alpha=1.3,targeted_subsidy_0.0,0.2,0,0,30,0.86,0.502763,0.0,-252834.25,-0.008988,0,0,0,4,0
S0_baseline,S0_baseline_P036_SB0.0,C:alpha=1.0;E:alpha=1.0;G:alpha=1.0;I:alpha=1.0;J:alpha=1.3,targeted_subsidy_0.0,0.3,0,0,30,0.86,0.502763,0.0,-252834.25,-0.008988,0,0,0,4,0
S0_baseline,S0_baseline_P036_SB0.0,C:alpha=1.0;E:alpha=1.0;G:alpha=1.0;I:alpha=1.0;J:alpha=1.3,targeted_subsidy_0.0,0.5,0,0,30,0.86,0.502763,0.0,-252834.25,-0.008988,0,0,0,4,0
S0_baseline,S0_baseline_P036_SB0.0,C:alpha=1.0;E:alpha=1.0;G:alpha=1.0;I:alpha=1.0;J:alpha=1.3,targeted_subsidy_0.0,0.7,0,0,30,0.86,0.502763,0.0,-252834.25,-0.008988,0,0,0,4,0
S0_baseline,S0_baseline_P036_SB0.0,C:alpha=1.0;E:alpha=1.0;G:alpha=1.0;I:alpha=1.0;J:alpha=1.3,targeted_subsidy_0.0,1.0,0,0,30,0.86,0.631253,0.0,1764515.14,0.052784,0,1,0,4,0
S0_baseline,S0_baseline_P037_SB0.0,C:alpha=1.0;E:alpha=1.0;G:alpha=1.0;I:alpha=1.0;J:alpha=1.4,targeted_subsidy_0.0,0.2,0,0,30,0.86,0.502005,0.0,38548.79,0.001377,0,1,0,4,0
S0_baseline,S0_baseline_P037_SB0.0,C:alpha=1.0;E:alpha=1.0;G:alpha=1.0;I:alpha=1.0;J:alpha=1.4,targeted_subsidy_0.0,0.3,0,0,30,0.86,0.502005,0.0,38548.79,0.001377,0,1,0,4,0
S0_baseline,S0_baseline_P037_SB0.0,C:alpha=1.0;E:alpha=1.0;G:alpha=1.0;I:alpha=1.0;J:alpha=1.4,targeted_subsidy_0.0,0.5,0,0,30,0.86,0.502005,0.0,38548.79,0.001377,0,1,0,4,0
S0_baseline,S0_baseline_P037_SB0.0,C:alpha=1.0;E:alpha=1.0;G:alpha=1.0;I:alpha=1.0;J:alpha=1.4,targeted_subsidy_0.0,0.7,0,0,30,0.86,0.502005,0.0,38548.79,0.001377,0,1,0,4,0
S0_baseline,S0_baseline_P037_SB0.0,C:alpha=1.0;E:alpha=1.0;G:alpha=1.0;I:alpha=1.0;J:alpha=1.4,targeted_subsidy_0.0,1.0,0,0,30,0.86,0.63041,0.0,2617807.1,0.078872,0,1,0,4,0
S0_baseline,S0_baseline_P038_SB0.0,C:alpha=1.0;E:alpha=1.0;G:alpha=1.0;I:alpha=1.0;J:alpha=1.5,targeted_subsidy_0.0,0.2,0,0,30,0.86,0.501344,0.0,314196.25,0.011268,1,1,1,5,0
S0_baseline,S0_baseline_P038_SB0.0,C:alpha=1.0;E:alpha=1.0;G:alpha=1.0;I:alpha=1.0;J:alpha=1.5,targeted_subsidy_0.0,0.3,0,0,30,0.86,0.501344,0.0,314196.25,0.011268,1,1,1,5,0
S0_baseline,S0_baseline_P038_SB0.0,C:alpha=1.0;E:alpha=1.0;G:alpha=1.0;I:alpha=1.0;J:alpha=1.5,targeted_subsidy_0.0,0.5,0,0,30,0.86,0.501344,0.0,314196.25,0.011268,1,1,1,5,0
S0_baseline,S0_baseline_P038_SB0.0,C:alpha=1.0;E:alpha=1.0;G:alpha=1.0;I:alpha=1.0;J:alpha=1.5,targeted_subsidy_0.0,0.7,0,0,30,0.86,0.501344,0.0,314196.25,0.011268,1,1,1,5,0
S0_baseline,S0_baseline_P038_SB0.0,C:alpha=1.0;E:alpha=1.0;G:alpha=1.0;I:alpha=1.0;J:alpha=1.5,targeted_subsidy_0.0,1.0,0,0,30,0.86,0.629671,0.0,3439365.67,0.104274,0,0,0,4,0
S0_baseline,S0_baseline_P039_SB0.0,C:alpha=1.0;E:alpha=1.0;G:alpha=1.0;I:alpha=1.0;J:alpha=1.6,targeted_subsidy_0.0,0.2,0,0,30,0.86,0.500764,0.0,577057.91,0.020769,0,1,0,4,0
S0_baseline,S0_baseline_P039_SB0.0,C:alpha=1.0;E:alpha=1.0;G:alpha=1.0;I:alpha=1.0;J:alpha=1.6,targeted_subsidy_0.0,0.3,0,0,30,0.86,0.500764,0.0,577057.91,0.020769,0,1,0,4,0
S0_baseline,S0_baseline_P039_SB0.0,C:alpha=1.0;E:alpha=1.0;G:alpha=1.0;I:alpha=1.0;J:alpha=1.6,targeted_subsidy_0.0,0.5,0,0,30,0.86,0.500764,0.0,577057.91,0.020769,0,1,0,4,0
S0_baseline,S0_baseline_P039_SB0.0,C:alpha=1.0;E:alpha=1.0;G:alpha=1.0;I:alpha=1.0;J:alpha=1.6,targeted_subsidy_0.0,0.7,0,0,30,0.86,0.500764,0.0,577057.91,0.020769,0,1,0,4,0
S0_baseline,S0_baseline_P039_SB0.0,C:alpha=1.0;E:alpha=1.0;G:alpha=1.0;I:alpha=1.0;J:alpha=1.6,targeted_subsidy_0.0,1.0,0,0,30,0.86,0.62902,0.0,4235142.73,0.129107,0,0,0,4,0
S0_baseline,S0_baseline_P040_SB0.0,C:alpha=1.0;E:alpha=1.0;G:alpha=1.0;I:alpha=1.0;J:alpha=1.8,targeted_subsidy_0.0,0.2,0,0,30,0.86,0.49979,0.0,1072945.84,0.038848,0,1,0,4,0
S0_baseline,S0_baseline_P040_SB0.0,C:alpha=1.0;E:alpha=1.0;G:alpha=1.0;I:alpha=1.0;J:alpha=1.8,targeted_subsidy_0.0,0.3,0,0,30,0.86,0.49979,0.0,1072945.84,0.038848,0,1,0,4,0
S0_baseline,S0_baseline_P040_SB0.0,C:alpha=1.0;E:alpha=1.0;G:alpha=1.0;I:alpha=1.0;J:alpha=1.8,targeted_subsidy_0.0,0.5,0,0,30,0.86,0.49979,0.0,1072945.84,0.038848,0,1,0,4,0
S0_baseline,S0_baseline_P040_SB0.0,C:alpha=1.0;E:alpha=1.0;G:alpha=1.0;I:alpha=1.0;J:alpha=1.8,targeted_subsidy_0.0,0.7,0,0,30,0.86,0.49979,0.0,1072945.84,0.038848,0,1,0,4,0
S0_baseline,S0_baseline_P040_SB0.0,C:alpha=1.0;E:alpha=1.0;G:alpha=1.0;I:alpha=1.0;J:alpha=1.8,targeted_subsidy_0.0,1.0,0,0,30,0.86,0.627698,0.0,5729350.66,0.176542,0,0,0,4,0
S0_baseline,S0_baseline_P041_SB0.0,C:alpha=1.0;E:alpha=1.0;G:alpha=1.0;I:alpha=1.0;J:alpha=2.0,targeted_subsidy_0.0,0.2,1,1,3,0.86,0.62573,0.0,6972591.01,0.218002,0,0,0,4,0
S0_baseline,S0_baseline_P041_SB0.0,C:alpha=1.0;E:alpha=1.0;G:alpha=1.0;I:alpha=1.0;J:alpha=2.0,targeted_subsidy_0.0,0.3,1,1,3,0.86,0.62573,0.0,6972591.01,0.218002,0,0,0,4,0
S0_baseline,S0_baseline_P041_SB0.0,C:alpha=1.0;E:alpha=1.0;G:alpha=1.0;I:alpha=1.0;J:alpha=2.0,targeted_subsidy_0.0,0.5,1,1,3,0.86,0.62573,0.0,6972591.01,0.218002,0,0,0,4,0
S0_baseline,S0_baseline_P041_SB0.0,C:alpha=1.0;E:alpha=1.0;G:alpha=1.0;I:alpha=1.0;J:alpha=2.0,targeted_subsidy_0.0,0.7,1,1,3,0.86,0.62573,0.0,6972591.01,0.218002,0,0,0,4,0
S0_baseline,S0_baseline_P041_SB0.0,C:alpha=1.0;E:alpha=1.0;G:alpha=1.0;I:alpha=1.0;J:alpha=2.0,targeted_subsidy_0.0,1.0,1,1,3,0.86,0.62573,0.0,6972591.01,0.218002,0,0,0,4,0
S0_baseline,S0_baseline_P042_SB0.0,C:alpha=1.1;E:alpha=1.1;G:alpha=1.0;I:alpha=1.0;J:alpha=1.0,targeted_subsidy_0.0,0.2,0,0,30,0.959,0.637831,0.094353,94497.9,0.002739,0,1,0,2,0
S0_baseline,S0_baseline_P042_SB0.0,C:alpha=1.1;E:alpha=1.1;G:alpha=1.0;I:alpha=1.0;J:alpha=1.0,targeted_subsidy_0.0,0.3,0,0,30,0.959,0.530501,0.0,-1095002.66,-0.037889,0,0,0,3,0
S0_baseline,S0_baseline_P042_SB0.0,C:alpha=1.1;E:alpha=1.1;G:alpha=1.0;I:alpha=1.0;J:alpha=1.0,targeted_subsidy_0.0,0.5,0,0,30,0.959,0.734886,0.321313,594787.04,0.014806,0,1,0,1,0
S0_baseline,S0_baseline_P042_SB0.0,C:alpha=1.1;E:alpha=1.1;G:alpha=1.0;I:alpha=1.0;J:alpha=1.0,targeted_subsidy_0.0,0.7,0,0,30,0.959,0.734886,0.321313,594787.04,0.014806,0,1,0,1,0
S0_baseline,S0_baseline_P042_SB0.0,C:alpha=1.1;E:alpha=1.1;G:alpha=1.0;I:alpha=1.0;J:alpha=1.0,targeted_subsidy_0.0,1.0,0,0,30,0.959,0.734886,0.321313,594787.04,0.014806,0,1,0,1,0
S0_baseline,S0_baseline_P043_SB0.0,C:alpha=1.1;E:alpha=1.2;G:alpha=1.0;I:alpha=1.0;J:alpha=1.0,targeted_subsidy_0.0,0.2,0,0,30,0.959,0.530501,0.0,-1095002.66,-0.037889,0,0,0,3,0
S0_baseline,S0_baseline_P043_SB0.0,C:alpha=1.1;E:alpha=1.2;G:alpha=1.0;I:alpha=1.0;J:alpha=1.0,targeted_subsidy_0.0,0.3,0,0,30,0.959,0.530501,0.0,-1095002.66,-0.037889,0,0,0,3,0
S0_baseline,S0_baseline_P043_SB0.0,C:alpha=1.1;E:alpha=1.2;G:alpha=1.0;I:alpha=1.0;J:alpha=1.0,targeted_subsidy_0.0,0.5,0,0,30,0.959,0.637831,0.094353,94497.9,0.002739,0,1,0,2,0
S0_baseline,S0_baseline_P043_SB0.0,C:alpha=1.1;E:alpha=1.2;G:alpha=1.0;I:alpha=1.0;J:alpha=1.0,targeted_subsidy_0.0,0.7,0,0,30,0.959,0.637831,0.094353,94497.9,0.002739,0,1,0,2,0
S0_baseline,S0_baseline_P043_SB0.0,C:alpha=1.1;E:alpha=1.2;G:alpha=1.0;I:alpha=1.0;J:alpha=1.0,targeted_subsidy_0.0,1.0,0,0,30,0.959,0.637831,0.094353,94497.9,0.002739,0,1,0,2,0
S0_baseline,S0_baseline_P044_SB0.0,C:alpha=1.1;E:alpha=1.3;G:alpha=1.0;I:alpha=1.0;J:alpha=1.0,targeted_subsidy_0.0,0.2,0,0,30,0.959,0.530501,0.0,-1095002.66,-0.037889,0,0,0,3,0
S0_baseline,S0_baseline_P044_SB0.0,C:alpha=1.1;E:alpha=1.3;G:alpha=1.0;I:alpha=1.0;J:alpha=1.0,targeted_subsidy_0.0,0.3,0,0,30,0.959,0.530501,0.0,-1095002.66,-0.037889,0,0,0,3,0
S0_baseline,S0_baseline_P044_SB0.0,C:alpha=1.1;E:alpha=1.3;G:alpha=1.0;I:alpha=1.0;J:alpha=1.0,targeted_subsidy_0.0,0.5,0,0,30,0.959,0.637831,0.094353,94497.9,0.002739,0,1,0,2,0
S0_baseline,S0_baseline_P044_SB0.0,C:alpha=1.1;E:alpha=1.3;G:alpha=1.0;I:alpha=1.0;J:alpha=1.0,targeted_subsidy_0.0,0.7,0,0,30,0.959,0.637831,0.094353,94497.9,0.002739,0,1,0,2,0
S0_baseline,S0_baseline_P044_SB0.0,C:alpha=1.1;E:alpha=1.3;G:alpha=1.0;I:alpha=1.0;J:alpha=1.0,targeted_subsidy_0.0,1.0,0,0,30,0.959,0.637831,0.094353,94497.9,0.002739,0,1,0,2,0
S0_baseline,S0_baseline_P045_SB0.0,C:alpha=1.1;E:alpha=1.4;G:alpha=1.0;I:alpha=1.0;J:alpha=1.0,targeted_subsidy_0.0,0.2,0,0,30,0.959,0.530501,0.0,-1095002.66,-0.037889,0,0,0,3,0
S0_baseline,S0_baseline_P045_SB0.0,C:alpha=1.1;E:alpha=1.4;G:alpha=1.0;I:alpha=1.0;J:alpha=1.0,targeted_subsidy_0.0,0.3,0,0,30,0.959,0.530501,0.0,-1095002.66,-0.037889,0,0,0,3,0
S0_baseline,S0_baseline_P045_SB0.0,C:alpha=1.1;E:alpha=1.4;G:alpha=1.0;I:alpha=1.0;J:alpha=1.0,targeted_subsidy_0.0,0.5,0,0,30,0.959,0.637831,0.094353,94497.9,0.002739,0,1,0,2,0
S0_baseline,S0_baseline_P045_SB0.0,C:alpha=1.1;E:alpha=1.4;G:alpha=1.0;I:alpha=1.0;J:alpha=1.0,targeted_subsidy_0.0,0.7,0,0,30,0.959,0.637831,0.094353,94497.9,0.002739,0,1,0,2,0
S0_baseline,S0_baseline_P045_SB0.0,C:alpha=1.1;E:alpha=1.4;G:alpha=1.0;I:alpha=1.0;J:alpha=1.0,targeted_subsidy_0.0,1.0,0,0,30,0.959,0.637831,0.094353,94497.9,0.002739,0,1,0,2,0
S0_baseline,S0_baseline_P046_SB0.0,C:alpha=1.1;E:alpha=1.5;G:alpha=1.0;I:alpha=1.0;J:alpha=1.0,targeted_subsidy_0.0,0.2,0,0,30,0.959,0.530501,0.0,-1095002.66,-0.037889,0,0,0,3,0
S0_baseline,S0_baseline_P046_SB0.0,C:alpha=1.1;E:alpha=1.5;G:alpha=1.0;I:alpha=1.0;J:alpha=1.0,targeted_subsidy_0.0,0.3,0,0,30,0.959,0.530501,0.0,-1095002.66,-0.037889,0,0,0,3,0
S0_baseline,S0_baseline_P046_SB0.0,C:alpha=1.1;E:alpha=1.5;G:alpha=1.0;I:alpha=1.0;J:alpha=1.0,targeted_subsidy_0.0,0.5,0,0,30,0.959,0.637831,0.094353,94497.9,0.002739,0,1,0,2,0
S0_baseline,S0_baseline_P046_SB0.0,C:alpha=1.1;E:alpha=1.5;G:alpha=1.0;I:alpha=1.0;J:alpha=1.0,targeted_subsidy_0.0,0.7,0,0,30,0.959,0.637831,0.094353,94497.9,0.002739,0,1,0,2,0
S0_baseline,S0_baseline_P046_SB0.0,C:alpha=1.1;E:alpha=1.5;G:alpha=1.0;I:alpha=1.0;J:alpha=1.0,targeted_subsidy_0.0,1.0,0,0,30,0.959,0.637831,0.094353,94497.9,0.002739,0,1,0,2,0
S0_baseline,S0_baseline_P047_SB0.0,C:alpha=1.1;E:alpha=1.6;G:alpha=1.0;I:alpha=1.0;J:alpha=1.0,targeted_subsidy_0.0,0.2,0,0,30,0.959,0.530501,0.0,-1095002.66,-0.037889,0,0,0,3,0
S0_baseline,S0_baseline_P047_SB0.0,C:alpha=1.1;E:alpha=1.6;G:alpha=1.0;I:alpha=1.0;J:alpha=1.0,targeted_subsidy_0.0,0.3,0,0,30,0.959,0.530501,0.0,-1095002.66,-0.037889,0,0,0,3,0
S0_baseline,S0_baseline_P047_SB0.0,C:alpha=1.1;E:alpha=1.6;G:alpha=1.0;I:alpha=1.0;J:alpha=1.0,targeted_subsidy_0.0,0.5,0,0,30,0.959,0.637831,0.094353,94497.9,0.002739,0,1,0,2,0
S0_baseline,S0_baseline_P047_SB0.0,C:alpha=1.1;E:alpha=1.6;G:alpha=1.0;I:alpha=1.0;J:alpha=1.0,targeted_subsidy_0.0,0.7,0,0,30,0.959,0.637831,0.094353,94497.9,0.002739,0,1,0,2,0
S0_baseline,S0_baseline_P047_SB0.0,C:alpha=1.1;E:alpha=1.6;G:alpha=1.0;I:alpha=1.0;J:alpha=1.0,targeted_subsidy_0.0,1.0,0,0,30,0.959,0.637831,0.094353,94497.9,0.002739,0,1,0,2,0
S0_baseline,S0_baseline_P048_SB0.0,C:alpha=1.1;E:alpha=1.8;G:alpha=1.0;I:alpha=1.0;J:alpha=1.0,targeted_subsidy_0.0,0.2,0,0,30,0.959,0.530501,0.0,-1095002.66,-0.037889,0,0,0,3,0
S0_baseline,S0_baseline_P048_SB0.0,C:alpha=1.1;E:alpha=1.8;G:alpha=1.0;I:alpha=1.0;J:alpha=1.0,targeted_subsidy_0.0,0.3,0,0,30,0.959,0.530501,0.0,-1095002.66,-0.037889,0,0,0,3,0
S0_baseline,S0_baseline_P048_SB0.0,C:alpha=1.1;E:alpha=1.8;G:alpha=1.0;I:alpha=1.0;J:alpha=1.0,targeted_subsidy_0.0,0.5,0,0,30,0.959,0.637831,0.094353,94497.9,0.002739,0,1,0,2,0
S0_baseline,S0_baseline_P048_SB0.0,C:alpha=1.1;E:alpha=1.8;G:alpha=1.0;I:alpha=1.0;J:alpha=1.0,targeted_subsidy_0.0,0.7,0,0,30,0.959,0.637831,0.094353,94497.9,0.002739,0,1,0,2,0
S0_baseline,S0_baseline_P048_SB0.0,C:alpha=1.1;E:alpha=1.8;G:alpha=1.0;I:alpha=1.0;J:alpha=1.0,targeted_subsidy_0.0,1.0,0,0,30,0.959,0.637831,0.094353,94497.9,0.002739,0,1,0,2,0
S0_baseline,S0_baseline_P049_SB0.0,C:alpha=1.1;E:alpha=2.0;G:alpha=1.0;I:alpha=1.0;J:alpha=1.0,targeted_subsidy_0.0,0.2,0,0,30,0.959,0.530501,0.0,-1095002.66,-0.037889,0,0,0,3,0
S0_baseline,S0_baseline_P049_SB0.0,C:alpha=1.1;E:alpha=2.0;G:alpha=1.0;I:alpha=1.0;J:alpha=1.0,targeted_subsidy_0.0,0.3,0,0,30,0.959,0.530501,0.0,-1095002.66,-0.037889,0,0,0,3,0
S0_baseline,S0_baseline_P049_SB0.0,C:alpha=1.1;E:alpha=2.0;G:alpha=1.0;I:alpha=1.0;J:alpha=1.0,targeted_subsidy_0.0,0.5,0,0,30,0.959,0.637831,0.094353,94497.9,0.002739,0,1,0,2,0
S0_baseline,S0_baseline_P049_SB0.0,C:alpha=1.1;E:alpha=2.0;G:alpha=1.0;I:alpha=1.0;J:alpha=1.0,targeted_subsidy_0.0,0.7,0,0,30,0.959,0.637831,0.094353,94497.9,0.002739,0,1,0,2,0
S0_baseline,S0_baseline_P049_SB0.0,C:alpha=1.1;E:alpha=2.0;G:alpha=1.0;I:alpha=1.0;J:alpha=1.0,targeted_subsidy_0.0,1.0,0,0,30,0.959,0.637831,0.094353,94497.9,0.002739,0,1,0,2,0
S0_baseline,S0_baseline_P050_SB0.0,C:alpha=1.2;E:alpha=1.1;G:alpha=1.0;I:alpha=1.0;J:alpha=1.0,targeted_subsidy_0.0,0.2,0,0,30,0.959,0.530501,0.0,-1095002.66,-0.037889,0,0,0,3,0
S0_baseline,S0_baseline_P050_SB0.0,C:alpha=1.2;E:alpha=1.1;G:alpha=1.0;I:alpha=1.0;J:alpha=1.0,targeted_subsidy_0.0,0.3,0,0,30,0.959,0.530501,0.0,-1095002.66,-0.037889,0,0,0,3,0
S0_baseline,S0_baseline_P050_SB0.0,C:alpha=1.2;E:alpha=1.1;G:alpha=1.0;I:alpha=1.0;J:alpha=1.0,targeted_subsidy_0.0,0.5,0,0,30,0.959,0.636262,0.0,-184562.38,-0.005313,0,0,0,1,0
S0_baseline,S0_baseline_P050_SB0.0,C:alpha=1.2;E:alpha=1.1;G:alpha=1.0;I:alpha=1.0;J:alpha=1.0,targeted_subsidy_0.0,0.7,0,0,30,0.959,0.636262,0.0,-184562.38,-0.005313,0,0,0,1,0
S0_baseline,S0_baseline_P050_SB0.0,C:alpha=1.2;E:alpha=1.1;G:alpha=1.0;I:alpha=1.0;J:alpha=1.0,targeted_subsidy_0.0,1.0,0,0,30,0.959,0.636262,0.0,-184562.38,-0.005313,0,0,0,1,0
S0_baseline,S0_baseline_P051_SB0.0,C:alpha=1.2;E:alpha=1.2;G:alpha=1.0;I:alpha=1.0;J:alpha=1.0,targeted_subsidy_0.0,0.2,1,1,3,0.959,0.530501,0.0,-1095002.66,-0.037889,0,0,0,3,0
S0_baseline,S0_baseline_P051_SB0.0,C:alpha=1.2;E:alpha=1.2;G:alpha=1.0;I:alpha=1.0;J:alpha=1.0,targeted_subsidy_0.0,0.3,1,1,3,0.959,0.530501,0.0,-1095002.66,-0.037889,0,0,0,3,0
S0_baseline,S0_baseline_P051_SB0.0,C:alpha=1.2;E:alpha=1.2;G:alpha=1.0;I:alpha=1.0;J:alpha=1.0,targeted_subsidy_0.0,0.5,1,1,3,0.959,0.530501,0.0,-1095002.66,-0.037889,0,0,0,3,0
S0_baseline,S0_baseline_P051_SB0.0,C:alpha=1.2;E:alpha=1.2;G:alpha=1.0;I:alpha=1.0;J:alpha=1.0,targeted_subsidy_0.0,0.7,1,1,3,0.959,0.530501,0.0,-1095002.66,-0.037889,0,0,0,3,0
S0_baseline,S0_baseline_P051_SB0.0,C:alpha=1.2;E:alpha=1.2;G:alpha=1.0;I:alpha=1.0;J:alpha=1.0,targeted_subsidy_0.0,1.0,1,1,3,0.959,0.530501,0.0,-1095002.66,-0.037889,0,0,0,3,0
S0_baseline,S0_baseline_P052_SB0.0,C:alpha=1.2;E:alpha=1.3;G:alpha=1.0;I:alpha=1.0;J:alpha=1.0,targeted_subsidy_0.0,0.2,1,1,3,0.959,0.530501,0.0,-1095002.66,-0.037889,0,0,0,3,0
S0_baseline,S0_baseline_P052_SB0.0,C:alpha=1.2;E:alpha=1.3;G:alpha=1.0;I:alpha=1.0;J:alpha=1.0,targeted_subsidy_0.0,0.3,1,1,3,0.959,0.530501,0.0,-1095002.66,-0.037889,0,0,0,3,0
S0_baseline,S0_baseline_P052_SB0.0,C:alpha=1.2;E:alpha=1.3;G:alpha=1.0;I:alpha=1.0;J:alpha=1.0,targeted_subsidy_0.0,0.5,1,1,3,0.959,0.530501,0.0,-1095002.66,-0.037889,0,0,0,3,0
S0_baseline,S0_baseline_P052_SB0.0,C:alpha=1.2;E:alpha=1.3;G:alpha=1.0;I:alpha=1.0;J:alpha=1.0,targeted_subsidy_0.0,0.7,1,1,3,0.959,0.530501,0.0,-1095002.66,-0.037889,0,0,0,3,0
S0_baseline,S0_baseline_P052_SB0.0,C:alpha=1.2;E:alpha=1.3;G:alpha=1.0;I:alpha=1.0;J:alpha=1.0,targeted_subsidy_0.0,1.0,1,1,3,0.959,0.530501,0.0,-1095002.66,-0.037889,0,0,0,3,0
S0_baseline,S0_baseline_P053_SB0.0,C:alpha=1.2;E:alpha=1.4;G:alpha=1.0;I:alpha=1.0;J:alpha=1.0,targeted_subsidy_0.0,0.2,1,1,3,0.959,0.530501,0.0,-1095002.66,-0.037889,0,0,0,3,0
S0_baseline,S0_baseline_P053_SB0.0,C:alpha=1.2;E:alpha=1.4;G:alpha=1.0;I:alpha=1.0;J:alpha=1.0,targeted_subsidy_0.0,0.3,1,1,3,0.959,0.530501,0.0,-1095002.66,-0.037889,0,0,0,3,0
S0_baseline,S0_baseline_P053_SB0.0,C:alpha=1.2;E:alpha=1.4;G:alpha=1.0;I:alpha=1.0;J:alpha=1.0,targeted_subsidy_0.0,0.5,1,1,3,0.959,0.530501,0.0,-1095002.66,-0.037889,0,0,0,3,0
S0_baseline,S0_baseline_P053_SB0.0,C:alpha=1.2;E:alpha=1.4;G:alpha=1.0;I:alpha=1.0;J:alpha=1.0,targeted_subsidy_0.0,0.7,1,1,3,0.959,0.530501,0.0,-1095002.66,-0.037889,0,0,0,3,0
S0_baseline,S0_baseline_P053_SB0.0,C:alpha=1.2;E:alpha=1.4;G:alpha=1.0;I:alpha=1.0;J:alpha=1.0,targeted_subsidy_0.0,1.0,1,1,3,0.959,0.530501,0.0,-1095002.66,-0.037889,0,0,0,3,0
S0_baseline,S0_baseline_P054_SB0.0,C:alpha=1.2;E:alpha=1.5;G:alpha=1.0;I:alpha=1.0;J:alpha=1.0,targeted_subsidy_0.0,0.2,1,1,3,0.959,0.530501,0.0,-1095002.66,-0.037889,0,0,0,3,0
S0_baseline,S0_baseline_P054_SB0.0,C:alpha=1.2;E:alpha=1.5;G:alpha=1.0;I:alpha=1.0;J:alpha=1.0,targeted_subsidy_0.0,0.3,1,1,3,0.959,0.530501,0.0,-1095002.66,-0.037889,0,0,0,3,0
S0_baseline,S0_baseline_P054_SB0.0,C:alpha=1.2;E:alpha=1.5;G:alpha=1.0;I:alpha=1.0;J:alpha=1.0,targeted_subsidy_0.0,0.5,1,1,3,0.959,0.530501,0.0,-1095002.66,-0.037889,0,0,0,3,0
S0_baseline,S0_baseline_P054_SB0.0,C:alpha=1.2;E:alpha=1.5;G:alpha=1.0;I:alpha=1.0;J:alpha=1.0,targeted_subsidy_0.0,0.7,1,1,3,0.959,0.530501,0.0,-1095002.66,-0.037889,0,0,0,3,0
S0_baseline,S0_baseline_P054_SB0.0,C:alpha=1.2;E:alpha=1.5;G:alpha=1.0;I:alpha=1.0;J:alpha=1.0,targeted_subsidy_0.0,1.0,1,1,3,0.959,0.530501,0.0,-1095002.66,-0.037889,0,0,0,3,0
S0_baseline,S0_baseline_P055_SB0.0,C:alpha=1.2;E:alpha=1.6;G:alpha=1.0;I:alpha=1.0;J:alpha=1.0,targeted_subsidy_0.0,0.2,1,1,3,0.959,0.530501,0.0,-1095002.66,-0.037889,0,0,0,3,0
S0_baseline,S0_baseline_P055_SB0.0,C:alpha=1.2;E:alpha=1.6;G:alpha=1.0;I:alpha=1.0;J:alpha=1.0,targeted_subsidy_0.0,0.3,1,1,3,0.959,0.530501,0.0,-1095002.66,-0.037889,0,0,0,3,0
S0_baseline,S0_baseline_P055_SB0.0,C:alpha=1.2;E:alpha=1.6;G:alpha=1.0;I:alpha=1.0;J:alpha=1.0,targeted_subsidy_0.0,0.5,1,1,3,0.959,0.530501,0.0,-1095002.66,-0.037889,0,0,0,3,0
S0_baseline,S0_baseline_P055_SB0.0,C:alpha=1.2;E:alpha=1.6;G:alpha=1.0;I:alpha=1.0;J:alpha=1.0,targeted_subsidy_0.0,0.7,1,1,3,0.959,0.530501,0.0,-1095002.66,-0.037889,0,0,0,3,0
S0_baseline,S0_baseline_P055_SB0.0,C:alpha=1.2;E:alpha=1.6;G:alpha=1.0;I:alpha=1.0;J:alpha=1.0,targeted_subsidy_0.0,1.0,1,1,3,0.959,0.530501,0.0,-1095002.66,-0.037889,0,0,0,3,0
S0_baseline,S0_baseline_P056_SB0.0,C:alpha=1.2;E:alpha=1.8;G:alpha=1.0;I:alpha=1.0;J:alpha=1.0,targeted_subsidy_0.0,0.2,1,1,3,0.959,0.530501,0.0,-1095002.66,-0.037889,0,0,0,3,0
S0_baseline,S0_baseline_P056_SB0.0,C:alpha=1.2;E:alpha=1.8;G:alpha=1.0;I:alpha=1.0;J:alpha=1.0,targeted_subsidy_0.0,0.3,1,1,3,0.959,0.530501,0.0,-1095002.66,-0.037889,0,0,0,3,0
S0_baseline,S0_baseline_P056_SB0.0,C:alpha=1.2;E:alpha=1.8;G:alpha=1.0;I:alpha=1.0;J:alpha=1.0,targeted_subsidy_0.0,0.5,1,1,3,0.959,0.530501,0.0,-1095002.66,-0.037889,0,0,0,3,0
S0_baseline,S0_baseline_P056_SB0.0,C:alpha=1.2;E:alpha=1.8;G:alpha=1.0;I:alpha=1.0;J:alpha=1.0,targeted_subsidy_0.0,0.7,1,1,3,0.959,0.530501,0.0,-1095002.66,-0.037889,0,0,0,3,0
S0_baseline,S0_baseline_P056_SB0.0,C:alpha=1.2;E:alpha=1.8;G:alpha=1.0;I:alpha=1.0;J:alpha=1.0,targeted_subsidy_0.0,1.0,1,1,3,0.959,0.530501,0.0,-1095002.66,-0.037889,0,0,0,3,0
S0_baseline,S0_baseline_P057_SB0.0,C:alpha=1.2;E:alpha=2.0;G:alpha=1.0;I:alpha=1.0;J:alpha=1.0,targeted_subsidy_0.0,0.2,1,1,3,0.959,0.530501,0.0,-1095002.66,-0.037889,0,0,0,3,0
S0_baseline,S0_baseline_P057_SB0.0,C:alpha=1.2;E:alpha=2.0;G:alpha=1.0;I:alpha=1.0;J:alpha=1.0,targeted_subsidy_0.0,0.3,1,1,3,0.959,0.530501,0.0,-1095002.66,-0.037889,0,0,0,3,0
S0_baseline,S0_baseline_P057_SB0.0,C:alpha=1.2;E:alpha=2.0;G:alpha=1.0;I:alpha=1.0;J:alpha=1.0,targeted_subsidy_0.0,0.5,1,1,3,0.959,0.530501,0.0,-1095002.66,-0.037889,0,0,0,3,0
S0_baseline,S0_baseline_P057_SB0.0,C:alpha=1.2;E:alpha=2.0;G:alpha=1.0;I:alpha=1.0;J:alpha=1.0,targeted_subsidy_0.0,0.7,1,1,3,0.959,0.530501,0.0,-1095002.66,-0.037889,0,0,0,3,0
S0_baseline,S0_baseline_P057_SB0.0,C:alpha=1.2;E:alpha=2.0;G:alpha=1.0;I:alpha=1.0;J:alpha=1.0,targeted_subsidy_0.0,1.0,1,1,3,0.959,0.530501,0.0,-1095002.66,-0.037889,0,0,0,3,0
S0_baseline,S0_baseline_P058_SB0.0,C:alpha=1.3;E:alpha=1.1;G:alpha=1.0;I:alpha=1.0;J:alpha=1.0,targeted_subsidy_0.0,0.2,0,0,30,0.959,0.530501,0.0,-1095002.66,-0.037889,0,0,0,3,0
S0_baseline,S0_baseline_P058_SB0.0,C:alpha=1.3;E:alpha=1.1;G:alpha=1.0;I:alpha=1.0;J:alpha=1.0,targeted_subsidy_0.0,0.3,0,0,30,0.959,0.530501,0.0,-1095002.66,-0.037889,0,0,0,3,0
S0_baseline,S0_baseline_P058_SB0.0,C:alpha=1.3;E:alpha=1.1;G:alpha=1.0;I:alpha=1.0;J:alpha=1.0,targeted_subsidy_0.0,0.5,0,0,30,0.959,0.636262,0.0,-184562.38,-0.005313,0,0,0,1,0
S0_baseline,S0_baseline_P058_SB0.0,C:alpha=1.3;E:alpha=1.1;G:alpha=1.0;I:alpha=1.0;J:alpha=1.0,targeted_subsidy_0.0,0.7,0,0,30,0.959,0.636262,0.0,-184562.38,-0.005313,0,0,0,1,0
S0_baseline,S0_baseline_P058_SB0.0,C:alpha=1.3;E:alpha=1.1;G:alpha=1.0;I:alpha=1.0;J:alpha=1.0,targeted_subsidy_0.0,1.0,0,0,30,0.959,0.636262,0.0,-184562.38,-0.005313,0,0,0,1,0
S0_baseline,S0_baseline_P059_SB0.0,C:alpha=1.3;E:alpha=1.2;G:alpha=1.0;I:alpha=1.0;J:alpha=1.0,targeted_subsidy_0.0,0.2,1,1,3,0.959,0.530501,0.0,-1095002.66,-0.037889,0,0,0,3,0
S0_baseline,S0_baseline_P059_SB0.0,C:alpha=1.3;E:alpha=1.2;G:alpha=1.0;I:alpha=1.0;J:alpha=1.0,targeted_subsidy_0.0,0.3,1,1,3,0.959,0.530501,0.0,-1095002.66,-0.037889,0,0,0,3,0
S0_baseline,S0_baseline_P059_SB0.0,C:alpha=1.3;E:alpha=1.2;G:alpha=1.0;I:alpha=1.0;J:alpha=1.0,targeted_subsidy_0.0,0.5,1,1,3,0.959,0.530501,0.0,-1095002.66,-0.037889,0,0,0,3,0
S0_baseline,S0_baseline_P059_SB0.0,C:alpha=1.3;E:alpha=1.2;G:alpha=1.0;I:alpha=1.0;J:alpha=1.0,targeted_subsidy_0.0,0.7,1,1,3,0.959,0.530501,0.0,-1095002.66,-0.037889,0,0,0,3,0
S0_baseline,S0_baseline_P059_SB0.0,C:alpha=1.3;E:alpha=1.2;G:alpha=1.0;I:alpha=1.0;J:alpha=1.0,targeted_subsidy_0.0,1.0,1,1,3,0.959,0.530501,0.0,-1095002.66,-0.037889,0,0,0,3,0
S0_baseline,S0_baseline_P060_SB0.0,C:alpha=1.3;E:alpha=1.3;G:alpha=1.0;I:alpha=1.0;J:alpha=1.0,targeted_subsidy_0.0,0.2,1,1,3,0.959,0.530501,0.0,-1095002.66,-0.037889,0,0,0,3,0
S0_baseline,S0_baseline_P060_SB0.0,C:alpha=1.3;E:alpha=1.3;G:alpha=1.0;I:alpha=1.0;J:alpha=1.0,targeted_subsidy_0.0,0.3,1,1,3,0.959,0.530501,0.0,-1095002.66,-0.037889,0,0,0,3,0
S0_baseline,S0_baseline_P060_SB0.0,C:alpha=1.3;E:alpha=1.3;G:alpha=1.0;I:alpha=1.0;J:alpha=1.0,targeted_subsidy_0.0,0.5,1,1,3,0.959,0.530501,0.0,-1095002.66,-0.037889,0,0,0,3,0
S0_baseline,S0_baseline_P060_SB0.0,C:alpha=1.3;E:alpha=1.3;G:alpha=1.0;I:alpha=1.0;J:alpha=1.0,targeted_subsidy_0.0,0.7,1,1,3,0.959,0.530501,0.0,-1095002.66,-0.037889,0,0,0,3,0
S0_baseline,S0_baseline_P060_SB0.0,C:alpha=1.3;E:alpha=1.3;G:alpha=1.0;I:alpha=1.0;J:alpha=1.0,targeted_subsidy_0.0,1.0,1,1,3,0.959,0.530501,0.0,-1095002.66,-0.037889,0,0,0,3,0
S0_baseline,S0_baseline_P001_SB1.0,C:alpha=1.0;E:alpha=1.0;G:alpha=1.0;I:alpha=1.0;J:alpha=1.0,targeted_subsidy_1.0,0.2,1,1,3,0.92536099,0.733375,0.03877,329492.83,0.008404,0,1,0,2,0
S0_baseline,S0_baseline_P001_SB1.0,C:alpha=1.0;E:alpha=1.0;G:alpha=1.0;I:alpha=1.0;J:alpha=1.0,targeted_subsidy_1.0,0.3,1,1,3,0.92536099,0.733375,0.03877,329492.83,0.008404,0,1,0,2,0
S0_baseline,S0_baseline_P001_SB1.0,C:alpha=1.0;E:alpha=1.0;G:alpha=1.0;I:alpha=1.0;J:alpha=1.0,targeted_subsidy_1.0,0.5,1,1,3,0.92536099,0.733375,0.03877,329492.83,0.008404,0,1,0,2,0
S0_baseline,S0_baseline_P001_SB1.0,C:alpha=1.0;E:alpha=1.0;G:alpha=1.0;I:alpha=1.0;J:alpha=1.0,targeted_subsidy_1.0,0.7,1,1,3,0.92536099,0.733375,0.03877,329492.83,0.008404,0,1,0,2,0
S0_baseline,S0_baseline_P001_SB1.0,C:alpha=1.0;E:alpha=1.0;G:alpha=1.0;I:alpha=1.0;J:alpha=1.0,targeted_subsidy_1.0,1.0,1,1,3,0.92536099,0.733375,0.03877,329492.83,0.008404,0,1,0,2,0
S0_baseline,S0_baseline_P002_SB1.0,C:alpha=1.1;E:alpha=1.0;G:alpha=1.0;I:alpha=1.0;J:alpha=1.0,targeted_subsidy_1.0,0.2,0,0,30,0.90218995,0.62812,0.0,-411059.64,-0.012011,0,0,0,2,0
S0_baseline,S0_baseline_P002_SB1.0,C:alpha=1.1;E:alpha=1.0;G:alpha=1.0;I:alpha=1.0;J:alpha=1.0,targeted_subsidy_1.0,0.3,0,0,30,0.90218995,0.62812,0.0,-411059.64,-0.012011,0,0,0,2,0
S0_baseline,S0_baseline_P002_SB1.0,C:alpha=1.1;E:alpha=1.0;G:alpha=1.0;I:alpha=1.0;J:alpha=1.0,targeted_subsidy_1.0,0.5,0,0,30,0.90218995,0.73477,0.376582,703502.83,0.01809,0,1,0,2,0
S0_baseline,S0_baseline_P002_SB1.0,C:alpha=1.1;E:alpha=1.0;G:alpha=1.0;I:alpha=1.0;J:alpha=1.0,targeted_subsidy_1.0,0.7,0,0,30,0.90218995,0.73477,0.376582,703502.83,0.01809,0,1,0,2,0
S0_baseline,S0_baseline_P002_SB1.0,C:alpha=1.1;E:alpha=1.0;G:alpha=1.0;I:alpha=1.0;J:alpha=1.0,targeted_subsidy_1.0,1.0,0,0,30,0.90218995,0.73477,0.376582,703502.83,0.01809,0,1,0,2,0
S0_baseline,S0_baseline_P003_SB1.0,C:alpha=1.2;E:alpha=1.0;G:alpha=1.0;I:alpha=1.0;J:alpha=1.0,targeted_subsidy_1.0,0.2,1,1,3,0.88,0.62812,0.0,-411059.64,-0.012011,0,0,0,2,0
S0_baseline,S0_baseline_P003_SB1.0,C:alpha=1.2;E:alpha=1.0;G:alpha=1.0;I:alpha=1.0;J:alpha=1.0,targeted_subsidy_1.0,0.3,1,1,3,0.88,0.62812,0.0,-411059.64,-0.012011,0,0,0,2,0
S0_baseline,S0_baseline_P003_SB1.0,C:alpha=1.2;E:alpha=1.0;G:alpha=1.0;I:alpha=1.0;J:alpha=1.0,targeted_subsidy_1.0,0.5,1,1,3,0.88,0.62812,0.0,-411059.64,-0.012011,0,0,0,2,0
S0_baseline,S0_baseline_P003_SB1.0,C:alpha=1.2;E:alpha=1.0;G:alpha=1.0;I:alpha=1.0;J:alpha=1.0,targeted_subsidy_1.0,0.7,1,1,3,0.88,0.62812,0.0,-411059.64,-0.012011,0,0,0,2,0
S0_baseline,S0_baseline_P003_SB1.0,C:alpha=1.2;E:alpha=1.0;G:alpha=1.0;I:alpha=1.0;J:alpha=1.0,targeted_subsidy_1.0,1.0,1,1,3,0.88,0.62812,0.0,-411059.64,-0.012011,0,0,0,2,0
S0_baseline,S0_baseline_P004_SB1.0,C:alpha=1.3;E:alpha=1.0;G:alpha=1.0;I:alpha=1.0;J:alpha=1.0,targeted_subsidy_1.0,0.2,1,1,3,0.88,0.62812,0.0,-411059.64,-0.012011,0,0,0,2,0
S0_baseline,S0_baseline_P004_SB1.0,C:alpha=1.3;E:alpha=1.0;G:alpha=1.0;I:alpha=1.0;J:alpha=1.0,targeted_subsidy_1.0,0.3,1,1,3,0.88,0.62812,0.0,-411059.64,-0.012011,0,0,0,2,0
S0_baseline,S0_baseline_P004_SB1.0,C:alpha=1.3;E:alpha=1.0;G:alpha=1.0;I:alpha=1.0;J:alpha=1.0,targeted_subsidy_1.0,0.5,1,1,3,0.88,0.62812,0.0,-411059.64,-0.012011,0,0,0,2,0
S0_baseline,S0_baseline_P004_SB1.0,C:alpha=1.3;E:alpha=1.0;G:alpha=1.0;I:alpha=1.0;J:alpha=1.0,targeted_subsidy_1.0,0.7,1,1,3,0.88,0.62812,0.0,-411059.64,-0.012011,0,0,0,2,0
S0_baseline,S0_baseline_P004_SB1.0,C:alpha=1.3;E:alpha=1.0;G:alpha=1.0;I:alpha=1.0;J:alpha=1.0,targeted_subsidy_1.0,1.0,1,1,3,0.88,0.62812,0.0,-411059.64,-0.012011,0,0,0,2,0
S0_baseline,S0_baseline_P005_SB1.0,C:alpha=1.4;E:alpha=1.0;G:alpha=1.0;I:alpha=1.0;J:alpha=1.0,targeted_subsidy_1.0,0.2,1,1,3,0.88,0.62812,0.0,-411059.64,-0.012011,0,0,0,2,0
S0_baseline,S0_baseline_P005_SB1.0,C:alpha=1.4;E:alpha=1.0;G:alpha=1.0;I:alpha=1.0;J:alpha=1.0,targeted_subsidy_1.0,0.3,1,1,3,0.88,0.62812,0.0,-411059.64,-0.012011,0,0,0,2,0
S0_baseline,S0_baseline_P005_SB1.0,C:alpha=1.4;E:alpha=1.0;G:alpha=1.0;I:alpha=1.0;J:alpha=1.0,targeted_subsidy_1.0,0.5,1,1,3,0.88,0.62812,0.0,-411059.64,-0.012011,0,0,0,2,0
S0_baseline,S0_baseline_P005_SB1.0,C:alpha=1.4;E:alpha=1.0;G:alpha=1.0;I:alpha=1.0;J:alpha=1.0,targeted_subsidy_1.0,0.7,1,1,3,0.88,0.62812,0.0,-411059.64,-0.012011,0,0,0,2,0
S0_baseline,S0_baseline_P005_SB1.0,C:alpha=1.4;E:alpha=1.0;G:alpha=1.0;I:alpha=1.0;J:alpha=1.0,targeted_subsidy_1.0,1.0,1,1,3,0.88,0.62812,0.0,-411059.64,-0.012011,0,0,0,2,0
S0_baseline,S0_baseline_P006_SB1.0,C:alpha=1.5;E:alpha=1.0;G:alpha=1.0;I:alpha=1.0;J:alpha=1.0,targeted_subsidy_1.0,0.2,1,1,3,0.88,0.62812,0.0,-411059.64,-0.012011,0,0,0,2,0
S0_baseline,S0_baseline_P006_SB1.0,C:alpha=1.5;E:alpha=1.0;G:alpha=1.0;I:alpha=1.0;J:alpha=1.0,targeted_subsidy_1.0,0.3,1,1,3,0.88,0.62812,0.0,-411059.64,-0.012011,0,0,0,2,0
S0_baseline,S0_baseline_P006_SB1.0,C:alpha=1.5;E:alpha=1.0;G:alpha=1.0;I:alpha=1.0;J:alpha=1.0,targeted_subsidy_1.0,0.5,1,1,3,0.88,0.62812,0.0,-411059.64,-0.012011,0,0,0,2,0
S0_baseline,S0_baseline_P006_SB1.0,C:alpha=1.5;E:alpha=1.0;G:alpha=1.0;I:alpha=1.0;J:alpha=1.0,targeted_subsidy_1.0,0.7,1,1,3,0.88,0.62812,0.0,-411059.64,-0.012011,0,0,0,2,0
S0_baseline,S0_baseline_P006_SB1.0,C:alpha=1.5;E:alpha=1.0;G:alpha=1.0;I:alpha=1.0;J:alpha=1.0,targeted_subsidy_1.0,1.0,1,1,3,0.88,0.62812,0.0,-411059.64,-0.012011,0,0,0,2,0
S0_baseline,S0_baseline_P007_SB1.0,C:alpha=1.6;E:alpha=1.0;G:alpha=1.0;I:alpha=1.0;J:alpha=1.0,targeted_subsidy_1.0,0.2,1,1,3,0.88,0.62812,0.0,-411059.64,-0.012011,0,0,0,2,0
S0_baseline,S0_baseline_P007_SB1.0,C:alpha=1.6;E:alpha=1.0;G:alpha=1.0;I:alpha=1.0;J:alpha=1.0,targeted_subsidy_1.0,0.3,1,1,3,0.88,0.62812,0.0,-411059.64,-0.012011,0,0,0,2,0
S0_baseline,S0_baseline_P007_SB1.0,C:alpha=1.6;E:alpha=1.0;G:alpha=1.0;I:alpha=1.0;J:alpha=1.0,targeted_subsidy_1.0,0.5,1,1,3,0.88,0.62812,0.0,-411059.64,-0.012011,0,0,0,2,0
S0_baseline,S0_baseline_P007_SB1.0,C:alpha=1.6;E:alpha=1.0;G:alpha=1.0;I:alpha=1.0;J:alpha=1.0,targeted_subsidy_1.0,0.7,1,1,3,0.88,0.62812,0.0,-411059.64,-0.012011,0,0,0,2,0
S0_baseline,S0_baseline_P007_SB1.0,C:alpha=1.6;E:alpha=1.0;G:alpha=1.0;I:alpha=1.0;J:alpha=1.0,targeted_subsidy_1.0,1.0,1,1,3,0.88,0.62812,0.0,-411059.64,-0.012011,0,0,0,2,0
S0_baseline,S0_baseline_P008_SB1.0,C:alpha=1.8;E:alpha=1.0;G:alpha=1.0;I:alpha=1.0;J:alpha=1.0,targeted_subsidy_1.0,0.2,1,1,3,0.88,0.62812,0.0,-411059.64,-0.012011,0,0,0,2,0
S0_baseline,S0_baseline_P008_SB1.0,C:alpha=1.8;E:alpha=1.0;G:alpha=1.0;I:alpha=1.0;J:alpha=1.0,targeted_subsidy_1.0,0.3,1,1,3,0.88,0.62812,0.0,-411059.64,-0.012011,0,0,0,2,0
S0_baseline,S0_baseline_P008_SB1.0,C:alpha=1.8;E:alpha=1.0;G:alpha=1.0;I:alpha=1.0;J:alpha=1.0,targeted_subsidy_1.0,0.5,1,1,3,0.88,0.62812,0.0,-411059.64,-0.012011,0,0,0,2,0
S0_baseline,S0_baseline_P008_SB1.0,C:alpha=1.8;E:alpha=1.0;G:alpha=1.0;I:alpha=1.0;J:alpha=1.0,targeted_subsidy_1.0,0.7,1,1,3,0.88,0.62812,0.0,-411059.64,-0.012011,0,0,0,2,0
S0_baseline,S0_baseline_P008_SB1.0,C:alpha=1.8;E:alpha=1.0;G:alpha=1.0;I:alpha=1.0;J:alpha=1.0,targeted_subsidy_1.0,1.0,1,1,3,0.88,0.62812,0.0,-411059.64,-0.012011,0,0,0,2,0
S0_baseline,S0_baseline_P009_SB1.0,C:alpha=2.0;E:alpha=1.0;G:alpha=1.0;I:alpha=1.0;J:alpha=1.0,targeted_subsidy_1.0,0.2,1,1,3,0.88,0.62812,0.0,-411059.64,-0.012011,0,0,0,2,0
S0_baseline,S0_baseline_P009_SB1.0,C:alpha=2.0;E:alpha=1.0;G:alpha=1.0;I:alpha=1.0;J:alpha=1.0,targeted_subsidy_1.0,0.3,1,1,3,0.88,0.62812,0.0,-411059.64,-0.012011,0,0,0,2,0
S0_baseline,S0_baseline_P009_SB1.0,C:alpha=2.0;E:alpha=1.0;G:alpha=1.0;I:alpha=1.0;J:alpha=1.0,targeted_subsidy_1.0,0.5,1,1,3,0.88,0.62812,0.0,-411059.64,-0.012011,0,0,0,2,0
S0_baseline,S0_baseline_P009_SB1.0,C:alpha=2.0;E:alpha=1.0;G:alpha=1.0;I:alpha=1.0;J:alpha=1.0,targeted_subsidy_1.0,0.7,1,1,3,0.88,0.62812,0.0,-411059.64,-0.012011,0,0,0,2,0
S0_baseline,S0_baseline_P009_SB1.0,C:alpha=2.0;E:alpha=1.0;G:alpha=1.0;I:alpha=1.0;J:alpha=1.0,targeted_subsidy_1.0,1.0,1,1,3,0.88,0.62812,0.0,-411059.64,-0.012011,0,0,0,2,0
S0_baseline,S0_baseline_P010_SB1.0,C:alpha=1.0;E:alpha=1.1;G:alpha=1.0;I:alpha=1.0;J:alpha=1.0,targeted_subsidy_1.0,0.2,0,0,30,0.92791883,0.629389,0.0,-198739.49,-0.005681,0,0,0,3,0
S0_baseline,S0_baseline_P010_SB1.0,C:alpha=1.0;E:alpha=1.1;G:alpha=1.0;I:alpha=1.0;J:alpha=1.0,targeted_subsidy_1.0,0.3,0,0,30,0.92791883,0.629389,0.0,-198739.49,-0.005681,0,0,0,3,0
S0_baseline,S0_baseline_P010_SB1.0,C:alpha=1.0;E:alpha=1.1;G:alpha=1.0;I:alpha=1.0;J:alpha=1.0,targeted_subsidy_1.0,0.5,0,0,30,0.92791883,0.72712,0.086343,262862.85,0.006671,0,1,0,1,0
S0_baseline,S0_baseline_P010_SB1.0,C:alpha=1.0;E:alpha=1.1;G:alpha=1.0;I:alpha=1.0;J:alpha=1.0,targeted_subsidy_1.0,0.7,0,0,30,0.92791883,0.72712,0.086343,262862.85,0.006671,0,1,0,1,0
S0_baseline,S0_baseline_P010_SB1.0,C:alpha=1.0;E:alpha=1.1;G:alpha=1.0;I:alpha=1.0;J:alpha=1.0,targeted_subsidy_1.0,1.0,0,0,30,0.92791883,0.72712,0.086343,262862.85,0.006671,0,1,0,1,0
S0_baseline,S0_baseline_P011_SB1.0,C:alpha=1.0;E:alpha=1.2;G:alpha=1.0;I:alpha=1.0;J:alpha=1.0,targeted_subsidy_1.0,0.2,1,1,3,0.92791883,0.629389,0.0,-198739.49,-0.005681,0,0,0,3,0
S0_baseline,S0_baseline_P011_SB1.0,C:alpha=1.0;E:alpha=1.2;G:alpha=1.0;I:alpha=1.0;J:alpha=1.0,targeted_subsidy_1.0,0.3,1,1,3,0.92791883,0.629389,0.0,-198739.49,-0.005681,0,0,0,3,0
S0_baseline,S0_baseline_P011_SB1.0,C:alpha=1.0;E:alpha=1.2;G:alpha=1.0;I:alpha=1.0;J:alpha=1.0,targeted_subsidy_1.0,0.5,1,1,3,0.92791883,0.629389,0.0,-198739.49,-0.005681,0,0,0,3,0
S0_baseline,S0_baseline_P011_SB1.0,C:alpha=1.0;E:alpha=1.2;G:alpha=1.0;I:alpha=1.0;J:alpha=1.0,targeted_subsidy_1.0,0.7,1,1,3,0.92791883,0.629389,0.0,-198739.49,-0.005681,0,0,0,3,0
S0_baseline,S0_baseline_P011_SB1.0,C:alpha=1.0;E:alpha=1.2;G:alpha=1.0;I:alpha=1.0;J:alpha=1.0,targeted_subsidy_1.0,1.0,1,1,3,0.92791883,0.629389,0.0,-198739.49,-0.005681,0,0,0,3,0
S0_baseline,S0_baseline_P012_SB1.0,C:alpha=1.0;E:alpha=1.3;G:alpha=1.0;I:alpha=1.0;J:alpha=1.0,targeted_subsidy_1.0,0.2,1,1,3,0.92791883,0.629389,0.0,-198739.49,-0.005681,0,0,0,3,0
S0_baseline,S0_baseline_P012_SB1.0,C:alpha=1.0;E:alpha=1.3;G:alpha=1.0;I:alpha=1.0;J:alpha=1.0,targeted_subsidy_1.0,0.3,1,1,3,0.92791883,0.629389,0.0,-198739.49,-0.005681,0,0,0,3,0
S0_baseline,S0_baseline_P012_SB1.0,C:alpha=1.0;E:alpha=1.3;G:alpha=1.0;I:alpha=1.0;J:alpha=1.0,targeted_subsidy_1.0,0.5,1,1,3,0.92791883,0.629389,0.0,-198739.49,-0.005681,0,0,0,3,0
S0_baseline,S0_baseline_P012_SB1.0,C:alpha=1.0;E:alpha=1.3;G:alpha=1.0;I:alpha=1.0;J:alpha=1.0,targeted_subsidy_1.0,0.7,1,1,3,0.92791883,0.629389,0.0,-198739.49,-0.005681,0,0,0,3,0
S0_baseline,S0_baseline_P012_SB1.0,C:alpha=1.0;E:alpha=1.3;G:alpha=1.0;I:alpha=1.0;J:alpha=1.0,targeted_subsidy_1.0,1.0,1,1,3,0.92791883,0.629389,0.0,-198739.49,-0.005681,0,0,0,3,0
S0_baseline,S0_baseline_P013_SB1.0,C:alpha=1.0;E:alpha=1.4;G:alpha=1.0;I:alpha=1.0;J:alpha=1.0,targeted_subsidy_1.0,0.2,1,1,3,0.92791883,0.629389,0.0,-198739.49,-0.005681,0,0,0,3,0
S0_baseline,S0_baseline_P013_SB1.0,C:alpha=1.0;E:alpha=1.4;G:alpha=1.0;I:alpha=1.0;J:alpha=1.0,targeted_subsidy_1.0,0.3,1,1,3,0.92791883,0.629389,0.0,-198739.49,-0.005681,0,0,0,3,0
S0_baseline,S0_baseline_P013_SB1.0,C:alpha=1.0;E:alpha=1.4;G:alpha=1.0;I:alpha=1.0;J:alpha=1.0,targeted_subsidy_1.0,0.5,1,1,3,0.92791883,0.629389,0.0,-198739.49,-0.005681,0,0,0,3,0
S0_baseline,S0_baseline_P013_SB1.0,C:alpha=1.0;E:alpha=1.4;G:alpha=1.0;I:alpha=1.0;J:alpha=1.0,targeted_subsidy_1.0,0.7,1,1,3,0.92791883,0.629389,0.0,-198739.49,-0.005681,0,0,0,3,0
S0_baseline,S0_baseline_P013_SB1.0,C:alpha=1.0;E:alpha=1.4;G:alpha=1.0;I:alpha=1.0;J:alpha=1.0,targeted_subsidy_1.0,1.0,1,1,3,0.92791883,0.629389,0.0,-198739.49,-0.005681,0,0,0,3,0
S0_baseline,S0_baseline_P014_SB1.0,C:alpha=1.0;E:alpha=1.5;G:alpha=1.0;I:alpha=1.0;J:alpha=1.0,targeted_subsidy_1.0,0.2,1,1,3,0.92791883,0.629389,0.0,-198739.49,-0.005681,0,0,0,3,0
S0_baseline,S0_baseline_P014_SB1.0,C:alpha=1.0;E:alpha=1.5;G:alpha=1.0;I:alpha=1.0;J:alpha=1.0,targeted_subsidy_1.0,0.3,1,1,3,0.92791883,0.629389,0.0,-198739.49,-0.005681,0,0,0,3,0
S0_baseline,S0_baseline_P014_SB1.0,C:alpha=1.0;E:alpha=1.5;G:alpha=1.0;I:alpha=1.0;J:alpha=1.0,targeted_subsidy_1.0,0.5,1,1,3,0.92791883,0.629389,0.0,-198739.49,-0.005681,0,0,0,3,0
S0_baseline,S0_baseline_P014_SB1.0,C:alpha=1.0;E:alpha=1.5;G:alpha=1.0;I:alpha=1.0;J:alpha=1.0,targeted_subsidy_1.0,0.7,1,1,3,0.92791883,0.629389,0.0,-198739.49,-0.005681,0,0,0,3,0
S0_baseline,S0_baseline_P014_SB1.0,C:alpha=1.0;E:alpha=1.5;G:alpha=1.0;I:alpha=1.0;J:alpha=1.0,targeted_subsidy_1.0,1.0,1,1,3,0.92791883,0.629389,0.0,-198739.49,-0.005681,0,0,0,3,0
S0_baseline,S0_baseline_P015_SB1.0,C:alpha=1.0;E:alpha=1.6;G:alpha=1.0;I:alpha=1.0;J:alpha=1.0,targeted_subsidy_1.0,0.2,1,1,3,0.92791883,0.629389,0.0,-198739.49,-0.005681,0,0,0,3,0
S0_baseline,S0_baseline_P015_SB1.0,C:alpha=1.0;E:alpha=1.6;G:alpha=1.0;I:alpha=1.0;J:alpha=1.0,targeted_subsidy_1.0,0.3,1,1,3,0.92791883,0.629389,0.0,-198739.49,-0.005681,0,0,0,3,0
S0_baseline,S0_baseline_P015_SB1.0,C:alpha=1.0;E:alpha=1.6;G:alpha=1.0;I:alpha=1.0;J:alpha=1.0,targeted_subsidy_1.0,0.5,1,1,3,0.92791883,0.629389,0.0,-198739.49,-0.005681,0,0,0,3,0
S0_baseline,S0_baseline_P015_SB1.0,C:alpha=1.0;E:alpha=1.6;G:alpha=1.0;I:alpha=1.0;J:alpha=1.0,targeted_subsidy_1.0,0.7,1,1,3,0.92791883,0.629389,0.0,-198739.49,-0.005681,0,0,0,3,0
S0_baseline,S0_baseline_P015_SB1.0,C:alpha=1.0;E:alpha=1.6;G:alpha=1.0;I:alpha=1.0;J:alpha=1.0,targeted_subsidy_1.0,1.0,1,1,3,0.92791883,0.629389,0.0,-198739.49,-0.005681,0,0,0,3,0
S0_baseline,S0_baseline_P016_SB1.0,C:alpha=1.0;E:alpha=1.8;G:alpha=1.0;I:alpha=1.0;J:alpha=1.0,targeted_subsidy_1.0,0.2,1,1,3,0.92791883,0.629389,0.0,-198739.49,-0.005681,0,0,0,3,0
S0_baseline,S0_baseline_P016_SB1.0,C:alpha=1.0;E:alpha=1.8;G:alpha=1.0;I:alpha=1.0;J:alpha=1.0,targeted_subsidy_1.0,0.3,1,1,3,0.92791883,0.629389,0.0,-198739.49,-0.005681,0,0,0,3,0
S0_baseline,S0_baseline_P016_SB1.0,C:alpha=1.0;E:alpha=1.8;G:alpha=1.0;I:alpha=1.0;J:alpha=1.0,targeted_subsidy_1.0,0.5,1,1,3,0.92791883,0.629389,0.0,-198739.49,-0.005681,0,0,0,3,0
S0_baseline,S0_baseline_P016_SB1.0,C:alpha=1.0;E:alpha=1.8;G:alpha=1.0;I:alpha=1.0;J:alpha=1.0,targeted_subsidy_1.0,0.7,1,1,3,0.92791883,0.629389,0.0,-198739.49,-0.005681,0,0,0,3,0
S0_baseline,S0_baseline_P016_SB1.0,C:alpha=1.0;E:alpha=1.8;G:alpha=1.0;I:alpha=1.0;J:alpha=1.0,targeted_subsidy_1.0,1.0,1,1,3,0.92791883,0.629389,0.0,-198739.49,-0.005681,0,0,0,3,0
S0_baseline,S0_baseline_P017_SB1.0,C:alpha=1.0;E:alpha=2.0;G:alpha=1.0;I:alpha=1.0;J:alpha=1.0,targeted_subsidy_1.0,0.2,1,1,3,0.92791883,0.629389,0.0,-198739.49,-0.005681,0,0,0,3,0
S0_baseline,S0_baseline_P017_SB1.0,C:alpha=1.0;E:alpha=2.0;G:alpha=1.0;I:alpha=1.0;J:alpha=1.0,targeted_subsidy_1.0,0.3,1,1,3,0.92791883,0.629389,0.0,-198739.49,-0.005681,0,0,0,3,0
S0_baseline,S0_baseline_P017_SB1.0,C:alpha=1.0;E:alpha=2.0;G:alpha=1.0;I:alpha=1.0;J:alpha=1.0,targeted_subsidy_1.0,0.5,1,1,3,0.92791883,0.629389,0.0,-198739.49,-0.005681,0,0,0,3,0
S0_baseline,S0_baseline_P017_SB1.0,C:alpha=1.0;E:alpha=2.0;G:alpha=1.0;I:alpha=1.0;J:alpha=1.0,targeted_subsidy_1.0,0.7,1,1,3,0.92791883,0.629389,0.0,-198739.49,-0.005681,0,0,0,3,0
S0_baseline,S0_baseline_P017_SB1.0,C:alpha=1.0;E:alpha=2.0;G:alpha=1.0;I:alpha=1.0;J:alpha=1.0,targeted_subsidy_1.0,1.0,1,1,3,0.92791883,0.629389,0.0,-198739.49,-0.005681,0,0,0,3,0
S0_baseline,S0_baseline_P018_SB1.0,C:alpha=1.0;E:alpha=1.0;G:alpha=1.1;I:alpha=1.0;J:alpha=1.0,targeted_subsidy_1.0,0.2,0,0,30,0.959,0.629326,0.042747,-268866.48,-0.00769,0,0,0,3,0
S0_baseline,S0_baseline_P018_SB1.0,C:alpha=1.0;E:alpha=1.0;G:alpha=1.1;I:alpha=1.0;J:alpha=1.0,targeted_subsidy_1.0,0.3,0,0,30,0.959,0.629326,0.042747,-268866.48,-0.00769,0,0,0,3,0
S0_baseline,S0_baseline_P018_SB1.0,C:alpha=1.0;E:alpha=1.0;G:alpha=1.1;I:alpha=1.0;J:alpha=1.0,targeted_subsidy_1.0,0.5,0,0,30,0.959,0.719817,0.109236,-188029.52,-0.004714,0,0,0,1,0
S0_baseline,S0_baseline_P018_SB1.0,C:alpha=1.0;E:alpha=1.0;G:alpha=1.1;I:alpha=1.0;J:alpha=1.0,targeted_subsidy_1.0,0.7,0,0,30,0.959,0.719817,0.109236,-188029.52,-0.004714,0,0,0,1,0
S0_baseline,S0_baseline_P018_SB1.0,C:alpha=1.0;E:alpha=1.0;G:alpha=1.1;I:alpha=1.0;J:alpha=1.0,targeted_subsidy_1.0,1.0,0,0,30,0.959,0.719817,0.109236,-188029.52,-0.004714,0,0,0,1,0
S0_baseline,S0_baseline_P019_SB1.0,C:alpha=1.0;E:alpha=1.0;G:alpha=1.2;I:alpha=1.0;J:alpha=1.0,targeted_subsidy_1.0,0.2,1,1,3,0.959,0.629326,0.042747,-268866.48,-0.00769,0,0,0,3,0
S0_baseline,S0_baseline_P019_SB1.0,C:alpha=1.0;E:alpha=1.0;G:alpha=1.2;I:alpha=1.0;J:alpha=1.0,targeted_subsidy_1.0,0.3,1,1,3,0.959,0.629326,0.042747,-268866.48,-0.00769,0,0,0,3,0
S0_baseline,S0_baseline_P019_SB1.0,C:alpha=1.0;E:alpha=1.0;G:alpha=1.2;I:alpha=1.0;J:alpha=1.0,targeted_subsidy_1.0,0.5,1,1,3,0.959,0.629326,0.042747,-268866.48,-0.00769,0,0,0,3,0
S0_baseline,S0_baseline_P019_SB1.0,C:alpha=1.0;E:alpha=1.0;G:alpha=1.2;I:alpha=1.0;J:alpha=1.0,targeted_subsidy_1.0,0.7,1,1,3,0.959,0.629326,0.042747,-268866.48,-0.00769,0,0,0,3,0
S0_baseline,S0_baseline_P019_SB1.0,C:alpha=1.0;E:alpha=1.0;G:alpha=1.2;I:alpha=1.0;J:alpha=1.0,targeted_subsidy_1.0,1.0,1,1,3,0.959,0.629326,0.042747,-268866.48,-0.00769,0,0,0,3,0
S0_baseline,S0_baseline_P020_SB1.0,C:alpha=1.0;E:alpha=1.0;G:alpha=1.3;I:alpha=1.0;J:alpha=1.0,targeted_subsidy_1.0,0.2,1,1,3,0.959,0.629326,0.042747,-268866.48,-0.00769,0,0,0,3,0
S0_baseline,S0_baseline_P020_SB1.0,C:alpha=1.0;E:alpha=1.0;G:alpha=1.3;I:alpha=1.0;J:alpha=1.0,targeted_subsidy_1.0,0.3,1,1,3,0.959,0.629326,0.042747,-268866.48,-0.00769,0,0,0,3,0
S0_baseline,S0_baseline_P020_SB1.0,C:alpha=1.0;E:alpha=1.0;G:alpha=1.3;I:alpha=1.0;J:alpha=1.0,targeted_subsidy_1.0,0.5,1,1,3,0.959,0.629326,0.042747,-268866.48,-0.00769,0,0,0,3,0
S0_baseline,S0_baseline_P020_SB1.0,C:alpha=1.0;E:alpha=1.0;G:alpha=1.3;I:alpha=1.0;J:alpha=1.0,targeted_subsidy_1.0,0.7,1,1,3,0.959,0.629326,0.042747,-268866.48,-0.00769,0,0,0,3,0
S0_baseline,S0_baseline_P020_SB1.0,C:alpha=1.0;E:alpha=1.0;G:alpha=1.3;I:alpha=1.0;J:alpha=1.0,targeted_subsidy_1.0,1.0,1,1,3,0.959,0.629326,0.042747,-268866.48,-0.00769,0,0,0,3,0
S0_baseline,S0_baseline_P021_SB1.0,C:alpha=1.0;E:alpha=1.0;G:alpha=1.4;I:alpha=1.0;J:alpha=1.0,targeted_subsidy_1.0,0.2,1,1,3,0.959,0.629326,0.042747,-268866.48,-0.00769,0,0,0,3,0
S0_baseline,S0_baseline_P021_SB1.0,C:alpha=1.0;E:alpha=1.0;G:alpha=1.4;I:alpha=1.0;J:alpha=1.0,targeted_subsidy_1.0,0.3,1,1,3,0.959,0.629326,0.042747,-268866.48,-0.00769,0,0,0,3,0
S0_baseline,S0_baseline_P021_SB1.0,C:alpha=1.0;E:alpha=1.0;G:alpha=1.4;I:alpha=1.0;J:alpha=1.0,targeted_subsidy_1.0,0.5,1,1,3,0.959,0.629326,0.042747,-268866.48,-0.00769,0,0,0,3,0
S0_baseline,S0_baseline_P021_SB1.0,C:alpha=1.0;E:alpha=1.0;G:alpha=1.4;I:alpha=1.0;J:alpha=1.0,targeted_subsidy_1.0,0.7,1,1,3,0.959,0.629326,0.042747,-268866.48,-0.00769,0,0,0,3,0
S0_baseline,S0_baseline_P021_SB1.0,C:alpha=1.0;E:alpha=1.0;G:alpha=1.4;I:alpha=1.0;J:alpha=1.0,targeted_subsidy_1.0,1.0,1,1,3,0.959,0.629326,0.042747,-268866.48,-0.00769,0,0,0,3,0
S0_baseline,S0_baseline_P022_SB1.0,C:alpha=1.0;E:alpha=1.0;G:alpha=1.5;I:alpha=1.0;J:alpha=1.0,targeted_subsidy_1.0,0.2,1,1,3,0.959,0.629326,0.042747,-268866.48,-0.00769,0,0,0,3,0
S0_baseline,S0_baseline_P022_SB1.0,C:alpha=1.0;E:alpha=1.0;G:alpha=1.5;I:alpha=1.0;J:alpha=1.0,targeted_subsidy_1.0,0.3,1,1,3,0.959,0.629326,0.042747,-268866.48,-0.00769,0,0,0,3,0
S0_baseline,S0_baseline_P022_SB1.0,C:alpha=1.0;E:alpha=1.0;G:alpha=1.5;I:alpha=1.0;J:alpha=1.0,targeted_subsidy_1.0,0.5,1,1,3,0.959,0.629326,0.042747,-268866.48,-0.00769,0,0,0,3,0
S0_baseline,S0_baseline_P022_SB1.0,C:alpha=1.0;E:alpha=1.0;G:alpha=1.5;I:alpha=1.0;J:alpha=1.0,targeted_subsidy_1.0,0.7,1,1,3,0.959,0.629326,0.042747,-268866.48,-0.00769,0,0,0,3,0
S0_baseline,S0_baseline_P022_SB1.0,C:alpha=1.0;E:alpha=1.0;G:alpha=1.5;I:alpha=1.0;J:alpha=1.0,targeted_subsidy_1.0,1.0,1,1,3,0.959,0.629326,0.042747,-268866.48,-0.00769,0,0,0,3,0
S0_baseline,S0_baseline_P023_SB1.0,C:alpha=1.0;E:alpha=1.0;G:alpha=1.6;I:alpha=1.0;J:alpha=1.0,targeted_subsidy_1.0,0.2,1,1,3,0.959,0.629326,0.042747,-268866.48,-0.00769,0,0,0,3,0
S0_baseline,S0_baseline_P023_SB1.0,C:alpha=1.0;E:alpha=1.0;G:alpha=1.6;I:alpha=1.0;J:alpha=1.0,targeted_subsidy_1.0,0.3,1,1,3,0.959,0.629326,0.042747,-268866.48,-0.00769,0,0,0,3,0
S0_baseline,S0_baseline_P023_SB1.0,C:alpha=1.0;E:alpha=1.0;G:alpha=1.6;I:alpha=1.0;J:alpha=1.0,targeted_subsidy_1.0,0.5,1,1,3,0.959,0.629326,0.042747,-268866.48,-0.00769,0,0,0,3,0
S0_baseline,S0_baseline_P023_SB1.0,C:alpha=1.0;E:alpha=1.0;G:alpha=1.6;I:alpha=1.0;J:alpha=1.0,targeted_subsidy_1.0,0.7,1,1,3,0.959,0.629326,0.042747,-268866.48,-0.00769,0,0,0,3,0
S0_baseline,S0_baseline_P023_SB1.0,C:alpha=1.0;E:alpha=1.0;G:alpha=1.6;I:alpha=1.0;J:alpha=1.0,targeted_subsidy_1.0,1.0,1,1,3,0.959,0.629326,0.042747,-268866.48,-0.00769,0,0,0,3,0
S0_baseline,S0_baseline_P024_SB1.0,C:alpha=1.0;E:alpha=1.0;G:alpha=1.8;I:alpha=1.0;J:alpha=1.0,targeted_subsidy_1.0,0.2,1,1,3,0.959,0.629326,0.042747,-268866.48,-0.00769,0,0,0,3,0
S0_baseline,S0_baseline_P024_SB1.0,C:alpha=1.0;E:alpha=1.0;G:alpha=1.8;I:alpha=1.0;J:alpha=1.0,targeted_subsidy_1.0,0.3,1,1,3,0.959,0.629326,0.042747,-268866.48,-0.00769,0,0,0,3,0
S0_baseline,S0_baseline_P024_SB1.0,C:alpha=1.0;E:alpha=1.0;G:alpha=1.8;I:alpha=1.0;J:alpha=1.0,targeted_subsidy_1.0,0.5,1,1,3,0.959,0.629326,0.042747,-268866.48,-0.00769,0,0,0,3,0
S0_baseline,S0_baseline_P024_SB1.0,C:alpha=1.0;E:alpha=1.0;G:alpha=1.8;I:alpha=1.0;J:alpha=1.0,targeted_subsidy_1.0,0.7,1,1,3,0.959,0.629326,0.042747,-268866.48,-0.00769,0,0,0,3,0
S0_baseline,S0_baseline_P024_SB1.0,C:alpha=1.0;E:alpha=1.0;G:alpha=1.8;I:alpha=1.0;J:alpha=1.0,targeted_subsidy_1.0,1.0,1,1,3,0.959,0.629326,0.042747,-268866.48,-0.00769,0,0,0,3,0
S0_baseline,S0_baseline_P025_SB1.0,C:alpha=1.0;E:alpha=1.0;G:alpha=2.0;I:alpha=1.0;J:alpha=1.0,targeted_subsidy_1.0,0.2,1,1,3,0.959,0.629326,0.042747,-268866.48,-0.00769,0,0,0,3,0
S0_baseline,S0_baseline_P025_SB1.0,C:alpha=1.0;E:alpha=1.0;G:alpha=2.0;I:alpha=1.0;J:alpha=1.0,targeted_subsidy_1.0,0.3,1,1,3,0.959,0.629326,0.042747,-268866.48,-0.00769,0,0,0,3,0
S0_baseline,S0_baseline_P025_SB1.0,C:alpha=1.0;E:alpha=1.0;G:alpha=2.0;I:alpha=1.0;J:alpha=1.0,targeted_subsidy_1.0,0.5,1,1,3,0.959,0.629326,0.042747,-268866.48,-0.00769,0,0,0,3,0
S0_baseline,S0_baseline_P025_SB1.0,C:alpha=1.0;E:alpha=1.0;G:alpha=2.0;I:alpha=1.0;J:alpha=1.0,targeted_subsidy_1.0,0.7,1,1,3,0.959,0.629326,0.042747,-268866.48,-0.00769,0,0,0,3,0
S0_baseline,S0_baseline_P025_SB1.0,C:alpha=1.0;E:alpha=1.0;G:alpha=2.0;I:alpha=1.0;J:alpha=1.0,targeted_subsidy_1.0,1.0,1,1,3,0.959,0.629326,0.042747,-268866.48,-0.00769,0,0,0,3,0
S0_baseline,S0_baseline_P026_SB1.0,C:alpha=1.0;E:alpha=1.0;G:alpha=1.0;I:alpha=1.1;J:alpha=1.0,targeted_subsidy_1.0,0.2,0,0,30,0.959,0.629313,0.0,-148717.79,-0.004411,0,0,0,4,0
S0_baseline,S0_baseline_P026_SB1.0,C:alpha=1.0;E:alpha=1.0;G:alpha=1.0;I:alpha=1.1;J:alpha=1.0,targeted_subsidy_1.0,0.3,0,0,30,0.959,0.629313,0.0,-148717.79,-0.004411,0,0,0,4,0
S0_baseline,S0_baseline_P026_SB1.0,C:alpha=1.0;E:alpha=1.0;G:alpha=1.0;I:alpha=1.1;J:alpha=1.0,targeted_subsidy_1.0,0.5,0,0,30,0.959,0.726852,0.194598,131265.79,0.003388,0,1,0,1,0
S0_baseline,S0_baseline_P026_SB1.0,C:alpha=1.0;E:alpha=1.0;G:alpha=1.0;I:alpha=1.1;J:alpha=1.0,targeted_subsidy_1.0,0.7,0,0,30,0.959,0.726852,0.194598,131265.79,0.003388,0,1,0,1,0
S0_baseline,S0_baseline_P026_SB1.0,C:alpha=1.0;E:alpha=1.0;G:alpha=1.0;I:alpha=1.1;J:alpha=1.0,targeted_subsidy_1.0,1.0,0,0,30,0.959,0.726852,0.194598,131265.79,0.003388,0,1,0,1,0
S0_baseline,S0_baseline_P027_SB1.0,C:alpha=1.0;E:alpha=1.0;G:alpha=1.0;I:alpha=1.2;J:alpha=1.0,targeted_subsidy_1.0,0.2,1,1,3,0.959,0.629313,0.0,-148717.79,-0.004411,0,0,0,4,0
S0_baseline,S0_baseline_P027_SB1.0,C:alpha=1.0;E:alpha=1.0;G:alpha=1.0;I:alpha=1.2;J:alpha=1.0,targeted_subsidy_1.0,0.3,1,1,3,0.959,0.629313,0.0,-148717.79,-0.004411,0,0,0,4,0
S0_baseline,S0_baseline_P027_SB1.0,C:alpha=1.0;E:alpha=1.0;G:alpha=1.0;I:alpha=1.2;J:alpha=1.0,targeted_subsidy_1.0,0.5,1,1,3,0.959,0.629313,0.0,-148717.79,-0.004411,0,0,0,4,0
S0_baseline,S0_baseline_P027_SB1.0,C:alpha=1.0;E:alpha=1.0;G:alpha=1.0;I:alpha=1.2;J:alpha=1.0,targeted_subsidy_1.0,0.7,1,1,3,0.959,0.629313,0.0,-148717.79,-0.004411,0,0,0,4,0
S0_baseline,S0_baseline_P027_SB1.0,C:alpha=1.0;E:alpha=1.0;G:alpha=1.0;I:alpha=1.2;J:alpha=1.0,targeted_subsidy_1.0,1.0,1,1,3,0.959,0.629313,0.0,-148717.79,-0.004411,0,0,0,4,0
S0_baseline,S0_baseline_P028_SB1.0,C:alpha=1.0;E:alpha=1.0;G:alpha=1.0;I:alpha=1.3;J:alpha=1.0,targeted_subsidy_1.0,0.2,1,1,3,0.959,0.629313,0.0,-148717.79,-0.004411,0,0,0,4,0
S0_baseline,S0_baseline_P028_SB1.0,C:alpha=1.0;E:alpha=1.0;G:alpha=1.0;I:alpha=1.3;J:alpha=1.0,targeted_subsidy_1.0,0.3,1,1,3,0.959,0.629313,0.0,-148717.79,-0.004411,0,0,0,4,0
S0_baseline,S0_baseline_P028_SB1.0,C:alpha=1.0;E:alpha=1.0;G:alpha=1.0;I:alpha=1.3;J:alpha=1.0,targeted_subsidy_1.0,0.5,1,1,3,0.959,0.629313,0.0,-148717.79,-0.004411,0,0,0,4,0
S0_baseline,S0_baseline_P028_SB1.0,C:alpha=1.0;E:alpha=1.0;G:alpha=1.0;I:alpha=1.3;J:alpha=1.0,targeted_subsidy_1.0,0.7,1,1,3,0.959,0.629313,0.0,-148717.79,-0.004411,0,0,0,4,0
S0_baseline,S0_baseline_P028_SB1.0,C:alpha=1.0;E:alpha=1.0;G:alpha=1.0;I:alpha=1.3;J:alpha=1.0,targeted_subsidy_1.0,1.0,1,1,3,0.959,0.629313,0.0,-148717.79,-0.004411,0,0,0,4,0
S0_baseline,S0_baseline_P029_SB1.0,C:alpha=1.0;E:alpha=1.0;G:alpha=1.0;I:alpha=1.4;J:alpha=1.0,targeted_subsidy_1.0,0.2,1,1,3,0.959,0.629313,0.0,-148717.79,-0.004411,0,0,0,4,0
S0_baseline,S0_baseline_P029_SB1.0,C:alpha=1.0;E:alpha=1.0;G:alpha=1.0;I:alpha=1.4;J:alpha=1.0,targeted_subsidy_1.0,0.3,1,1,3,0.959,0.629313,0.0,-148717.79,-0.004411,0,0,0,4,0
S0_baseline,S0_baseline_P029_SB1.0,C:alpha=1.0;E:alpha=1.0;G:alpha=1.0;I:alpha=1.4;J:alpha=1.0,targeted_subsidy_1.0,0.5,1,1,3,0.959,0.629313,0.0,-148717.79,-0.004411,0,0,0,4,0
S0_baseline,S0_baseline_P029_SB1.0,C:alpha=1.0;E:alpha=1.0;G:alpha=1.0;I:alpha=1.4;J:alpha=1.0,targeted_subsidy_1.0,0.7,1,1,3,0.959,0.629313,0.0,-148717.79,-0.004411,0,0,0,4,0
S0_baseline,S0_baseline_P029_SB1.0,C:alpha=1.0;E:alpha=1.0;G:alpha=1.0;I:alpha=1.4;J:alpha=1.0,targeted_subsidy_1.0,1.0,1,1,3,0.959,0.629313,0.0,-148717.79,-0.004411,0,0,0,4,0
S0_baseline,S0_baseline_P030_SB1.0,C:alpha=1.0;E:alpha=1.0;G:alpha=1.0;I:alpha=1.5;J:alpha=1.0,targeted_subsidy_1.0,0.2,1,1,3,0.959,0.629313,0.0,-148717.79,-0.004411,0,0,0,4,0
S0_baseline,S0_baseline_P030_SB1.0,C:alpha=1.0;E:alpha=1.0;G:alpha=1.0;I:alpha=1.5;J:alpha=1.0,targeted_subsidy_1.0,0.3,1,1,3,0.959,0.629313,0.0,-148717.79,-0.004411,0,0,0,4,0
S0_baseline,S0_baseline_P030_SB1.0,C:alpha=1.0;E:alpha=1.0;G:alpha=1.0;I:alpha=1.5;J:alpha=1.0,targeted_subsidy_1.0,0.5,1,1,3,0.959,0.629313,0.0,-148717.79,-0.004411,0,0,0,4,0
S0_baseline,S0_baseline_P030_SB1.0,C:alpha=1.0;E:alpha=1.0;G:alpha=1.0;I:alpha=1.5;J:alpha=1.0,targeted_subsidy_1.0,0.7,1,1,3,0.959,0.629313,0.0,-148717.79,-0.004411,0,0,0,4,0
S0_baseline,S0_baseline_P030_SB1.0,C:alpha=1.0;E:alpha=1.0;G:alpha=1.0;I:alpha=1.5;J:alpha=1.0,targeted_subsidy_1.0,1.0,1,1,3,0.959,0.629313,0.0,-148717.79,-0.004411,0,0,0,4,0
S0_baseline,S0_baseline_P031_SB1.0,C:alpha=1.0;E:alpha=1.0;G:alpha=1.0;I:alpha=1.6;J:alpha=1.0,targeted_subsidy_1.0,0.2,1,1,3,0.959,0.629313,0.0,-148717.79,-0.004411,0,0,0,4,0
S0_baseline,S0_baseline_P031_SB1.0,C:alpha=1.0;E:alpha=1.0;G:alpha=1.0;I:alpha=1.6;J:alpha=1.0,targeted_subsidy_1.0,0.3,1,1,3,0.959,0.629313,0.0,-148717.79,-0.004411,0,0,0,4,0
S0_baseline,S0_baseline_P031_SB1.0,C:alpha=1.0;E:alpha=1.0;G:alpha=1.0;I:alpha=1.6;J:alpha=1.0,targeted_subsidy_1.0,0.5,1,1,3,0.959,0.629313,0.0,-148717.79,-0.004411,0,0,0,4,0
S0_baseline,S0_baseline_P031_SB1.0,C:alpha=1.0;E:alpha=1.0;G:alpha=1.0;I:alpha=1.6;J:alpha=1.0,targeted_subsidy_1.0,0.7,1,1,3,0.959,0.629313,0.0,-148717.79,-0.004411,0,0,0,4,0
S0_baseline,S0_baseline_P031_SB1.0,C:alpha=1.0;E:alpha=1.0;G:alpha=1.0;I:alpha=1.6;J:alpha=1.0,targeted_subsidy_1.0,1.0,1,1,3,0.959,0.629313,0.0,-148717.79,-0.004411,0,0,0,4,0
S0_baseline,S0_baseline_P032_SB1.0,C:alpha=1.0;E:alpha=1.0;G:alpha=1.0;I:alpha=1.8;J:alpha=1.0,targeted_subsidy_1.0,0.2,1,1,3,0.959,0.629313,0.0,-148717.79,-0.004411,0,0,0,4,0
S0_baseline,S0_baseline_P032_SB1.0,C:alpha=1.0;E:alpha=1.0;G:alpha=1.0;I:alpha=1.8;J:alpha=1.0,targeted_subsidy_1.0,0.3,1,1,3,0.959,0.629313,0.0,-148717.79,-0.004411,0,0,0,4,0
S0_baseline,S0_baseline_P032_SB1.0,C:alpha=1.0;E:alpha=1.0;G:alpha=1.0;I:alpha=1.8;J:alpha=1.0,targeted_subsidy_1.0,0.5,1,1,3,0.959,0.629313,0.0,-148717.79,-0.004411,0,0,0,4,0
S0_baseline,S0_baseline_P032_SB1.0,C:alpha=1.0;E:alpha=1.0;G:alpha=1.0;I:alpha=1.8;J:alpha=1.0,targeted_subsidy_1.0,0.7,1,1,3,0.959,0.629313,0.0,-148717.79,-0.004411,0,0,0,4,0
S0_baseline,S0_baseline_P032_SB1.0,C:alpha=1.0;E:alpha=1.0;G:alpha=1.0;I:alpha=1.8;J:alpha=1.0,targeted_subsidy_1.0,1.0,1,1,3,0.959,0.629313,0.0,-148717.79,-0.004411,0,0,0,4,0
S0_baseline,S0_baseline_P033_SB1.0,C:alpha=1.0;E:alpha=1.0;G:alpha=1.0;I:alpha=2.0;J:alpha=1.0,targeted_subsidy_1.0,0.2,1,1,3,0.959,0.629313,0.0,-148717.79,-0.004411,0,0,0,4,0
S0_baseline,S0_baseline_P033_SB1.0,C:alpha=1.0;E:alpha=1.0;G:alpha=1.0;I:alpha=2.0;J:alpha=1.0,targeted_subsidy_1.0,0.3,1,1,3,0.959,0.629313,0.0,-148717.79,-0.004411,0,0,0,4,0
S0_baseline,S0_baseline_P033_SB1.0,C:alpha=1.0;E:alpha=1.0;G:alpha=1.0;I:alpha=2.0;J:alpha=1.0,targeted_subsidy_1.0,0.5,1,1,3,0.959,0.629313,0.0,-148717.79,-0.004411,0,0,0,4,0
S0_baseline,S0_baseline_P033_SB1.0,C:alpha=1.0;E:alpha=1.0;G:alpha=1.0;I:alpha=2.0;J:alpha=1.0,targeted_subsidy_1.0,0.7,1,1,3,0.959,0.629313,0.0,-148717.79,-0.004411,0,0,0,4,0
S0_baseline,S0_baseline_P033_SB1.0,C:alpha=1.0;E:alpha=1.0;G:alpha=1.0;I:alpha=2.0;J:alpha=1.0,targeted_subsidy_1.0,1.0,1,1,3,0.959,0.629313,0.0,-148717.79,-0.004411,0,0,0,4,0
S0_baseline,S0_baseline_P034_SB1.0,C:alpha=1.0;E:alpha=1.0;G:alpha=1.0;I:alpha=1.0;J:alpha=1.1,targeted_subsidy_1.0,0.2,0,0,30,0.90243903,0.632603,0.0,142616.83,0.004163,1,1,1,5,0
S0_baseline,S0_baseline_P034_SB1.0,C:alpha=1.0;E:alpha=1.0;G:alpha=1.0;I:alpha=1.0;J:alpha=1.1,targeted_subsidy_1.0,0.3,0,0,30,0.90243903,0.749431,0.03877,1958235.53,0.049946,0,1,0,2,0
S0_baseline,S0_baseline_P034_SB1.0,C:alpha=1.0;E:alpha=1.0;G:alpha=1.0;I:alpha=1.0;J:alpha=1.1,targeted_subsidy_1.0,0.5,0,0,30,0.90243903,0.749431,0.03877,1958235.53,0.049946,0,1,0,2,0
S0_baseline,S0_baseline_P034_SB1.0,C:alpha=1.0;E:alpha=1.0;G:alpha=1.0;I:alpha=1.0;J:alpha=1.1,targeted_subsidy_1.0,0.7,0,0,30,0.90243903,0.749431,0.03877,1958235.53,0.049946,0,1,0,2,0
S0_baseline,S0_baseline_P034_SB1.0,C:alpha=1.0;E:alpha=1.0;G:alpha=1.0;I:alpha=1.0;J:alpha=1.1,targeted_subsidy_1.0,1.0,0,0,30,0.90243903,0.499189,0.0,-894973.32,-0.031397,0,0,0,4,0
S0_baseline,S0_baseline_P035_SB1.0,C:alpha=1.0;E:alpha=1.0;G:alpha=1.0;I:alpha=1.0;J:alpha=1.2,targeted_subsidy_1.0,0.2,0,0,30,0.86,0.498219,0.0,-547624.9,-0.019341,0,0,0,4,0
S0_baseline,S0_baseline_P035_SB1.0,C:alpha=1.0;E:alpha=1.0;G:alpha=1.0;I:alpha=1.0;J:alpha=1.2,targeted_subsidy_1.0,0.3,0,0,30,0.86,0.498219,0.0,-547624.9,-0.019341,0,0,0,4,0
S0_baseline,S0_baseline_P035_SB1.0,C:alpha=1.0;E:alpha=1.0;G:alpha=1.0;I:alpha=1.0;J:alpha=1.2,targeted_subsidy_1.0,0.5,0,0,30,0.86,0.498219,0.0,-547624.9,-0.019341,0,0,0,4,0
S0_baseline,S0_baseline_P035_SB1.0,C:alpha=1.0;E:alpha=1.0;G:alpha=1.0;I:alpha=1.0;J:alpha=1.2,targeted_subsidy_1.0,0.7,0,0,30,0.86,0.498219,0.0,-547624.9,-0.019341,0,0,0,4,0
S0_baseline,S0_baseline_P035_SB1.0,C:alpha=1.0;E:alpha=1.0;G:alpha=1.0;I:alpha=1.0;J:alpha=1.2,targeted_subsidy_1.0,1.0,0,0,30,0.86,0.627746,0.0,903536.37,0.026648,1,1,1,5,0
S0_baseline,S0_baseline_P036_SB1.0,C:alpha=1.0;E:alpha=1.0;G:alpha=1.0;I:alpha=1.0;J:alpha=1.3,targeted_subsidy_1.0,0.2,0,0,30,0.86,0.497287,0.0,-234186.75,-0.008319,0,0,0,4,0
S0_baseline,S0_baseline_P036_SB1.0,C:alpha=1.0;E:alpha=1.0;G:alpha=1.0;I:alpha=1.0;J:alpha=1.3,targeted_subsidy_1.0,0.3,0,0,30,0.86,0.497287,0.0,-234186.75,-0.008319,0,0,0,4,0
S0_baseline,S0_baseline_P036_SB1.0,C:alpha=1.0;E:alpha=1.0;G:alpha=1.0;I:alpha=1.0;J:alpha=1.3,targeted_subsidy_1.0,0.5,0,0,30,0.86,0.497287,0.0,-234186.75,-0.008319,0,0,0,4,0
S0_baseline,S0_baseline_P036_SB1.0,C:alpha=1.0;E:alpha=1.0;G:alpha=1.0;I:alpha=1.0;J:alpha=1.3,targeted_subsidy_1.0,0.7,0,0,30,0.86,0.497287,0.0,-234186.75,-0.008319,0,0,0,4,0
S0_baseline,S0_baseline_P036_SB1.0,C:alpha=1.0;E:alpha=1.0;G:alpha=1.0;I:alpha=1.0;J:alpha=1.3,targeted_subsidy_1.0,1.0,0,0,30,0.86,0.626695,0.0,1809522.18,0.053835,0,1,0,4,0
S0_baseline,S0_baseline_P037_SB1.0,C:alpha=1.0;E:alpha=1.0;G:alpha=1.0;I:alpha=1.0;J:alpha=1.4,targeted_subsidy_1.0,0.2,0,0,30,0.86,0.496486,0.0,58787.39,0.002098,0,1,0,4,0
S0_baseline,S0_baseline_P037_SB1.0,C:alpha=1.0;E:alpha=1.0;G:alpha=1.0;I:alpha=1.0;J:alpha=1.4,targeted_subsidy_1.0,0.3,0,0,30,0.86,0.496486,0.0,58787.39,0.002098,0,1,0,4,0
S0_baseline,S0_baseline_P037_SB1.0,C:alpha=1.0;E:alpha=1.0;G:alpha=1.0;I:alpha=1.0;J:alpha=1.4,targeted_subsidy_1.0,0.5,0,0,30,0.86,0.496486,0.0,58787.39,0.002098,0,1,0,4,0
S0_baseline,S0_baseline_P037_SB1.0,C:alpha=1.0;E:alpha=1.0;G:alpha=1.0;I:alpha=1.0;J:alpha=1.4,targeted_subsidy_1.0,0.7,0,0,30,0.86,0.496486,0.0,58787.39,0.002098,0,1,0,4,0
S0_baseline,S0_baseline_P037_SB1.0,C:alpha=1.0;E:alpha=1.0;G:alpha=1.0;I:alpha=1.0;J:alpha=1.4,targeted_subsidy_1.0,1.0,0,0,30,0.86,0.625789,0.0,2673870.16,0.08015,0,0,0,4,0
S0_baseline,S0_baseline_P038_SB1.0,C:alpha=1.0;E:alpha=1.0;G:alpha=1.0;I:alpha=1.0;J:alpha=1.5,targeted_subsidy_1.0,0.2,0,0,30,0.86,0.49579,0.0,335476.16,0.012026,1,1,1,5,0
S0_baseline,S0_baseline_P038_SB1.0,C:alpha=1.0;E:alpha=1.0;G:alpha=1.0;I:alpha=1.0;J:alpha=1.5,targeted_subsidy_1.0,0.3,0,0,30,0.86,0.49579,0.0,335476.16,0.012026,1,1,1,5,0
S0_baseline,S0_baseline_P038_SB1.0,C:alpha=1.0;E:alpha=1.0;G:alpha=1.0;I:alpha=1.0;J:alpha=1.5,targeted_subsidy_1.0,0.5,0,0,30,0.86,0.49579,0.0,335476.16,0.012026,1,1,1,5,0
S0_baseline,S0_baseline_P038_SB1.0,C:alpha=1.0;E:alpha=1.0;G:alpha=1.0;I:alpha=1.0;J:alpha=1.5,targeted_subsidy_1.0,0.7,0,0,30,0.86,0.49579,0.0,335476.16,0.012026,1,1,1,5,0
S0_baseline,S0_baseline_P038_SB1.0,C:alpha=1.0;E:alpha=1.0;G:alpha=1.0;I:alpha=1.0;J:alpha=1.5,targeted_subsidy_1.0,1.0,0,0,30,0.86,0.624998,0.0,3505115.08,0.105755,0,0,0,4,0
S0_baseline,S0_baseline_P039_SB1.0,C:alpha=1.0;E:alpha=1.0;G:alpha=1.0;I:alpha=1.0;J:alpha=1.6,targeted_subsidy_1.0,0.2,0,0,30,0.86,0.49518,0.0,598992.94,0.021552,0,1,0,4,0
S0_baseline,S0_baseline_P039_SB1.0,C:alpha=1.0;E:alpha=1.0;G:alpha=1.0;I:alpha=1.0;J:alpha=1.6,targeted_subsidy_1.0,0.3,0,0,30,0.86,0.49518,0.0,598992.94,0.021552,0,1,0,4,0
S0_baseline,S0_baseline_P039_SB1.0,C:alpha=1.0;E:alpha=1.0;G:alpha=1.0;I:alpha=1.0;J:alpha=1.6,targeted_subsidy_1.0,0.5,0,0,30,0.86,0.49518,0.0,598992.94,0.021552,0,1,0,4,0
S0_baseline,S0_baseline_P039_SB1.0,C:alpha=1.0;E:alpha=1.0;G:alpha=1.0;I:alpha=1.0;J:alpha=1.6,targeted_subsidy_1.0,0.7,0,0,30,0.86,0.49518,0.0,598992.94,0.021552,0,1,0,4,0
S0_baseline,S0_baseline_P039_SB1.0,C:alpha=1.0;E:alpha=1.0;G:alpha=1.0;I:alpha=1.0;J:alpha=1.6,targeted_subsidy_1.0,1.0,0,0,30,0.86,0.624303,0.0,4309608.49,0.130775,0,0,0,4,0
S0_baseline,S0_baseline_P040_SB1.0,C:alpha=1.0;E:alpha=1.0;G:alpha=1.0;I:alpha=1.0;J:alpha=1.8,targeted_subsidy_1.0,0.2,0,0,30,0.86,0.49416,0.0,1095444.34,0.039661,0,1,0,4,0
S0_baseline,S0_baseline_P040_SB1.0,C:alpha=1.0;E:alpha=1.0;G:alpha=1.0;I:alpha=1.0;J:alpha=1.8,targeted_subsidy_1.0,0.3,0,0,30,0.86,0.49416,0.0,1095444.34,0.039661,0,1,0,4,0
S0_baseline,S0_baseline_P040_SB1.0,C:alpha=1.0;E:alpha=1.0;G:alpha=1.0;I:alpha=1.0;J:alpha=1.8,targeted_subsidy_1.0,0.5,0,0,30,0.86,0.49416,0.0,1095444.34,0.039661,0,1,0,4,0
S0_baseline,S0_baseline_P040_SB1.0,C:alpha=1.0;E:alpha=1.0;G:alpha=1.0;I:alpha=1.0;J:alpha=1.8,targeted_subsidy_1.0,0.7,0,0,30,0.86,0.49416,0.0,1095444.34,0.039661,0,1,0,4,0
S0_baseline,S0_baseline_P040_SB1.0,C:alpha=1.0;E:alpha=1.0;G:alpha=1.0;I:alpha=1.0;J:alpha=1.8,targeted_subsidy_1.0,1.0,0,0,30,0.86,0.623028,0.0,5838437.52,0.179007,0,0,0,4,0
S0_baseline,S0_baseline_P041_SB1.0,C:alpha=1.0;E:alpha=1.0;G:alpha=1.0;I:alpha=1.0;J:alpha=2.0,targeted_subsidy_1.0,0.2,0,0,30,0.86,0.492837,0.0,1493101.75,0.054462,0,1,0,4,0
S0_baseline,S0_baseline_P041_SB1.0,C:alpha=1.0;E:alpha=1.0;G:alpha=1.0;I:alpha=1.0;J:alpha=2.0,targeted_subsidy_1.0,0.3,0,0,30,0.86,0.492837,0.0,1493101.75,0.054462,0,1,0,4,0
S0_baseline,S0_baseline_P041_SB1.0,C:alpha=1.0;E:alpha=1.0;G:alpha=1.0;I:alpha=1.0;J:alpha=2.0,targeted_subsidy_1.0,0.5,0,0,30,0.86,0.492837,0.0,1493101.75,0.054462,0,1,0,4,0
S0_baseline,S0_baseline_P041_SB1.0,C:alpha=1.0;E:alpha=1.0;G:alpha=1.0;I:alpha=1.0;J:alpha=2.0,targeted_subsidy_1.0,0.7,0,0,30,0.86,0.492837,0.0,1493101.75,0.054462,0,1,0,4,0
S0_baseline,S0_baseline_P041_SB1.0,C:alpha=1.0;E:alpha=1.0;G:alpha=1.0;I:alpha=1.0;J:alpha=2.0,targeted_subsidy_1.0,1.0,0,0,30,0.86,0.621032,0.0,7109305.44,0.221152,0,0,0,4,0
S0_baseline,S0_baseline_P042_SB1.0,C:alpha=1.1;E:alpha=1.1;G:alpha=1.0;I:alpha=1.0;J:alpha=1.0,targeted_subsidy_1.0,0.2,0,0,30,0.959,0.630306,0.088088,115424.33,0.003326,0,1,0,2,0
S0_baseline,S0_baseline_P042_SB1.0,C:alpha=1.1;E:alpha=1.1;G:alpha=1.0;I:alpha=1.0;J:alpha=1.0,targeted_subsidy_1.0,0.3,0,0,30,0.959,0.524134,0.0,-1076802.81,-0.037048,0,0,0,3,0
S0_baseline,S0_baseline_P042_SB1.0,C:alpha=1.1;E:alpha=1.1;G:alpha=1.0;I:alpha=1.0;J:alpha=1.0,targeted_subsidy_1.0,0.5,0,0,30,0.959,0.725369,0.2956,616116.07,0.015271,0,1,0,1,0
S0_baseline,S0_baseline_P042_SB1.0,C:alpha=1.1;E:alpha=1.1;G:alpha=1.0;I:alpha=1.0;J:alpha=1.0,targeted_subsidy_1.0,0.7,0,0,30,0.959,0.725369,0.2956,616116.07,0.015271,0,1,0,1,0
S0_baseline,S0_baseline_P042_SB1.0,C:alpha=1.1;E:alpha=1.1;G:alpha=1.0;I:alpha=1.0;J:alpha=1.0,targeted_subsidy_1.0,1.0,0,0,30,0.959,0.725369,0.2956,616116.07,0.015271,0,1,0,1,0
S0_baseline,S0_baseline_P043_SB1.0,C:alpha=1.1;E:alpha=1.2;G:alpha=1.0;I:alpha=1.0;J:alpha=1.0,targeted_subsidy_1.0,0.2,0,0,30,0.959,0.524134,0.0,-1076802.81,-0.037048,0,0,0,3,0
S0_baseline,S0_baseline_P043_SB1.0,C:alpha=1.1;E:alpha=1.2;G:alpha=1.0;I:alpha=1.0;J:alpha=1.0,targeted_subsidy_1.0,0.3,0,0,30,0.959,0.524134,0.0,-1076802.81,-0.037048,0,0,0,3,0
S0_baseline,S0_baseline_P043_SB1.0,C:alpha=1.1;E:alpha=1.2;G:alpha=1.0;I:alpha=1.0;J:alpha=1.0,targeted_subsidy_1.0,0.5,0,0,30,0.959,0.630306,0.088088,115424.33,0.003326,0,1,0,2,0
S0_baseline,S0_baseline_P043_SB1.0,C:alpha=1.1;E:alpha=1.2;G:alpha=1.0;I:alpha=1.0;J:alpha=1.0,targeted_subsidy_1.0,0.7,0,0,30,0.959,0.630306,0.088088,115424.33,0.003326,0,1,0,2,0
S0_baseline,S0_baseline_P043_SB1.0,C:alpha=1.1;E:alpha=1.2;G:alpha=1.0;I:alpha=1.0;J:alpha=1.0,targeted_subsidy_1.0,1.0,0,0,30,0.959,0.630306,0.088088,115424.33,0.003326,0,1,0,2,0
S0_baseline,S0_baseline_P044_SB1.0,C:alpha=1.1;E:alpha=1.3;G:alpha=1.0;I:alpha=1.0;J:alpha=1.0,targeted_subsidy_1.0,0.2,0,0,30,0.959,0.524134,0.0,-1076802.81,-0.037048,0,0,0,3,0
S0_baseline,S0_baseline_P044_SB1.0,C:alpha=1.1;E:alpha=1.3;G:alpha=1.0;I:alpha=1.0;J:alpha=1.0,targeted_subsidy_1.0,0.3,0,0,30,0.959,0.524134,0.0,-1076802.81,-0.037048,0,0,0,3,0
S0_baseline,S0_baseline_P044_SB1.0,C:alpha=1.1;E:alpha=1.3;G:alpha=1.0;I:alpha=1.0;J:alpha=1.0,targeted_subsidy_1.0,0.5,0,0,30,0.959,0.630306,0.088088,115424.33,0.003326,0,1,0,2,0
S0_baseline,S0_baseline_P044_SB1.0,C:alpha=1.1;E:alpha=1.3;G:alpha=1.0;I:alpha=1.0;J:alpha=1.0,targeted_subsidy_1.0,0.7,0,0,30,0.959,0.630306,0.088088,115424.33,0.003326,0,1,0,2,0
S0_baseline,S0_baseline_P044_SB1.0,C:alpha=1.1;E:alpha=1.3;G:alpha=1.0;I:alpha=1.0;J:alpha=1.0,targeted_subsidy_1.0,1.0,0,0,30,0.959,0.630306,0.088088,115424.33,0.003326,0,1,0,2,0
S0_baseline,S0_baseline_P045_SB1.0,C:alpha=1.1;E:alpha=1.4;G:alpha=1.0;I:alpha=1.0;J:alpha=1.0,targeted_subsidy_1.0,0.2,0,0,30,0.959,0.524134,0.0,-1076802.81,-0.037048,0,0,0,3,0
S0_baseline,S0_baseline_P045_SB1.0,C:alpha=1.1;E:alpha=1.4;G:alpha=1.0;I:alpha=1.0;J:alpha=1.0,targeted_subsidy_1.0,0.3,0,0,30,0.959,0.524134,0.0,-1076802.81,-0.037048,0,0,0,3,0
S0_baseline,S0_baseline_P045_SB1.0,C:alpha=1.1;E:alpha=1.4;G:alpha=1.0;I:alpha=1.0;J:alpha=1.0,targeted_subsidy_1.0,0.5,0,0,30,0.959,0.630306,0.088088,115424.33,0.003326,0,1,0,2,0
S0_baseline,S0_baseline_P045_SB1.0,C:alpha=1.1;E:alpha=1.4;G:alpha=1.0;I:alpha=1.0;J:alpha=1.0,targeted_subsidy_1.0,0.7,0,0,30,0.959,0.630306,0.088088,115424.33,0.003326,0,1,0,2,0
S0_baseline,S0_baseline_P045_SB1.0,C:alpha=1.1;E:alpha=1.4;G:alpha=1.0;I:alpha=1.0;J:alpha=1.0,targeted_subsidy_1.0,1.0,0,0,30,0.959,0.630306,0.088088,115424.33,0.003326,0,1,0,2,0
S0_baseline,S0_baseline_P046_SB1.0,C:alpha=1.1;E:alpha=1.5;G:alpha=1.0;I:alpha=1.0;J:alpha=1.0,targeted_subsidy_1.0,0.2,0,0,30,0.959,0.524134,0.0,-1076802.81,-0.037048,0,0,0,3,0
S0_baseline,S0_baseline_P046_SB1.0,C:alpha=1.1;E:alpha=1.5;G:alpha=1.0;I:alpha=1.0;J:alpha=1.0,targeted_subsidy_1.0,0.3,0,0,30,0.959,0.524134,0.0,-1076802.81,-0.037048,0,0,0,3,0
S0_baseline,S0_baseline_P046_SB1.0,C:alpha=1.1;E:alpha=1.5;G:alpha=1.0;I:alpha=1.0;J:alpha=1.0,targeted_subsidy_1.0,0.5,0,0,30,0.959,0.630306,0.088088,115424.33,0.003326,0,1,0,2,0
S0_baseline,S0_baseline_P046_SB1.0,C:alpha=1.1;E:alpha=1.5;G:alpha=1.0;I:alpha=1.0;J:alpha=1.0,targeted_subsidy_1.0,0.7,0,0,30,0.959,0.630306,0.088088,115424.33,0.003326,0,1,0,2,0
S0_baseline,S0_baseline_P046_SB1.0,C:alpha=1.1;E:alpha=1.5;G:alpha=1.0;I:alpha=1.0;J:alpha=1.0,targeted_subsidy_1.0,1.0,0,0,30,0.959,0.630306,0.088088,115424.33,0.003326,0,1,0,2,0
S0_baseline,S0_baseline_P047_SB1.0,C:alpha=1.1;E:alpha=1.6;G:alpha=1.0;I:alpha=1.0;J:alpha=1.0,targeted_subsidy_1.0,0.2,0,0,30,0.959,0.524134,0.0,-1076802.81,-0.037048,0,0,0,3,0
S0_baseline,S0_baseline_P047_SB1.0,C:alpha=1.1;E:alpha=1.6;G:alpha=1.0;I:alpha=1.0;J:alpha=1.0,targeted_subsidy_1.0,0.3,0,0,30,0.959,0.524134,0.0,-1076802.81,-0.037048,0,0,0,3,0
S0_baseline,S0_baseline_P047_SB1.0,C:alpha=1.1;E:alpha=1.6;G:alpha=1.0;I:alpha=1.0;J:alpha=1.0,targeted_subsidy_1.0,0.5,0,0,30,0.959,0.630306,0.088088,115424.33,0.003326,0,1,0,2,0
S0_baseline,S0_baseline_P047_SB1.0,C:alpha=1.1;E:alpha=1.6;G:alpha=1.0;I:alpha=1.0;J:alpha=1.0,targeted_subsidy_1.0,0.7,0,0,30,0.959,0.630306,0.088088,115424.33,0.003326,0,1,0,2,0
S0_baseline,S0_baseline_P047_SB1.0,C:alpha=1.1;E:alpha=1.6;G:alpha=1.0;I:alpha=1.0;J:alpha=1.0,targeted_subsidy_1.0,1.0,0,0,30,0.959,0.630306,0.088088,115424.33,0.003326,0,1,0,2,0
S0_baseline,S0_baseline_P048_SB1.0,C:alpha=1.1;E:alpha=1.8;G:alpha=1.0;I:alpha=1.0;J:alpha=1.0,targeted_subsidy_1.0,0.2,0,0,30,0.959,0.524134,0.0,-1076802.81,-0.037048,0,0,0,3,0
S0_baseline,S0_baseline_P048_SB1.0,C:alpha=1.1;E:alpha=1.8;G:alpha=1.0;I:alpha=1.0;J:alpha=1.0,targeted_subsidy_1.0,0.3,0,0,30,0.959,0.524134,0.0,-1076802.81,-0.037048,0,0,0,3,0
S0_baseline,S0_baseline_P048_SB1.0,C:alpha=1.1;E:alpha=1.8;G:alpha=1.0;I:alpha=1.0;J:alpha=1.0,targeted_subsidy_1.0,0.5,0,0,30,0.959,0.630306,0.088088,115424.33,0.003326,0,1,0,2,0
S0_baseline,S0_baseline_P048_SB1.0,C:alpha=1.1;E:alpha=1.8;G:alpha=1.0;I:alpha=1.0;J:alpha=1.0,targeted_subsidy_1.0,0.7,0,0,30,0.959,0.630306,0.088088,115424.33,0.003326,0,1,0,2,0
S0_baseline,S0_baseline_P048_SB1.0,C:alpha=1.1;E:alpha=1.8;G:alpha=1.0;I:alpha=1.0;J:alpha=1.0,targeted_subsidy_1.0,1.0,0,0,30,0.959,0.630306,0.088088,115424.33,0.003326,0,1,0,2,0
S0_baseline,S0_baseline_P049_SB1.0,C:alpha=1.1;E:alpha=2.0;G:alpha=1.0;I:alpha=1.0;J:alpha=1.0,targeted_subsidy_1.0,0.2,0,0,30,0.959,0.524134,0.0,-1076802.81,-0.037048,0,0,0,3,0
S0_baseline,S0_baseline_P049_SB1.0,C:alpha=1.1;E:alpha=2.0;G:alpha=1.0;I:alpha=1.0;J:alpha=1.0,targeted_subsidy_1.0,0.3,0,0,30,0.959,0.524134,0.0,-1076802.81,-0.037048,0,0,0,3,0
S0_baseline,S0_baseline_P049_SB1.0,C:alpha=1.1;E:alpha=2.0;G:alpha=1.0;I:alpha=1.0;J:alpha=1.0,targeted_subsidy_1.0,0.5,0,0,30,0.959,0.630306,0.088088,115424.33,0.003326,0,1,0,2,0
S0_baseline,S0_baseline_P049_SB1.0,C:alpha=1.1;E:alpha=2.0;G:alpha=1.0;I:alpha=1.0;J:alpha=1.0,targeted_subsidy_1.0,0.7,0,0,30,0.959,0.630306,0.088088,115424.33,0.003326,0,1,0,2,0
S0_baseline,S0_baseline_P049_SB1.0,C:alpha=1.1;E:alpha=2.0;G:alpha=1.0;I:alpha=1.0;J:alpha=1.0,targeted_subsidy_1.0,1.0,0,0,30,0.959,0.630306,0.088088,115424.33,0.003326,0,1,0,2,0
S0_baseline,S0_baseline_P050_SB1.0,C:alpha=1.2;E:alpha=1.1;G:alpha=1.0;I:alpha=1.0;J:alpha=1.0,targeted_subsidy_1.0,0.2,0,0,30,0.959,0.524134,0.0,-1076802.81,-0.037048,0,0,0,3,0
S0_baseline,S0_baseline_P050_SB1.0,C:alpha=1.2;E:alpha=1.1;G:alpha=1.0;I:alpha=1.0;J:alpha=1.0,targeted_subsidy_1.0,0.3,0,0,30,0.959,0.524134,0.0,-1076802.81,-0.037048,0,0,0,3,0
S0_baseline,S0_baseline_P050_SB1.0,C:alpha=1.2;E:alpha=1.1;G:alpha=1.0;I:alpha=1.0;J:alpha=1.0,targeted_subsidy_1.0,0.5,0,0,30,0.959,0.627785,0.0,-129395.66,-0.003704,0,0,0,1,0
S0_baseline,S0_baseline_P050_SB1.0,C:alpha=1.2;E:alpha=1.1;G:alpha=1.0;I:alpha=1.0;J:alpha=1.0,targeted_subsidy_1.0,0.7,0,0,30,0.959,0.627785,0.0,-129395.66,-0.003704,0,0,0,1,0
S0_baseline,S0_baseline_P050_SB1.0,C:alpha=1.2;E:alpha=1.1;G:alpha=1.0;I:alpha=1.0;J:alpha=1.0,targeted_subsidy_1.0,1.0,0,0,30,0.959,0.627785,0.0,-129395.66,-0.003704,0,0,0,1,0
S0_baseline,S0_baseline_P051_SB1.0,C:alpha=1.2;E:alpha=1.2;G:alpha=1.0;I:alpha=1.0;J:alpha=1.0,targeted_subsidy_1.0,0.2,1,1,3,0.959,0.524134,0.0,-1076802.81,-0.037048,0,0,0,3,0
S0_baseline,S0_baseline_P051_SB1.0,C:alpha=1.2;E:alpha=1.2;G:alpha=1.0;I:alpha=1.0;J:alpha=1.0,targeted_subsidy_1.0,0.3,1,1,3,0.959,0.524134,0.0,-1076802.81,-0.037048,0,0,0,3,0
S0_baseline,S0_baseline_P051_SB1.0,C:alpha=1.2;E:alpha=1.2;G:alpha=1.0;I:alpha=1.0;J:alpha=1.0,targeted_subsidy_1.0,0.5,1,1,3,0.959,0.524134,0.0,-1076802.81,-0.037048,0,0,0,3,0
S0_baseline,S0_baseline_P051_SB1.0,C:alpha=1.2;E:alpha=1.2;G:alpha=1.0;I:alpha=1.0;J:alpha=1.0,targeted_subsidy_1.0,0.7,1,1,3,0.959,0.524134,0.0,-1076802.81,-0.037048,0,0,0,3,0
S0_baseline,S0_baseline_P051_SB1.0,C:alpha=1.2;E:alpha=1.2;G:alpha=1.0;I:alpha=1.0;J:alpha=1.0,targeted_subsidy_1.0,1.0,1,1,3,0.959,0.524134,0.0,-1076802.81,-0.037048,0,0,0,3,0
S0_baseline,S0_baseline_P052_SB1.0,C:alpha=1.2;E:alpha=1.3;G:alpha=1.0;I:alpha=1.0;J:alpha=1.0,targeted_subsidy_1.0,0.2,1,1,3,0.959,0.524134,0.0,-1076802.81,-0.037048,0,0,0,3,0
S0_baseline,S0_baseline_P052_SB1.0,C:alpha=1.2;E:alpha=1.3;G:alpha=1.0;I:alpha=1.0;J:alpha=1.0,targeted_subsidy_1.0,0.3,1,1,3,0.959,0.524134,0.0,-1076802.81,-0.037048,0,0,0,3,0
S0_baseline,S0_baseline_P052_SB1.0,C:alpha=1.2;E:alpha=1.3;G:alpha=1.0;I:alpha=1.0;J:alpha=1.0,targeted_subsidy_1.0,0.5,1,1,3,0.959,0.524134,0.0,-1076802.81,-0.037048,0,0,0,3,0
S0_baseline,S0_baseline_P052_SB1.0,C:alpha=1.2;E:alpha=1.3;G:alpha=1.0;I:alpha=1.0;J:alpha=1.0,targeted_subsidy_1.0,0.7,1,1,3,0.959,0.524134,0.0,-1076802.81,-0.037048,0,0,0,3,0
S0_baseline,S0_baseline_P052_SB1.0,C:alpha=1.2;E:alpha=1.3;G:alpha=1.0;I:alpha=1.0;J:alpha=1.0,targeted_subsidy_1.0,1.0,1,1,3,0.959,0.524134,0.0,-1076802.81,-0.037048,0,0,0,3,0
S0_baseline,S0_baseline_P053_SB1.0,C:alpha=1.2;E:alpha=1.4;G:alpha=1.0;I:alpha=1.0;J:alpha=1.0,targeted_subsidy_1.0,0.2,1,1,3,0.959,0.524134,0.0,-1076802.81,-0.037048,0,0,0,3,0
S0_baseline,S0_baseline_P053_SB1.0,C:alpha=1.2;E:alpha=1.4;G:alpha=1.0;I:alpha=1.0;J:alpha=1.0,targeted_subsidy_1.0,0.3,1,1,3,0.959,0.524134,0.0,-1076802.81,-0.037048,0,0,0,3,0
S0_baseline,S0_baseline_P053_SB1.0,C:alpha=1.2;E:alpha=1.4;G:alpha=1.0;I:alpha=1.0;J:alpha=1.0,targeted_subsidy_1.0,0.5,1,1,3,0.959,0.524134,0.0,-1076802.81,-0.037048,0,0,0,3,0
S0_baseline,S0_baseline_P053_SB1.0,C:alpha=1.2;E:alpha=1.4;G:alpha=1.0;I:alpha=1.0;J:alpha=1.0,targeted_subsidy_1.0,0.7,1,1,3,0.959,0.524134,0.0,-1076802.81,-0.037048,0,0,0,3,0
S0_baseline,S0_baseline_P053_SB1.0,C:alpha=1.2;E:alpha=1.4;G:alpha=1.0;I:alpha=1.0;J:alpha=1.0,targeted_subsidy_1.0,1.0,1,1,3,0.959,0.524134,0.0,-1076802.81,-0.037048,0,0,0,3,0
S0_baseline,S0_baseline_P054_SB1.0,C:alpha=1.2;E:alpha=1.5;G:alpha=1.0;I:alpha=1.0;J:alpha=1.0,targeted_subsidy_1.0,0.2,1,1,3,0.959,0.524134,0.0,-1076802.81,-0.037048,0,0,0,3,0
S0_baseline,S0_baseline_P054_SB1.0,C:alpha=1.2;E:alpha=1.5;G:alpha=1.0;I:alpha=1.0;J:alpha=1.0,targeted_subsidy_1.0,0.3,1,1,3,0.959,0.524134,0.0,-1076802.81,-0.037048,0,0,0,3,0
S0_baseline,S0_baseline_P054_SB1.0,C:alpha=1.2;E:alpha=1.5;G:alpha=1.0;I:alpha=1.0;J:alpha=1.0,targeted_subsidy_1.0,0.5,1,1,3,0.959,0.524134,0.0,-1076802.81,-0.037048,0,0,0,3,0
S0_baseline,S0_baseline_P054_SB1.0,C:alpha=1.2;E:alpha=1.5;G:alpha=1.0;I:alpha=1.0;J:alpha=1.0,targeted_subsidy_1.0,0.7,1,1,3,0.959,0.524134,0.0,-1076802.81,-0.037048,0,0,0,3,0
S0_baseline,S0_baseline_P054_SB1.0,C:alpha=1.2;E:alpha=1.5;G:alpha=1.0;I:alpha=1.0;J:alpha=1.0,targeted_subsidy_1.0,1.0,1,1,3,0.959,0.524134,0.0,-1076802.81,-0.037048,0,0,0,3,0
S0_baseline,S0_baseline_P055_SB1.0,C:alpha=1.2;E:alpha=1.6;G:alpha=1.0;I:alpha=1.0;J:alpha=1.0,targeted_subsidy_1.0,0.2,1,1,3,0.959,0.524134,0.0,-1076802.81,-0.037048,0,0,0,3,0
S0_baseline,S0_baseline_P055_SB1.0,C:alpha=1.2;E:alpha=1.6;G:alpha=1.0;I:alpha=1.0;J:alpha=1.0,targeted_subsidy_1.0,0.3,1,1,3,0.959,0.524134,0.0,-1076802.81,-0.037048,0,0,0,3,0
S0_baseline,S0_baseline_P055_SB1.0,C:alpha=1.2;E:alpha=1.6;G:alpha=1.0;I:alpha=1.0;J:alpha=1.0,targeted_subsidy_1.0,0.5,1,1,3,0.959,0.524134,0.0,-1076802.81,-0.037048,0,0,0,3,0
S0_baseline,S0_baseline_P055_SB1.0,C:alpha=1.2;E:alpha=1.6;G:alpha=1.0;I:alpha=1.0;J:alpha=1.0,targeted_subsidy_1.0,0.7,1,1,3,0.959,0.524134,0.0,-1076802.81,-0.037048,0,0,0,3,0
S0_baseline,S0_baseline_P055_SB1.0,C:alpha=1.2;E:alpha=1.6;G:alpha=1.0;I:alpha=1.0;J:alpha=1.0,targeted_subsidy_1.0,1.0,1,1,3,0.959,0.524134,0.0,-1076802.81,-0.037048,0,0,0,3,0
S0_baseline,S0_baseline_P056_SB1.0,C:alpha=1.2;E:alpha=1.8;G:alpha=1.0;I:alpha=1.0;J:alpha=1.0,targeted_subsidy_1.0,0.2,1,1,3,0.959,0.524134,0.0,-1076802.81,-0.037048,0,0,0,3,0
S0_baseline,S0_baseline_P056_SB1.0,C:alpha=1.2;E:alpha=1.8;G:alpha=1.0;I:alpha=1.0;J:alpha=1.0,targeted_subsidy_1.0,0.3,1,1,3,0.959,0.524134,0.0,-1076802.81,-0.037048,0,0,0,3,0
S0_baseline,S0_baseline_P056_SB1.0,C:alpha=1.2;E:alpha=1.8;G:alpha=1.0;I:alpha=1.0;J:alpha=1.0,targeted_subsidy_1.0,0.5,1,1,3,0.959,0.524134,0.0,-1076802.81,-0.037048,0,0,0,3,0
S0_baseline,S0_baseline_P056_SB1.0,C:alpha=1.2;E:alpha=1.8;G:alpha=1.0;I:alpha=1.0;J:alpha=1.0,targeted_subsidy_1.0,0.7,1,1,3,0.959,0.524134,0.0,-1076802.81,-0.037048,0,0,0,3,0
S0_baseline,S0_baseline_P056_SB1.0,C:alpha=1.2;E:alpha=1.8;G:alpha=1.0;I:alpha=1.0;J:alpha=1.0,targeted_subsidy_1.0,1.0,1,1,3,0.959,0.524134,0.0,-1076802.81,-0.037048,0,0,0,3,0
S0_baseline,S0_baseline_P057_SB1.0,C:alpha=1.2;E:alpha=2.0;G:alpha=1.0;I:alpha=1.0;J:alpha=1.0,targeted_subsidy_1.0,0.2,1,1,3,0.959,0.524134,0.0,-1076802.81,-0.037048,0,0,0,3,0
S0_baseline,S0_baseline_P057_SB1.0,C:alpha=1.2;E:alpha=2.0;G:alpha=1.0;I:alpha=1.0;J:alpha=1.0,targeted_subsidy_1.0,0.3,1,1,3,0.959,0.524134,0.0,-1076802.81,-0.037048,0,0,0,3,0
S0_baseline,S0_baseline_P057_SB1.0,C:alpha=1.2;E:alpha=2.0;G:alpha=1.0;I:alpha=1.0;J:alpha=1.0,targeted_subsidy_1.0,0.5,1,1,3,0.959,0.524134,0.0,-1076802.81,-0.037048,0,0,0,3,0
S0_baseline,S0_baseline_P057_SB1.0,C:alpha=1.2;E:alpha=2.0;G:alpha=1.0;I:alpha=1.0;J:alpha=1.0,targeted_subsidy_1.0,0.7,1,1,3,0.959,0.524134,0.0,-1076802.81,-0.037048,0,0,0,3,0
S0_baseline,S0_baseline_P057_SB1.0,C:alpha=1.2;E:alpha=2.0;G:alpha=1.0;I:alpha=1.0;J:alpha=1.0,targeted_subsidy_1.0,1.0,1,1,3,0.959,0.524134,0.0,-1076802.81,-0.037048,0,0,0,3,0
S0_baseline,S0_baseline_P058_SB1.0,C:alpha=1.3;E:alpha=1.1;G:alpha=1.0;I:alpha=1.0;J:alpha=1.0,targeted_subsidy_1.0,0.2,0,0,30,0.959,0.524134,0.0,-1076802.81,-0.037048,0,0,0,3,0
S0_baseline,S0_baseline_P058_SB1.0,C:alpha=1.3;E:alpha=1.1;G:alpha=1.0;I:alpha=1.0;J:alpha=1.0,targeted_subsidy_1.0,0.3,0,0,30,0.959,0.524134,0.0,-1076802.81,-0.037048,0,0,0,3,0
S0_baseline,S0_baseline_P058_SB1.0,C:alpha=1.3;E:alpha=1.1;G:alpha=1.0;I:alpha=1.0;J:alpha=1.0,targeted_subsidy_1.0,0.5,0,0,30,0.959,0.627785,0.0,-129395.66,-0.003704,0,0,0,1,0
S0_baseline,S0_baseline_P058_SB1.0,C:alpha=1.3;E:alpha=1.1;G:alpha=1.0;I:alpha=1.0;J:alpha=1.0,targeted_subsidy_1.0,0.7,0,0,30,0.959,0.627785,0.0,-129395.66,-0.003704,0,0,0,1,0
S0_baseline,S0_baseline_P058_SB1.0,C:alpha=1.3;E:alpha=1.1;G:alpha=1.0;I:alpha=1.0;J:alpha=1.0,targeted_subsidy_1.0,1.0,0,0,30,0.959,0.627785,0.0,-129395.66,-0.003704,0,0,0,1,0
S0_baseline,S0_baseline_P059_SB1.0,C:alpha=1.3;E:alpha=1.2;G:alpha=1.0;I:alpha=1.0;J:alpha=1.0,targeted_subsidy_1.0,0.2,1,1,3,0.959,0.524134,0.0,-1076802.81,-0.037048,0,0,0,3,0
S0_baseline,S0_baseline_P059_SB1.0,C:alpha=1.3;E:alpha=1.2;G:alpha=1.0;I:alpha=1.0;J:alpha=1.0,targeted_subsidy_1.0,0.3,1,1,3,0.959,0.524134,0.0,-1076802.81,-0.037048,0,0,0,3,0
S0_baseline,S0_baseline_P059_SB1.0,C:alpha=1.3;E:alpha=1.2;G:alpha=1.0;I:alpha=1.0;J:alpha=1.0,targeted_subsidy_1.0,0.5,1,1,3,0.959,0.524134,0.0,-1076802.81,-0.037048,0,0,0,3,0
S0_baseline,S0_baseline_P059_SB1.0,C:alpha=1.3;E:alpha=1.2;G:alpha=1.0;I:alpha=1.0;J:alpha=1.0,targeted_subsidy_1.0,0.7,1,1,3,0.959,0.524134,0.0,-1076802.81,-0.037048,0,0,0,3,0
S0_baseline,S0_baseline_P059_SB1.0,C:alpha=1.3;E:alpha=1.2;G:alpha=1.0;I:alpha=1.0;J:alpha=1.0,targeted_subsidy_1.0,1.0,1,1,3,0.959,0.524134,0.0,-1076802.81,-0.037048,0,0,0,3,0
S0_baseline,S0_baseline_P060_SB1.0,C:alpha=1.3;E:alpha=1.3;G:alpha=1.0;I:alpha=1.0;J:alpha=1.0,targeted_subsidy_1.0,0.2,1,1,3,0.959,0.524134,0.0,-1076802.81,-0.037048,0,0,0,3,0
S0_baseline,S0_baseline_P060_SB1.0,C:alpha=1.3;E:alpha=1.3;G:alpha=1.0;I:alpha=1.0;J:alpha=1.0,targeted_subsidy_1.0,0.3,1,1,3,0.959,0.524134,0.0,-1076802.81,-0.037048,0,0,0,3,0
S0_baseline,S0_baseline_P060_SB1.0,C:alpha=1.3;E:alpha=1.3;G:alpha=1.0;I:alpha=1.0;J:alpha=1.0,targeted_subsidy_1.0,0.5,1,1,3,0.959,0.524134,0.0,-1076802.81,-0.037048,0,0,0,3,0
S0_baseline,S0_baseline_P060_SB1.0,C:alpha=1.3;E:alpha=1.3;G:alpha=1.0;I:alpha=1.0;J:alpha=1.0,targeted_subsidy_1.0,0.7,1,1,3,0.959,0.524134,0.0,-1076802.81,-0.037048,0,0,0,3,0
S0_baseline,S0_baseline_P060_SB1.0,C:alpha=1.3;E:alpha=1.3;G:alpha=1.0;I:alpha=1.0;J:alpha=1.0,targeted_subsidy_1.0,1.0,1,1,3,0.959,0.524134,0.0,-1076802.81,-0.037048,0,0,0,3,0
S0_baseline,S0_baseline_P001_SB2.0,C:alpha=1.0;E:alpha=1.0;G:alpha=1.0;I:alpha=1.0;J:alpha=1.0,targeted_subsidy_2.0,0.2,1,1,3,0.92793307,0.725251,0.026887,349513.47,0.008905,0,1,0,2,0
S0_baseline,S0_baseline_P001_SB2.0,C:alpha=1.0;E:alpha=1.0;G:alpha=1.0;I:alpha=1.0;J:alpha=1.0,targeted_subsidy_2.0,0.3,1,1,3,0.92793307,0.725251,0.026887,349513.47,0.008905,0,1,0,2,0
S0_baseline,S0_baseline_P001_SB2.0,C:alpha=1.0;E:alpha=1.0;G:alpha=1.0;I:alpha=1.0;J:alpha=1.0,targeted_subsidy_2.0,0.5,1,1,3,0.92793307,0.725251,0.026887,349513.47,0.008905,0,1,0,2,0
S0_baseline,S0_baseline_P001_SB2.0,C:alpha=1.0;E:alpha=1.0;G:alpha=1.0;I:alpha=1.0;J:alpha=1.0,targeted_subsidy_2.0,0.7,1,1,3,0.92793307,0.725251,0.026887,349513.47,0.008905,0,1,0,2,0
S0_baseline,S0_baseline_P001_SB2.0,C:alpha=1.0;E:alpha=1.0;G:alpha=1.0;I:alpha=1.0;J:alpha=1.0,targeted_subsidy_2.0,1.0,1,1,3,0.92793307,0.725251,0.026887,349513.47,0.008905,0,1,0,2,0
S0_baseline,S0_baseline_P002_SB2.0,C:alpha=1.1;E:alpha=1.0;G:alpha=1.0;I:alpha=1.0;J:alpha=1.0,targeted_subsidy_2.0,0.2,0,0,30,0.90217486,0.621198,0.0,-406235.94,-0.011905,0,0,0,2,0
S0_baseline,S0_baseline_P002_SB2.0,C:alpha=1.1;E:alpha=1.0;G:alpha=1.0;I:alpha=1.0;J:alpha=1.0,targeted_subsidy_2.0,0.3,0,0,30,0.90217486,0.621198,0.0,-406235.94,-0.011905,0,0,0,2,0
S0_baseline,S0_baseline_P002_SB2.0,C:alpha=1.1;E:alpha=1.0;G:alpha=1.0;I:alpha=1.0;J:alpha=1.0,targeted_subsidy_2.0,0.5,0,0,30,0.90217486,0.726885,0.359926,736246.49,0.018857,0,1,0,2,0
S0_baseline,S0_baseline_P002_SB2.0,C:alpha=1.1;E:alpha=1.0;G:alpha=1.0;I:alpha=1.0;J:alpha=1.0,targeted_subsidy_2.0,0.7,0,0,30,0.90217486,0.726885,0.359926,736246.49,0.018857,0,1,0,2,0
S0_baseline,S0_baseline_P002_SB2.0,C:alpha=1.1;E:alpha=1.0;G:alpha=1.0;I:alpha=1.0;J:alpha=1.0,targeted_subsidy_2.0,1.0,0,0,30,0.90217486,0.726885,0.359926,736246.49,0.018857,0,1,0,2,0
S0_baseline,S0_baseline_P003_SB2.0,C:alpha=1.2;E:alpha=1.0;G:alpha=1.0;I:alpha=1.0;J:alpha=1.0,targeted_subsidy_2.0,0.2,1,1,3,0.88,0.621198,0.0,-406235.94,-0.011905,0,0,0,2,0
S0_baseline,S0_baseline_P003_SB2.0,C:alpha=1.2;E:alpha=1.0;G:alpha=1.0;I:alpha=1.0;J:alpha=1.0,targeted_subsidy_2.0,0.3,1,1,3,0.88,0.621198,0.0,-406235.94,-0.011905,0,0,0,2,0
S0_baseline,S0_baseline_P003_SB2.0,C:alpha=1.2;E:alpha=1.0;G:alpha=1.0;I:alpha=1.0;J:alpha=1.0,targeted_subsidy_2.0,0.5,1,1,3,0.88,0.621198,0.0,-406235.94,-0.011905,0,0,0,2,0
S0_baseline,S0_baseline_P003_SB2.0,C:alpha=1.2;E:alpha=1.0;G:alpha=1.0;I:alpha=1.0;J:alpha=1.0,targeted_subsidy_2.0,0.7,1,1,3,0.88,0.621198,0.0,-406235.94,-0.011905,0,0,0,2,0
S0_baseline,S0_baseline_P003_SB2.0,C:alpha=1.2;E:alpha=1.0;G:alpha=1.0;I:alpha=1.0;J:alpha=1.0,targeted_subsidy_2.0,1.0,1,1,3,0.88,0.621198,0.0,-406235.94,-0.011905,0,0,0,2,0
S0_baseline,S0_baseline_P004_SB2.0,C:alpha=1.3;E:alpha=1.0;G:alpha=1.0;I:alpha=1.0;J:alpha=1.0,targeted_subsidy_2.0,0.2,1,1,3,0.88,0.621198,0.0,-406235.94,-0.011905,0,0,0,2,0
S0_baseline,S0_baseline_P004_SB2.0,C:alpha=1.3;E:alpha=1.0;G:alpha=1.0;I:alpha=1.0;J:alpha=1.0,targeted_subsidy_2.0,0.3,1,1,3,0.88,0.621198,0.0,-406235.94,-0.011905,0,0,0,2,0
S0_baseline,S0_baseline_P004_SB2.0,C:alpha=1.3;E:alpha=1.0;G:alpha=1.0;I:alpha=1.0;J:alpha=1.0,targeted_subsidy_2.0,0.5,1,1,3,0.88,0.621198,0.0,-406235.94,-0.011905,0,0,0,2,0
S0_baseline,S0_baseline_P004_SB2.0,C:alpha=1.3;E:alpha=1.0;G:alpha=1.0;I:alpha=1.0;J:alpha=1.0,targeted_subsidy_2.0,0.7,1,1,3,0.88,0.621198,0.0,-406235.94,-0.011905,0,0,0,2,0
S0_baseline,S0_baseline_P004_SB2.0,C:alpha=1.3;E:alpha=1.0;G:alpha=1.0;I:alpha=1.0;J:alpha=1.0,targeted_subsidy_2.0,1.0,1,1,3,0.88,0.621198,0.0,-406235.94,-0.011905,0,0,0,2,0
S0_baseline,S0_baseline_P005_SB2.0,C:alpha=1.4;E:alpha=1.0;G:alpha=1.0;I:alpha=1.0;J:alpha=1.0,targeted_subsidy_2.0,0.2,1,1,3,0.88,0.621198,0.0,-406235.94,-0.011905,0,0,0,2,0
S0_baseline,S0_baseline_P005_SB2.0,C:alpha=1.4;E:alpha=1.0;G:alpha=1.0;I:alpha=1.0;J:alpha=1.0,targeted_subsidy_2.0,0.3,1,1,3,0.88,0.621198,0.0,-406235.94,-0.011905,0,0,0,2,0
S0_baseline,S0_baseline_P005_SB2.0,C:alpha=1.4;E:alpha=1.0;G:alpha=1.0;I:alpha=1.0;J:alpha=1.0,targeted_subsidy_2.0,0.5,1,1,3,0.88,0.621198,0.0,-406235.94,-0.011905,0,0,0,2,0
S0_baseline,S0_baseline_P005_SB2.0,C:alpha=1.4;E:alpha=1.0;G:alpha=1.0;I:alpha=1.0;J:alpha=1.0,targeted_subsidy_2.0,0.7,1,1,3,0.88,0.621198,0.0,-406235.94,-0.011905,0,0,0,2,0
S0_baseline,S0_baseline_P005_SB2.0,C:alpha=1.4;E:alpha=1.0;G:alpha=1.0;I:alpha=1.0;J:alpha=1.0,targeted_subsidy_2.0,1.0,1,1,3,0.88,0.621198,0.0,-406235.94,-0.011905,0,0,0,2,0
S0_baseline,S0_baseline_P006_SB2.0,C:alpha=1.5;E:alpha=1.0;G:alpha=1.0;I:alpha=1.0;J:alpha=1.0,targeted_subsidy_2.0,0.2,1,1,3,0.88,0.621198,0.0,-406235.94,-0.011905,0,0,0,2,0
S0_baseline,S0_baseline_P006_SB2.0,C:alpha=1.5;E:alpha=1.0;G:alpha=1.0;I:alpha=1.0;J:alpha=1.0,targeted_subsidy_2.0,0.3,1,1,3,0.88,0.621198,0.0,-406235.94,-0.011905,0,0,0,2,0
S0_baseline,S0_baseline_P006_SB2.0,C:alpha=1.5;E:alpha=1.0;G:alpha=1.0;I:alpha=1.0;J:alpha=1.0,targeted_subsidy_2.0,0.5,1,1,3,0.88,0.621198,0.0,-406235.94,-0.011905,0,0,0,2,0
S0_baseline,S0_baseline_P006_SB2.0,C:alpha=1.5;E:alpha=1.0;G:alpha=1.0;I:alpha=1.0;J:alpha=1.0,targeted_subsidy_2.0,0.7,1,1,3,0.88,0.621198,0.0,-406235.94,-0.011905,0,0,0,2,0
S0_baseline,S0_baseline_P006_SB2.0,C:alpha=1.5;E:alpha=1.0;G:alpha=1.0;I:alpha=1.0;J:alpha=1.0,targeted_subsidy_2.0,1.0,1,1,3,0.88,0.621198,0.0,-406235.94,-0.011905,0,0,0,2,0
S0_baseline,S0_baseline_P007_SB2.0,C:alpha=1.6;E:alpha=1.0;G:alpha=1.0;I:alpha=1.0;J:alpha=1.0,targeted_subsidy_2.0,0.2,1,1,3,0.88,0.621198,0.0,-406235.94,-0.011905,0,0,0,2,0
S0_baseline,S0_baseline_P007_SB2.0,C:alpha=1.6;E:alpha=1.0;G:alpha=1.0;I:alpha=1.0;J:alpha=1.0,targeted_subsidy_2.0,0.3,1,1,3,0.88,0.621198,0.0,-406235.94,-0.011905,0,0,0,2,0
S0_baseline,S0_baseline_P007_SB2.0,C:alpha=1.6;E:alpha=1.0;G:alpha=1.0;I:alpha=1.0;J:alpha=1.0,targeted_subsidy_2.0,0.5,1,1,3,0.88,0.621198,0.0,-406235.94,-0.011905,0,0,0,2,0
S0_baseline,S0_baseline_P007_SB2.0,C:alpha=1.6;E:alpha=1.0;G:alpha=1.0;I:alpha=1.0;J:alpha=1.0,targeted_subsidy_2.0,0.7,1,1,3,0.88,0.621198,0.0,-406235.94,-0.011905,0,0,0,2,0
S0_baseline,S0_baseline_P007_SB2.0,C:alpha=1.6;E:alpha=1.0;G:alpha=1.0;I:alpha=1.0;J:alpha=1.0,targeted_subsidy_2.0,1.0,1,1,3,0.88,0.621198,0.0,-406235.94,-0.011905,0,0,0,2,0
S0_baseline,S0_baseline_P008_SB2.0,C:alpha=1.8;E:alpha=1.0;G:alpha=1.0;I:alpha=1.0;J:alpha=1.0,targeted_subsidy_2.0,0.2,1,1,3,0.88,0.621198,0.0,-406235.94,-0.011905,0,0,0,2,0
S0_baseline,S0_baseline_P008_SB2.0,C:alpha=1.8;E:alpha=1.0;G:alpha=1.0;I:alpha=1.0;J:alpha=1.0,targeted_subsidy_2.0,0.3,1,1,3,0.88,0.621198,0.0,-406235.94,-0.011905,0,0,0,2,0
S0_baseline,S0_baseline_P008_SB2.0,C:alpha=1.8;E:alpha=1.0;G:alpha=1.0;I:alpha=1.0;J:alpha=1.0,targeted_subsidy_2.0,0.5,1,1,3,0.88,0.621198,0.0,-406235.94,-0.011905,0,0,0,2,0
S0_baseline,S0_baseline_P008_SB2.0,C:alpha=1.8;E:alpha=1.0;G:alpha=1.0;I:alpha=1.0;J:alpha=1.0,targeted_subsidy_2.0,0.7,1,1,3,0.88,0.621198,0.0,-406235.94,-0.011905,0,0,0,2,0
S0_baseline,S0_baseline_P008_SB2.0,C:alpha=1.8;E:alpha=1.0;G:alpha=1.0;I:alpha=1.0;J:alpha=1.0,targeted_subsidy_2.0,1.0,1,1,3,0.88,0.621198,0.0,-406235.94,-0.011905,0,0,0,2,0
S0_baseline,S0_baseline_P009_SB2.0,C:alpha=2.0;E:alpha=1.0;G:alpha=1.0;I:alpha=1.0;J:alpha=1.0,targeted_subsidy_2.0,0.2,1,1,3,0.88,0.621198,0.0,-406235.94,-0.011905,0,0,0,2,0
S0_baseline,S0_baseline_P009_SB2.0,C:alpha=2.0;E:alpha=1.0;G:alpha=1.0;I:alpha=1.0;J:alpha=1.0,targeted_subsidy_2.0,0.3,1,1,3,0.88,0.621198,0.0,-406235.94,-0.011905,0,0,0,2,0
S0_baseline,S0_baseline_P009_SB2.0,C:alpha=2.0;E:alpha=1.0;G:alpha=1.0;I:alpha=1.0;J:alpha=1.0,targeted_subsidy_2.0,0.5,1,1,3,0.88,0.621198,0.0,-406235.94,-0.011905,0,0,0,2,0
S0_baseline,S0_baseline_P009_SB2.0,C:alpha=2.0;E:alpha=1.0;G:alpha=1.0;I:alpha=1.0;J:alpha=1.0,targeted_subsidy_2.0,0.7,1,1,3,0.88,0.621198,0.0,-406235.94,-0.011905,0,0,0,2,0
S0_baseline,S0_baseline_P009_SB2.0,C:alpha=2.0;E:alpha=1.0;G:alpha=1.0;I:alpha=1.0;J:alpha=1.0,targeted_subsidy_2.0,1.0,1,1,3,0.88,0.621198,0.0,-406235.94,-0.011905,0,0,0,2,0
S0_baseline,S0_baseline_P010_SB2.0,C:alpha=1.0;E:alpha=1.1;G:alpha=1.0;I:alpha=1.0;J:alpha=1.0,targeted_subsidy_2.0,0.2,0,0,30,0.93487779,0.622298,0.0,-188651.9,-0.005379,0,0,0,3,0
S0_baseline,S0_baseline_P010_SB2.0,C:alpha=1.0;E:alpha=1.1;G:alpha=1.0;I:alpha=1.0;J:alpha=1.0,targeted_subsidy_2.0,0.3,0,0,30,0.93487779,0.622298,0.0,-188651.9,-0.005379,0,0,0,3,0
S0_baseline,S0_baseline_P010_SB2.0,C:alpha=1.0;E:alpha=1.1;G:alpha=1.0;I:alpha=1.0;J:alpha=1.0,targeted_subsidy_2.0,0.5,0,0,30,0.93487779,0.718688,0.072596,287585.2,0.007266,0,1,0,1,0
S0_baseline,S0_baseline_P010_SB2.0,C:alpha=1.0;E:alpha=1.1;G:alpha=1.0;I:alpha=1.0;J:alpha=1.0,targeted_subsidy_2.0,0.7,0,0,30,0.93487779,0.718688,0.072596,287585.2,0.007266,0,1,0,1,0
S0_baseline,S0_baseline_P010_SB2.0,C:alpha=1.0;E:alpha=1.1;G:alpha=1.0;I:alpha=1.0;J:alpha=1.0,targeted_subsidy_2.0,1.0,0,0,30,0.93487779,0.718688,0.072596,287585.2,0.007266,0,1,0,1,0
S0_baseline,S0_baseline_P011_SB2.0,C:alpha=1.0;E:alpha=1.2;G:alpha=1.0;I:alpha=1.0;J:alpha=1.0,targeted_subsidy_2.0,0.2,1,1,3,0.93487779,0.622298,0.0,-188651.9,-0.005379,0,0,0,3,0
S0_baseline,S0_baseline_P011_SB2.0,C:alpha=1.0;E:alpha=1.2;G:alpha=1.0;I:alpha=1.0;J:alpha=1.0,targeted_subsidy_2.0,0.3,1,1,3,0.93487779,0.622298,0.0,-188651.9,-0.005379,0,0,0,3,0
S0_baseline,S0_baseline_P011_SB2.0,C:alpha=1.0;E:alpha=1.2;G:alpha=1.0;I:alpha=1.0;J:alpha=1.0,targeted_subsidy_2.0,0.5,1,1,3,0.93487779,0.622298,0.0,-188651.9,-0.005379,0,0,0,3,0
S0_baseline,S0_baseline_P011_SB2.0,C:alpha=1.0;E:alpha=1.2;G:alpha=1.0;I:alpha=1.0;J:alpha=1.0,targeted_subsidy_2.0,0.7,1,1,3,0.93487779,0.622298,0.0,-188651.9,-0.005379,0,0,0,3,0
S0_baseline,S0_baseline_P011_SB2.0,C:alpha=1.0;E:alpha=1.2;G:alpha=1.0;I:alpha=1.0;J:alpha=1.0,targeted_subsidy_2.0,1.0,1,1,3,0.93487779,0.622298,0.0,-188651.9,-0.005379,0,0,0,3,0
S0_baseline,S0_baseline_P012_SB2.0,C:alpha=1.0;E:alpha=1.3;G:alpha=1.0;I:alpha=1.0;J:alpha=1.0,targeted_subsidy_2.0,0.2,1,1,3,0.93487779,0.622298,0.0,-188651.9,-0.005379,0,0,0,3,0
S0_baseline,S0_baseline_P012_SB2.0,C:alpha=1.0;E:alpha=1.3;G:alpha=1.0;I:alpha=1.0;J:alpha=1.0,targeted_subsidy_2.0,0.3,1,1,3,0.93487779,0.622298,0.0,-188651.9,-0.005379,0,0,0,3,0
S0_baseline,S0_baseline_P012_SB2.0,C:alpha=1.0;E:alpha=1.3;G:alpha=1.0;I:alpha=1.0;J:alpha=1.0,targeted_subsidy_2.0,0.5,1,1,3,0.93487779,0.622298,0.0,-188651.9,-0.005379,0,0,0,3,0
S0_baseline,S0_baseline_P012_SB2.0,C:alpha=1.0;E:alpha=1.3;G:alpha=1.0;I:alpha=1.0;J:alpha=1.0,targeted_subsidy_2.0,0.7,1,1,3,0.93487779,0.622298,0.0,-188651.9,-0.005379,0,0,0,3,0
S0_baseline,S0_baseline_P012_SB2.0,C:alpha=1.0;E:alpha=1.3;G:alpha=1.0;I:alpha=1.0;J:alpha=1.0,targeted_subsidy_2.0,1.0,1,1,3,0.93487779,0.622298,0.0,-188651.9,-0.005379,0,0,0,3,0
S0_baseline,S0_baseline_P013_SB2.0,C:alpha=1.0;E:alpha=1.4;G:alpha=1.0;I:alpha=1.0;J:alpha=1.0,targeted_subsidy_2.0,0.2,1,1,3,0.93487779,0.622298,0.0,-188651.9,-0.005379,0,0,0,3,0
S0_baseline,S0_baseline_P013_SB2.0,C:alpha=1.0;E:alpha=1.4;G:alpha=1.0;I:alpha=1.0;J:alpha=1.0,targeted_subsidy_2.0,0.3,1,1,3,0.93487779,0.622298,0.0,-188651.9,-0.005379,0,0,0,3,0
S0_baseline,S0_baseline_P013_SB2.0,C:alpha=1.0;E:alpha=1.4;G:alpha=1.0;I:alpha=1.0;J:alpha=1.0,targeted_subsidy_2.0,0.5,1,1,3,0.93487779,0.622298,0.0,-188651.9,-0.005379,0,0,0,3,0
S0_baseline,S0_baseline_P013_SB2.0,C:alpha=1.0;E:alpha=1.4;G:alpha=1.0;I:alpha=1.0;J:alpha=1.0,targeted_subsidy_2.0,0.7,1,1,3,0.93487779,0.622298,0.0,-188651.9,-0.005379,0,0,0,3,0
S0_baseline,S0_baseline_P013_SB2.0,C:alpha=1.0;E:alpha=1.4;G:alpha=1.0;I:alpha=1.0;J:alpha=1.0,targeted_subsidy_2.0,1.0,1,1,3,0.93487779,0.622298,0.0,-188651.9,-0.005379,0,0,0,3,0
S0_baseline,S0_baseline_P014_SB2.0,C:alpha=1.0;E:alpha=1.5;G:alpha=1.0;I:alpha=1.0;J:alpha=1.0,targeted_subsidy_2.0,0.2,1,1,3,0.93487779,0.622298,0.0,-188651.9,-0.005379,0,0,0,3,0
S0_baseline,S0_baseline_P014_SB2.0,C:alpha=1.0;E:alpha=1.5;G:alpha=1.0;I:alpha=1.0;J:alpha=1.0,targeted_subsidy_2.0,0.3,1,1,3,0.93487779,0.622298,0.0,-188651.9,-0.005379,0,0,0,3,0
S0_baseline,S0_baseline_P014_SB2.0,C:alpha=1.0;E:alpha=1.5;G:alpha=1.0;I:alpha=1.0;J:alpha=1.0,targeted_subsidy_2.0,0.5,1,1,3,0.93487779,0.622298,0.0,-188651.9,-0.005379,0,0,0,3,0
S0_baseline,S0_baseline_P014_SB2.0,C:alpha=1.0;E:alpha=1.5;G:alpha=1.0;I:alpha=1.0;J:alpha=1.0,targeted_subsidy_2.0,0.7,1,1,3,0.93487779,0.622298,0.0,-188651.9,-0.005379,0,0,0,3,0
S0_baseline,S0_baseline_P014_SB2.0,C:alpha=1.0;E:alpha=1.5;G:alpha=1.0;I:alpha=1.0;J:alpha=1.0,targeted_subsidy_2.0,1.0,1,1,3,0.93487779,0.622298,0.0,-188651.9,-0.005379,0,0,0,3,0
S0_baseline,S0_baseline_P015_SB2.0,C:alpha=1.0;E:alpha=1.6;G:alpha=1.0;I:alpha=1.0;J:alpha=1.0,targeted_subsidy_2.0,0.2,1,1,3,0.93487779,0.622298,0.0,-188651.9,-0.005379,0,0,0,3,0
S0_baseline,S0_baseline_P015_SB2.0,C:alpha=1.0;E:alpha=1.6;G:alpha=1.0;I:alpha=1.0;J:alpha=1.0,targeted_subsidy_2.0,0.3,1,1,3,0.93487779,0.622298,0.0,-188651.9,-0.005379,0,0,0,3,0
S0_baseline,S0_baseline_P015_SB2.0,C:alpha=1.0;E:alpha=1.6;G:alpha=1.0;I:alpha=1.0;J:alpha=1.0,targeted_subsidy_2.0,0.5,1,1,3,0.93487779,0.622298,0.0,-188651.9,-0.005379,0,0,0,3,0
S0_baseline,S0_baseline_P015_SB2.0,C:alpha=1.0;E:alpha=1.6;G:alpha=1.0;I:alpha=1.0;J:alpha=1.0,targeted_subsidy_2.0,0.7,1,1,3,0.93487779,0.622298,0.0,-188651.9,-0.005379,0,0,0,3,0
S0_baseline,S0_baseline_P015_SB2.0,C:alpha=1.0;E:alpha=1.6;G:alpha=1.0;I:alpha=1.0;J:alpha=1.0,targeted_subsidy_2.0,1.0,1,1,3,0.93487779,0.622298,0.0,-188651.9,-0.005379,0,0,0,3,0
S0_baseline,S0_baseline_P016_SB2.0,C:alpha=1.0;E:alpha=1.8;G:alpha=1.0;I:alpha=1.0;J:alpha=1.0,targeted_subsidy_2.0,0.2,1,1,3,0.93487779,0.622298,0.0,-188651.9,-0.005379,0,0,0,3,0
S0_baseline,S0_baseline_P016_SB2.0,C:alpha=1.0;E:alpha=1.8;G:alpha=1.0;I:alpha=1.0;J:alpha=1.0,targeted_subsidy_2.0,0.3,1,1,3,0.93487779,0.622298,0.0,-188651.9,-0.005379,0,0,0,3,0
S0_baseline,S0_baseline_P016_SB2.0,C:alpha=1.0;E:alpha=1.8;G:alpha=1.0;I:alpha=1.0;J:alpha=1.0,targeted_subsidy_2.0,0.5,1,1,3,0.93487779,0.622298,0.0,-188651.9,-0.005379,0,0,0,3,0
S0_baseline,S0_baseline_P016_SB2.0,C:alpha=1.0;E:alpha=1.8;G:alpha=1.0;I:alpha=1.0;J:alpha=1.0,targeted_subsidy_2.0,0.7,1,1,3,0.93487779,0.622298,0.0,-188651.9,-0.005379,0,0,0,3,0
S0_baseline,S0_baseline_P016_SB2.0,C:alpha=1.0;E:alpha=1.8;G:alpha=1.0;I:alpha=1.0;J:alpha=1.0,targeted_subsidy_2.0,1.0,1,1,3,0.93487779,0.622298,0.0,-188651.9,-0.005379,0,0,0,3,0
S0_baseline,S0_baseline_P017_SB2.0,C:alpha=1.0;E:alpha=2.0;G:alpha=1.0;I:alpha=1.0;J:alpha=1.0,targeted_subsidy_2.0,0.2,1,1,3,0.93487779,0.622298,0.0,-188651.9,-0.005379,0,0,0,3,0
S0_baseline,S0_baseline_P017_SB2.0,C:alpha=1.0;E:alpha=2.0;G:alpha=1.0;I:alpha=1.0;J:alpha=1.0,targeted_subsidy_2.0,0.3,1,1,3,0.93487779,0.622298,0.0,-188651.9,-0.005379,0,0,0,3,0
S0_baseline,S0_baseline_P017_SB2.0,C:alpha=1.0;E:alpha=2.0;G:alpha=1.0;I:alpha=1.0;J:alpha=1.0,targeted_subsidy_2.0,0.5,1,1,3,0.93487779,0.622298,0.0,-188651.9,-0.005379,0,0,0,3,0
S0_baseline,S0_baseline_P017_SB2.0,C:alpha=1.0;E:alpha=2.0;G:alpha=1.0;I:alpha=1.0;J:alpha=1.0,targeted_subsidy_2.0,0.7,1,1,3,0.93487779,0.622298,0.0,-188651.9,-0.005379,0,0,0,3,0
S0_baseline,S0_baseline_P017_SB2.0,C:alpha=1.0;E:alpha=2.0;G:alpha=1.0;I:alpha=1.0;J:alpha=1.0,targeted_subsidy_2.0,1.0,1,1,3,0.93487779,0.622298,0.0,-188651.9,-0.005379,0,0,0,3,0
S0_baseline,S0_baseline_P018_SB2.0,C:alpha=1.0;E:alpha=1.0;G:alpha=1.1;I:alpha=1.0;J:alpha=1.0,targeted_subsidy_2.0,0.2,0,0,30,0.959,0.622254,0.029645,-254076.78,-0.007245,0,0,0,3,0
S0_baseline,S0_baseline_P018_SB2.0,C:alpha=1.0;E:alpha=1.0;G:alpha=1.1;I:alpha=1.0;J:alpha=1.0,targeted_subsidy_2.0,0.3,0,0,30,0.959,0.622254,0.029645,-254076.78,-0.007245,0,0,0,3,0
S0_baseline,S0_baseline_P018_SB2.0,C:alpha=1.0;E:alpha=1.0;G:alpha=1.1;I:alpha=1.0;J:alpha=1.0,targeted_subsidy_2.0,0.5,0,0,30,0.959,0.711481,0.096514,-173993.48,-0.004352,0,0,0,1,0
S0_baseline,S0_baseline_P018_SB2.0,C:alpha=1.0;E:alpha=1.0;G:alpha=1.1;I:alpha=1.0;J:alpha=1.0,targeted_subsidy_2.0,0.7,0,0,30,0.959,0.711481,0.096514,-173993.48,-0.004352,0,0,0,1,0
S0_baseline,S0_baseline_P018_SB2.0,C:alpha=1.0;E:alpha=1.0;G:alpha=1.1;I:alpha=1.0;J:alpha=1.0,targeted_subsidy_2.0,1.0,0,0,30,0.959,0.711481,0.096514,-173993.48,-0.004352,0,0,0,1,0
S0_baseline,S0_baseline_P019_SB2.0,C:alpha=1.0;E:alpha=1.0;G:alpha=1.2;I:alpha=1.0;J:alpha=1.0,targeted_subsidy_2.0,0.2,1,1,3,0.959,0.622254,0.029645,-254076.78,-0.007245,0,0,0,3,0
S0_baseline,S0_baseline_P019_SB2.0,C:alpha=1.0;E:alpha=1.0;G:alpha=1.2;I:alpha=1.0;J:alpha=1.0,targeted_subsidy_2.0,0.3,1,1,3,0.959,0.622254,0.029645,-254076.78,-0.007245,0,0,0,3,0
S0_baseline,S0_baseline_P019_SB2.0,C:alpha=1.0;E:alpha=1.0;G:alpha=1.2;I:alpha=1.0;J:alpha=1.0,targeted_subsidy_2.0,0.5,1,1,3,0.959,0.622254,0.029645,-254076.78,-0.007245,0,0,0,3,0
S0_baseline,S0_baseline_P019_SB2.0,C:alpha=1.0;E:alpha=1.0;G:alpha=1.2;I:alpha=1.0;J:alpha=1.0,targeted_subsidy_2.0,0.7,1,1,3,0.959,0.622254,0.029645,-254076.78,-0.007245,0,0,0,3,0
S0_baseline,S0_baseline_P019_SB2.0,C:alpha=1.0;E:alpha=1.0;G:alpha=1.2;I:alpha=1.0;J:alpha=1.0,targeted_subsidy_2.0,1.0,1,1,3,0.959,0.622254,0.029645,-254076.78,-0.007245,0,0,0,3,0
S0_baseline,S0_baseline_P020_SB2.0,C:alpha=1.0;E:alpha=1.0;G:alpha=1.3;I:alpha=1.0;J:alpha=1.0,targeted_subsidy_2.0,0.2,1,1,3,0.959,0.622254,0.029645,-254076.78,-0.007245,0,0,0,3,0
S0_baseline,S0_baseline_P020_SB2.0,C:alpha=1.0;E:alpha=1.0;G:alpha=1.3;I:alpha=1.0;J:alpha=1.0,targeted_subsidy_2.0,0.3,1,1,3,0.959,0.622254,0.029645,-254076.78,-0.007245,0,0,0,3,0
S0_baseline,S0_baseline_P020_SB2.0,C:alpha=1.0;E:alpha=1.0;G:alpha=1.3;I:alpha=1.0;J:alpha=1.0,targeted_subsidy_2.0,0.5,1,1,3,0.959,0.622254,0.029645,-254076.78,-0.007245,0,0,0,3,0
S0_baseline,S0_baseline_P020_SB2.0,C:alpha=1.0;E:alpha=1.0;G:alpha=1.3;I:alpha=1.0;J:alpha=1.0,targeted_subsidy_2.0,0.7,1,1,3,0.959,0.622254,0.029645,-254076.78,-0.007245,0,0,0,3,0
S0_baseline,S0_baseline_P020_SB2.0,C:alpha=1.0;E:alpha=1.0;G:alpha=1.3;I:alpha=1.0;J:alpha=1.0,targeted_subsidy_2.0,1.0,1,1,3,0.959,0.622254,0.029645,-254076.78,-0.007245,0,0,0,3,0
S0_baseline,S0_baseline_P021_SB2.0,C:alpha=1.0;E:alpha=1.0;G:alpha=1.4;I:alpha=1.0;J:alpha=1.0,targeted_subsidy_2.0,0.2,1,1,3,0.959,0.622254,0.029645,-254076.78,-0.007245,0,0,0,3,0
S0_baseline,S0_baseline_P021_SB2.0,C:alpha=1.0;E:alpha=1.0;G:alpha=1.4;I:alpha=1.0;J:alpha=1.0,targeted_subsidy_2.0,0.3,1,1,3,0.959,0.622254,0.029645,-254076.78,-0.007245,0,0,0,3,0
S0_baseline,S0_baseline_P021_SB2.0,C:alpha=1.0;E:alpha=1.0;G:alpha=1.4;I:alpha=1.0;J:alpha=1.0,targeted_subsidy_2.0,0.5,1,1,3,0.959,0.622254,0.029645,-254076.78,-0.007245,0,0,0,3,0
S0_baseline,S0_baseline_P021_SB2.0,C:alpha=1.0;E:alpha=1.0;G:alpha=1.4;I:alpha=1.0;J:alpha=1.0,targeted_subsidy_2.0,0.7,1,1,3,0.959,0.622254,0.029645,-254076.78,-0.007245,0,0,0,3,0
S0_baseline,S0_baseline_P021_SB2.0,C:alpha=1.0;E:alpha=1.0;G:alpha=1.4;I:alpha=1.0;J:alpha=1.0,targeted_subsidy_2.0,1.0,1,1,3,0.959,0.622254,0.029645,-254076.78,-0.007245,0,0,0,3,0
S0_baseline,S0_baseline_P022_SB2.0,C:alpha=1.0;E:alpha=1.0;G:alpha=1.5;I:alpha=1.0;J:alpha=1.0,targeted_subsidy_2.0,0.2,1,1,3,0.959,0.622254,0.029645,-254076.78,-0.007245,0,0,0,3,0
S0_baseline,S0_baseline_P022_SB2.0,C:alpha=1.0;E:alpha=1.0;G:alpha=1.5;I:alpha=1.0;J:alpha=1.0,targeted_subsidy_2.0,0.3,1,1,3,0.959,0.622254,0.029645,-254076.78,-0.007245,0,0,0,3,0
S0_baseline,S0_baseline_P022_SB2.0,C:alpha=1.0;E:alpha=1.0;G:alpha=1.5;I:alpha=1.0;J:alpha=1.0,targeted_subsidy_2.0,0.5,1,1,3,0.959,0.622254,0.029645,-254076.78,-0.007245,0,0,0,3,0
S0_baseline,S0_baseline_P022_SB2.0,C:alpha=1.0;E:alpha=1.0;G:alpha=1.5;I:alpha=1.0;J:alpha=1.0,targeted_subsidy_2.0,0.7,1,1,3,0.959,0.622254,0.029645,-254076.78,-0.007245,0,0,0,3,0
S0_baseline,S0_baseline_P022_SB2.0,C:alpha=1.0;E:alpha=1.0;G:alpha=1.5;I:alpha=1.0;J:alpha=1.0,targeted_subsidy_2.0,1.0,1,1,3,0.959,0.622254,0.029645,-254076.78,-0.007245,0,0,0,3,0
S0_baseline,S0_baseline_P023_SB2.0,C:alpha=1.0;E:alpha=1.0;G:alpha=1.6;I:alpha=1.0;J:alpha=1.0,targeted_subsidy_2.0,0.2,1,1,3,0.959,0.622254,0.029645,-254076.78,-0.007245,0,0,0,3,0
S0_baseline,S0_baseline_P023_SB2.0,C:alpha=1.0;E:alpha=1.0;G:alpha=1.6;I:alpha=1.0;J:alpha=1.0,targeted_subsidy_2.0,0.3,1,1,3,0.959,0.622254,0.029645,-254076.78,-0.007245,0,0,0,3,0
S0_baseline,S0_baseline_P023_SB2.0,C:alpha=1.0;E:alpha=1.0;G:alpha=1.6;I:alpha=1.0;J:alpha=1.0,targeted_subsidy_2.0,0.5,1,1,3,0.959,0.622254,0.029645,-254076.78,-0.007245,0,0,0,3,0
S0_baseline,S0_baseline_P023_SB2.0,C:alpha=1.0;E:alpha=1.0;G:alpha=1.6;I:alpha=1.0;J:alpha=1.0,targeted_subsidy_2.0,0.7,1,1,3,0.959,0.622254,0.029645,-254076.78,-0.007245,0,0,0,3,0
S0_baseline,S0_baseline_P023_SB2.0,C:alpha=1.0;E:alpha=1.0;G:alpha=1.6;I:alpha=1.0;J:alpha=1.0,targeted_subsidy_2.0,1.0,1,1,3,0.959,0.622254,0.029645,-254076.78,-0.007245,0,0,0,3,0
S0_baseline,S0_baseline_P024_SB2.0,C:alpha=1.0;E:alpha=1.0;G:alpha=1.8;I:alpha=1.0;J:alpha=1.0,targeted_subsidy_2.0,0.2,1,1,3,0.959,0.622254,0.029645,-254076.78,-0.007245,0,0,0,3,0
S0_baseline,S0_baseline_P024_SB2.0,C:alpha=1.0;E:alpha=1.0;G:alpha=1.8;I:alpha=1.0;J:alpha=1.0,targeted_subsidy_2.0,0.3,1,1,3,0.959,0.622254,0.029645,-254076.78,-0.007245,0,0,0,3,0
S0_baseline,S0_baseline_P024_SB2.0,C:alpha=1.0;E:alpha=1.0;G:alpha=1.8;I:alpha=1.0;J:alpha=1.0,targeted_subsidy_2.0,0.5,1,1,3,0.959,0.622254,0.029645,-254076.78,-0.007245,0,0,0,3,0
S0_baseline,S0_baseline_P024_SB2.0,C:alpha=1.0;E:alpha=1.0;G:alpha=1.8;I:alpha=1.0;J:alpha=1.0,targeted_subsidy_2.0,0.7,1,1,3,0.959,0.622254,0.029645,-254076.78,-0.007245,0,0,0,3,0
S0_baseline,S0_baseline_P024_SB2.0,C:alpha=1.0;E:alpha=1.0;G:alpha=1.8;I:alpha=1.0;J:alpha=1.0,targeted_subsidy_2.0,1.0,1,1,3,0.959,0.622254,0.029645,-254076.78,-0.007245,0,0,0,3,0
S0_baseline,S0_baseline_P025_SB2.0,C:alpha=1.0;E:alpha=1.0;G:alpha=2.0;I:alpha=1.0;J:alpha=1.0,targeted_subsidy_2.0,0.2,1,1,3,0.959,0.622254,0.029645,-254076.78,-0.007245,0,0,0,3,0
S0_baseline,S0_baseline_P025_SB2.0,C:alpha=1.0;E:alpha=1.0;G:alpha=2.0;I:alpha=1.0;J:alpha=1.0,targeted_subsidy_2.0,0.3,1,1,3,0.959,0.622254,0.029645,-254076.78,-0.007245,0,0,0,3,0
S0_baseline,S0_baseline_P025_SB2.0,C:alpha=1.0;E:alpha=1.0;G:alpha=2.0;I:alpha=1.0;J:alpha=1.0,targeted_subsidy_2.0,0.5,1,1,3,0.959,0.622254,0.029645,-254076.78,-0.007245,0,0,0,3,0
S0_baseline,S0_baseline_P025_SB2.0,C:alpha=1.0;E:alpha=1.0;G:alpha=2.0;I:alpha=1.0;J:alpha=1.0,targeted_subsidy_2.0,0.7,1,1,3,0.959,0.622254,0.029645,-254076.78,-0.007245,0,0,0,3,0
S0_baseline,S0_baseline_P025_SB2.0,C:alpha=1.0;E:alpha=1.0;G:alpha=2.0;I:alpha=1.0;J:alpha=1.0,targeted_subsidy_2.0,1.0,1,1,3,0.959,0.622254,0.029645,-254076.78,-0.007245,0,0,0,3,0
S0_baseline,S0_baseline_P026_SB2.0,C:alpha=1.0;E:alpha=1.0;G:alpha=1.0;I:alpha=1.1;J:alpha=1.0,targeted_subsidy_2.0,0.2,0,0,30,0.959,0.622298,0.0,-150353.85,-0.004474,0,0,0,4,0
S0_baseline,S0_baseline_P026_SB2.0,C:alpha=1.0;E:alpha=1.0;G:alpha=1.0;I:alpha=1.1;J:alpha=1.0,targeted_subsidy_2.0,0.3,0,0,30,0.959,0.622298,0.0,-150353.85,-0.004474,0,0,0,4,0
S0_baseline,S0_baseline_P026_SB2.0,C:alpha=1.0;E:alpha=1.0;G:alpha=1.0;I:alpha=1.1;J:alpha=1.0,targeted_subsidy_2.0,0.5,0,0,30,0.959,0.718168,0.17303,154866.94,0.003979,0,1,0,1,0
S0_baseline,S0_baseline_P026_SB2.0,C:alpha=1.0;E:alpha=1.0;G:alpha=1.0;I:alpha=1.1;J:alpha=1.0,targeted_subsidy_2.0,0.7,0,0,30,0.959,0.718168,0.17303,154866.94,0.003979,0,1,0,1,0
S0_baseline,S0_baseline_P026_SB2.0,C:alpha=1.0;E:alpha=1.0;G:alpha=1.0;I:alpha=1.1;J:alpha=1.0,targeted_subsidy_2.0,1.0,0,0,30,0.959,0.718168,0.17303,154866.94,0.003979,0,1,0,1,0
S0_baseline,S0_baseline_P027_SB2.0,C:alpha=1.0;E:alpha=1.0;G:alpha=1.0;I:alpha=1.2;J:alpha=1.0,targeted_subsidy_2.0,0.2,1,1,3,0.959,0.622298,0.0,-150353.85,-0.004474,0,0,0,4,0
S0_baseline,S0_baseline_P027_SB2.0,C:alpha=1.0;E:alpha=1.0;G:alpha=1.0;I:alpha=1.2;J:alpha=1.0,targeted_subsidy_2.0,0.3,1,1,3,0.959,0.622298,0.0,-150353.85,-0.004474,0,0,0,4,0
S0_baseline,S0_baseline_P027_SB2.0,C:alpha=1.0;E:alpha=1.0;G:alpha=1.0;I:alpha=1.2;J:alpha=1.0,targeted_subsidy_2.0,0.5,1,1,3,0.959,0.622298,0.0,-150353.85,-0.004474,0,0,0,4,0
S0_baseline,S0_baseline_P027_SB2.0,C:alpha=1.0;E:alpha=1.0;G:alpha=1.0;I:alpha=1.2;J:alpha=1.0,targeted_subsidy_2.0,0.7,1,1,3,0.959,0.622298,0.0,-150353.85,-0.004474,0,0,0,4,0
S0_baseline,S0_baseline_P027_SB2.0,C:alpha=1.0;E:alpha=1.0;G:alpha=1.0;I:alpha=1.2;J:alpha=1.0,targeted_subsidy_2.0,1.0,1,1,3,0.959,0.622298,0.0,-150353.85,-0.004474,0,0,0,4,0
S0_baseline,S0_baseline_P028_SB2.0,C:alpha=1.0;E:alpha=1.0;G:alpha=1.0;I:alpha=1.3;J:alpha=1.0,targeted_subsidy_2.0,0.2,1,1,3,0.959,0.622298,0.0,-150353.85,-0.004474,0,0,0,4,0
S0_baseline,S0_baseline_P028_SB2.0,C:alpha=1.0;E:alpha=1.0;G:alpha=1.0;I:alpha=1.3;J:alpha=1.0,targeted_subsidy_2.0,0.3,1,1,3,0.959,0.622298,0.0,-150353.85,-0.004474,0,0,0,4,0
S0_baseline,S0_baseline_P028_SB2.0,C:alpha=1.0;E:alpha=1.0;G:alpha=1.0;I:alpha=1.3;J:alpha=1.0,targeted_subsidy_2.0,0.5,1,1,3,0.959,0.622298,0.0,-150353.85,-0.004474,0,0,0,4,0
S0_baseline,S0_baseline_P028_SB2.0,C:alpha=1.0;E:alpha=1.0;G:alpha=1.0;I:alpha=1.3;J:alpha=1.0,targeted_subsidy_2.0,0.7,1,1,3,0.959,0.622298,0.0,-150353.85,-0.004474,0,0,0,4,0
S0_baseline,S0_baseline_P028_SB2.0,C:alpha=1.0;E:alpha=1.0;G:alpha=1.0;I:alpha=1.3;J:alpha=1.0,targeted_subsidy_2.0,1.0,1,1,3,0.959,0.622298,0.0,-150353.85,-0.004474,0,0,0,4,0
S0_baseline,S0_baseline_P029_SB2.0,C:alpha=1.0;E:alpha=1.0;G:alpha=1.0;I:alpha=1.4;J:alpha=1.0,targeted_subsidy_2.0,0.2,1,1,3,0.959,0.622298,0.0,-150353.85,-0.004474,0,0,0,4,0
S0_baseline,S0_baseline_P029_SB2.0,C:alpha=1.0;E:alpha=1.0;G:alpha=1.0;I:alpha=1.4;J:alpha=1.0,targeted_subsidy_2.0,0.3,1,1,3,0.959,0.622298,0.0,-150353.85,-0.004474,0,0,0,4,0
S0_baseline,S0_baseline_P029_SB2.0,C:alpha=1.0;E:alpha=1.0;G:alpha=1.0;I:alpha=1.4;J:alpha=1.0,targeted_subsidy_2.0,0.5,1,1,3,0.959,0.622298,0.0,-150353.85,-0.004474,0,0,0,4,0
S0_baseline,S0_baseline_P029_SB2.0,C:alpha=1.0;E:alpha=1.0;G:alpha=1.0;I:alpha=1.4;J:alpha=1.0,targeted_subsidy_2.0,0.7,1,1,3,0.959,0.622298,0.0,-150353.85,-0.004474,0,0,0,4,0
S0_baseline,S0_baseline_P029_SB2.0,C:alpha=1.0;E:alpha=1.0;G:alpha=1.0;I:alpha=1.4;J:alpha=1.0,targeted_subsidy_2.0,1.0,1,1,3,0.959,0.622298,0.0,-150353.85,-0.004474,0,0,0,4,0
S0_baseline,S0_baseline_P030_SB2.0,C:alpha=1.0;E:alpha=1.0;G:alpha=1.0;I:alpha=1.5;J:alpha=1.0,targeted_subsidy_2.0,0.2,1,1,3,0.959,0.622298,0.0,-150353.85,-0.004474,0,0,0,4,0
S0_baseline,S0_baseline_P030_SB2.0,C:alpha=1.0;E:alpha=1.0;G:alpha=1.0;I:alpha=1.5;J:alpha=1.0,targeted_subsidy_2.0,0.3,1,1,3,0.959,0.622298,0.0,-150353.85,-0.004474,0,0,0,4,0
S0_baseline,S0_baseline_P030_SB2.0,C:alpha=1.0;E:alpha=1.0;G:alpha=1.0;I:alpha=1.5;J:alpha=1.0,targeted_subsidy_2.0,0.5,1,1,3,0.959,0.622298,0.0,-150353.85,-0.004474,0,0,0,4,0
S0_baseline,S0_baseline_P030_SB2.0,C:alpha=1.0;E:alpha=1.0;G:alpha=1.0;I:alpha=1.5;J:alpha=1.0,targeted_subsidy_2.0,0.7,1,1,3,0.959,0.622298,0.0,-150353.85,-0.004474,0,0,0,4,0
S0_baseline,S0_baseline_P030_SB2.0,C:alpha=1.0;E:alpha=1.0;G:alpha=1.0;I:alpha=1.5;J:alpha=1.0,targeted_subsidy_2.0,1.0,1,1,3,0.959,0.622298,0.0,-150353.85,-0.004474,0,0,0,4,0
S0_baseline,S0_baseline_P031_SB2.0,C:alpha=1.0;E:alpha=1.0;G:alpha=1.0;I:alpha=1.6;J:alpha=1.0,targeted_subsidy_2.0,0.2,1,1,3,0.959,0.622298,0.0,-150353.85,-0.004474,0,0,0,4,0
S0_baseline,S0_baseline_P031_SB2.0,C:alpha=1.0;E:alpha=1.0;G:alpha=1.0;I:alpha=1.6;J:alpha=1.0,targeted_subsidy_2.0,0.3,1,1,3,0.959,0.622298,0.0,-150353.85,-0.004474,0,0,0,4,0
S0_baseline,S0_baseline_P031_SB2.0,C:alpha=1.0;E:alpha=1.0;G:alpha=1.0;I:alpha=1.6;J:alpha=1.0,targeted_subsidy_2.0,0.5,1,1,3,0.959,0.622298,0.0,-150353.85,-0.004474,0,0,0,4,0
S0_baseline,S0_baseline_P031_SB2.0,C:alpha=1.0;E:alpha=1.0;G:alpha=1.0;I:alpha=1.6;J:alpha=1.0,targeted_subsidy_2.0,0.7,1,1,3,0.959,0.622298,0.0,-150353.85,-0.004474,0,0,0,4,0
S0_baseline,S0_baseline_P031_SB2.0,C:alpha=1.0;E:alpha=1.0;G:alpha=1.0;I:alpha=1.6;J:alpha=1.0,targeted_subsidy_2.0,1.0,1,1,3,0.959,0.622298,0.0,-150353.85,-0.004474,0,0,0,4,0
S0_baseline,S0_baseline_P032_SB2.0,C:alpha=1.0;E:alpha=1.0;G:alpha=1.0;I:alpha=1.8;J:alpha=1.0,targeted_subsidy_2.0,0.2,1,1,3,0.959,0.622298,0.0,-150353.85,-0.004474,0,0,0,4,0
S0_baseline,S0_baseline_P032_SB2.0,C:alpha=1.0;E:alpha=1.0;G:alpha=1.0;I:alpha=1.8;J:alpha=1.0,targeted_subsidy_2.0,0.3,1,1,3,0.959,0.622298,0.0,-150353.85,-0.004474,0,0,0,4,0
S0_baseline,S0_baseline_P032_SB2.0,C:alpha=1.0;E:alpha=1.0;G:alpha=1.0;I:alpha=1.8;J:alpha=1.0,targeted_subsidy_2.0,0.5,1,1,3,0.959,0.622298,0.0,-150353.85,-0.004474,0,0,0,4,0
S0_baseline,S0_baseline_P032_SB2.0,C:alpha=1.0;E:alpha=1.0;G:alpha=1.0;I:alpha=1.8;J:alpha=1.0,targeted_subsidy_2.0,0.7,1,1,3,0.959,0.622298,0.0,-150353.85,-0.004474,0,0,0,4,0
S0_baseline,S0_baseline_P032_SB2.0,C:alpha=1.0;E:alpha=1.0;G:alpha=1.0;I:alpha=1.8;J:alpha=1.0,targeted_subsidy_2.0,1.0,1,1,3,0.959,0.622298,0.0,-150353.85,-0.004474,0,0,0,4,0
S0_baseline,S0_baseline_P033_SB2.0,C:alpha=1.0;E:alpha=1.0;G:alpha=1.0;I:alpha=2.0;J:alpha=1.0,targeted_subsidy_2.0,0.2,1,1,3,0.959,0.622298,0.0,-150353.85,-0.004474,0,0,0,4,0
S0_baseline,S0_baseline_P033_SB2.0,C:alpha=1.0;E:alpha=1.0;G:alpha=1.0;I:alpha=2.0;J:alpha=1.0,targeted_subsidy_2.0,0.3,1,1,3,0.959,0.622298,0.0,-150353.85,-0.004474,0,0,0,4,0
S0_baseline,S0_baseline_P033_SB2.0,C:alpha=1.0;E:alpha=1.0;G:alpha=1.0;I:alpha=2.0;J:alpha=1.0,targeted_subsidy_2.0,0.5,1,1,3,0.959,0.622298,0.0,-150353.85,-0.004474,0,0,0,4,0
S0_baseline,S0_baseline_P033_SB2.0,C:alpha=1.0;E:alpha=1.0;G:alpha=1.0;I:alpha=2.0;J:alpha=1.0,targeted_subsidy_2.0,0.7,1,1,3,0.959,0.622298,0.0,-150353.85,-0.004474,0,0,0,4,0
S0_baseline,S0_baseline_P033_SB2.0,C:alpha=1.0;E:alpha=1.0;G:alpha=1.0;I:alpha=2.0;J:alpha=1.0,targeted_subsidy_2.0,1.0,1,1,3,0.959,0.622298,0.0,-150353.85,-0.004474,0,0,0,4,0
S0_baseline,S0_baseline_P034_SB2.0,C:alpha=1.0;E:alpha=1.0;G:alpha=1.0;I:alpha=1.0;J:alpha=1.1,targeted_subsidy_2.0,0.2,0,0,30,0.90239179,0.628588,0.0,164622.8,0.004772,1,1,1,5,0
S0_baseline,S0_baseline_P034_SB2.0,C:alpha=1.0;E:alpha=1.0;G:alpha=1.0;I:alpha=1.0;J:alpha=1.1,targeted_subsidy_2.0,0.3,0,0,30,0.90239179,0.739411,0.026887,1974122.46,0.050375,0,1,0,2,0
S0_baseline,S0_baseline_P034_SB2.0,C:alpha=1.0;E:alpha=1.0;G:alpha=1.0;I:alpha=1.0;J:alpha=1.1,targeted_subsidy_2.0,0.5,0,0,30,0.90239179,0.739411,0.026887,1974122.46,0.050375,0,1,0,2,0
S0_baseline,S0_baseline_P034_SB2.0,C:alpha=1.0;E:alpha=1.0;G:alpha=1.0;I:alpha=1.0;J:alpha=1.1,targeted_subsidy_2.0,0.7,0,0,30,0.90239179,0.739411,0.026887,1974122.46,0.050375,0,1,0,2,0
S0_baseline,S0_baseline_P034_SB2.0,C:alpha=1.0;E:alpha=1.0;G:alpha=1.0;I:alpha=1.0;J:alpha=1.1,targeted_subsidy_2.0,1.0,0,0,30,0.90239179,0.494354,0.0,-881374.59,-0.030873,0,0,0,4,0
S0_baseline,S0_baseline_P035_SB2.0,C:alpha=1.0;E:alpha=1.0;G:alpha=1.0;I:alpha=1.0;J:alpha=1.2,targeted_subsidy_2.0,0.2,0,0,30,0.86,0.493309,0.0,-530392.81,-0.018712,0,0,0,4,0
S0_baseline,S0_baseline_P035_SB2.0,C:alpha=1.0;E:alpha=1.0;G:alpha=1.0;I:alpha=1.0;J:alpha=1.2,targeted_subsidy_2.0,0.3,0,0,30,0.86,0.493309,0.0,-530392.81,-0.018712,0,0,0,4,0
S0_baseline,S0_baseline_P035_SB2.0,C:alpha=1.0;E:alpha=1.0;G:alpha=1.0;I:alpha=1.0;J:alpha=1.2,targeted_subsidy_2.0,0.5,0,0,30,0.86,0.493309,0.0,-530392.81,-0.018712,0,0,0,4,0
S0_baseline,S0_baseline_P035_SB2.0,C:alpha=1.0;E:alpha=1.0;G:alpha=1.0;I:alpha=1.0;J:alpha=1.2,targeted_subsidy_2.0,0.7,0,0,30,0.86,0.493309,0.0,-530392.81,-0.018712,0,0,0,4,0
S0_baseline,S0_baseline_P035_SB2.0,C:alpha=1.0;E:alpha=1.0;G:alpha=1.0;I:alpha=1.0;J:alpha=1.2,targeted_subsidy_2.0,1.0,0,0,30,0.86,0.623596,0.0,937815.48,0.027484,1,1,1,5,0
S0_baseline,S0_baseline_P036_SB2.0,C:alpha=1.0;E:alpha=1.0;G:alpha=1.0;I:alpha=1.0;J:alpha=1.3,targeted_subsidy_2.0,0.2,0,0,30,0.86,0.492321,0.0,-214503.43,-0.007613,0,0,0,4,0
S0_baseline,S0_baseline_P036_SB2.0,C:alpha=1.0;E:alpha=1.0;G:alpha=1.0;I:alpha=1.0;J:alpha=1.3,targeted_subsidy_2.0,0.3,0,0,30,0.86,0.492321,0.0,-214503.43,-0.007613,0,0,0,4,0
S0_baseline,S0_baseline_P036_SB2.0,C:alpha=1.0;E:alpha=1.0;G:alpha=1.0;I:alpha=1.0;J:alpha=1.3,targeted_subsidy_2.0,0.5,0,0,30,0.86,0.492321,0.0,-214503.43,-0.007613,0,0,0,4,0
S0_baseline,S0_baseline_P036_SB2.0,C:alpha=1.0;E:alpha=1.0;G:alpha=1.0;I:alpha=1.0;J:alpha=1.3,targeted_subsidy_2.0,0.7,0,0,30,0.86,0.492321,0.0,-214503.43,-0.007613,0,0,0,4,0
S0_baseline,S0_baseline_P036_SB2.0,C:alpha=1.0;E:alpha=1.0;G:alpha=1.0;I:alpha=1.0;J:alpha=1.3,targeted_subsidy_2.0,1.0,0,0,30,0.86,0.622464,0.0,1857708.95,0.054946,0,1,0,4,0
S0_baseline,S0_baseline_P037_SB2.0,C:alpha=1.0;E:alpha=1.0;G:alpha=1.0;I:alpha=1.0;J:alpha=1.4,targeted_subsidy_2.0,0.2,0,0,30,0.86,0.491475,0.0,80079.74,0.002857,0,1,0,4,0
S0_baseline,S0_baseline_P037_SB2.0,C:alpha=1.0;E:alpha=1.0;G:alpha=1.0;I:alpha=1.0;J:alpha=1.4,targeted_subsidy_2.0,0.3,0,0,30,0.86,0.491475,0.0,80079.74,0.002857,0,1,0,4,0
S0_baseline,S0_baseline_P037_SB2.0,C:alpha=1.0;E:alpha=1.0;G:alpha=1.0;I:alpha=1.0;J:alpha=1.4,targeted_subsidy_2.0,0.5,0,0,30,0.86,0.491475,0.0,80079.74,0.002857,0,1,0,4,0
S0_baseline,S0_baseline_P037_SB2.0,C:alpha=1.0;E:alpha=1.0;G:alpha=1.0;I:alpha=1.0;J:alpha=1.4,targeted_subsidy_2.0,0.7,0,0,30,0.86,0.491475,0.0,80079.74,0.002857,0,1,0,4,0
S0_baseline,S0_baseline_P037_SB2.0,C:alpha=1.0;E:alpha=1.0;G:alpha=1.0;I:alpha=1.0;J:alpha=1.4,targeted_subsidy_2.0,1.0,0,0,30,0.86,0.621491,0.0,2733847.15,0.081501,0,0,0,4,0
S0_baseline,S0_baseline_P038_SB2.0,C:alpha=1.0;E:alpha=1.0;G:alpha=1.0;I:alpha=1.0;J:alpha=1.5,targeted_subsidy_2.0,0.2,0,0,30,0.86,0.490742,0.0,357801.44,0.012821,1,1,1,5,0
S0_baseline,S0_baseline_P038_SB2.0,C:alpha=1.0;E:alpha=1.0;G:alpha=1.0;I:alpha=1.0;J:alpha=1.5,targeted_subsidy_2.0,0.3,0,0,30,0.86,0.490742,0.0,357801.44,0.012821,1,1,1,5,0
S0_baseline,S0_baseline_P038_SB2.0,C:alpha=1.0;E:alpha=1.0;G:alpha=1.0;I:alpha=1.0;J:alpha=1.5,targeted_subsidy_2.0,0.5,0,0,30,0.86,0.490742,0.0,357801.44,0.012821,1,1,1,5,0
S0_baseline,S0_baseline_P038_SB2.0,C:alpha=1.0;E:alpha=1.0;G:alpha=1.0;I:alpha=1.0;J:alpha=1.5,targeted_subsidy_2.0,0.7,0,0,30,0.86,0.490742,0.0,357801.44,0.012821,1,1,1,5,0
S0_baseline,S0_baseline_P038_SB2.0,C:alpha=1.0;E:alpha=1.0;G:alpha=1.0;I:alpha=1.0;J:alpha=1.5,targeted_subsidy_2.0,1.0,0,0,30,0.86,0.620646,0.0,3575425.53,0.107322,0,0,0,4,0
S0_baseline,S0_baseline_P039_SB2.0,C:alpha=1.0;E:alpha=1.0;G:alpha=1.0;I:alpha=1.0;J:alpha=1.6,targeted_subsidy_2.0,0.2,0,0,30,0.86,0.490101,0.0,621950.41,0.022373,0,1,0,4,0
S0_baseline,S0_baseline_P039_SB2.0,C:alpha=1.0;E:alpha=1.0;G:alpha=1.0;I:alpha=1.0;J:alpha=1.6,targeted_subsidy_2.0,0.3,0,0,30,0.86,0.490101,0.0,621950.41,0.022373,0,1,0,4,0
S0_baseline,S0_baseline_P039_SB2.0,C:alpha=1.0;E:alpha=1.0;G:alpha=1.0;I:alpha=1.0;J:alpha=1.6,targeted_subsidy_2.0,0.5,0,0,30,0.86,0.490101,0.0,621950.41,0.022373,0,1,0,4,0
S0_baseline,S0_baseline_P039_SB2.0,C:alpha=1.0;E:alpha=1.0;G:alpha=1.0;I:alpha=1.0;J:alpha=1.6,targeted_subsidy_2.0,0.7,0,0,30,0.86,0.490101,0.0,621950.41,0.022373,0,1,0,4,0
S0_baseline,S0_baseline_P039_SB2.0,C:alpha=1.0;E:alpha=1.0;G:alpha=1.0;I:alpha=1.0;J:alpha=1.6,targeted_subsidy_2.0,1.0,0,0,30,0.86,0.619905,0.0,4389231.72,0.13254,0,0,0,4,0
S0_baseline,S0_baseline_P040_SB2.0,C:alpha=1.0;E:alpha=1.0;G:alpha=1.0;I:alpha=1.0;J:alpha=1.8,targeted_subsidy_2.0,0.2,0,0,30,0.86,0.489034,0.0,1118900.59,0.04051,0,1,0,4,0
S0_baseline,S0_baseline_P040_SB2.0,C:alpha=1.0;E:alpha=1.0;G:alpha=1.0;I:alpha=1.0;J:alpha=1.8,targeted_subsidy_2.0,0.3,0,0,30,0.86,0.489034,0.0,1118900.59,0.04051,0,1,0,4,0
S0_baseline,S0_baseline_P040_SB2.0,C:alpha=1.0;E:alpha=1.0;G:alpha=1.0;I:alpha=1.0;J:alpha=1.8,targeted_subsidy_2.0,0.5,0,0,30,0.86,0.489034,0.0,1118900.59,0.04051,0,1,0,4,0
S0_baseline,S0_baseline_P040_SB2.0,C:alpha=1.0;E:alpha=1.0;G:alpha=1.0;I:alpha=1.0;J:alpha=1.8,targeted_subsidy_2.0,0.7,0,0,30,0.86,0.489034,0.0,1118900.59,0.04051,0,1,0,4,0
S0_baseline,S0_baseline_P040_SB2.0,C:alpha=1.0;E:alpha=1.0;G:alpha=1.0;I:alpha=1.0;J:alpha=1.8,targeted_subsidy_2.0,1.0,0,0,30,0.86,0.618677,0.0,5953682.83,0.181581,0,0,0,4,0
S0_baseline,S0_baseline_P041_SB2.0,C:alpha=1.0;E:alpha=1.0;G:alpha=1.0;I:alpha=1.0;J:alpha=2.0,targeted_subsidy_2.0,0.2,0,0,30,0.86,0.487782,0.0,1531160.51,0.055829,0,1,0,4,0
S0_baseline,S0_baseline_P041_SB2.0,C:alpha=1.0;E:alpha=1.0;G:alpha=1.0;I:alpha=1.0;J:alpha=2.0,targeted_subsidy_2.0,0.3,0,0,30,0.86,0.487782,0.0,1531160.51,0.055829,0,1,0,4,0
S0_baseline,S0_baseline_P041_SB2.0,C:alpha=1.0;E:alpha=1.0;G:alpha=1.0;I:alpha=1.0;J:alpha=2.0,targeted_subsidy_2.0,0.5,0,0,30,0.86,0.487782,0.0,1531160.51,0.055829,0,1,0,4,0
S0_baseline,S0_baseline_P041_SB2.0,C:alpha=1.0;E:alpha=1.0;G:alpha=1.0;I:alpha=1.0;J:alpha=2.0,targeted_subsidy_2.0,0.7,0,0,30,0.86,0.487782,0.0,1531160.51,0.055829,0,1,0,4,0
S0_baseline,S0_baseline_P041_SB2.0,C:alpha=1.0;E:alpha=1.0;G:alpha=1.0;I:alpha=1.0;J:alpha=2.0,targeted_subsidy_2.0,1.0,0,0,30,0.86,0.616661,0.0,7254199.5,0.224452,0,0,0,4,0
S0_baseline,S0_baseline_P042_SB2.0,C:alpha=1.1;E:alpha=1.1;G:alpha=1.0;I:alpha=1.0;J:alpha=1.0,targeted_subsidy_2.0,0.2,0,0,30,0.959,0.623385,0.081523,134598.89,0.003859,0,1,0,2,0
S0_baseline,S0_baseline_P042_SB2.0,C:alpha=1.1;E:alpha=1.1;G:alpha=1.0;I:alpha=1.0;J:alpha=1.0,targeted_subsidy_2.0,0.3,0,0,30,0.959,0.518244,0.0,-1060676.28,-0.036307,0,0,0,3,0
S0_baseline,S0_baseline_P042_SB2.0,C:alpha=1.1;E:alpha=1.1;G:alpha=1.0;I:alpha=1.0;J:alpha=1.0,targeted_subsidy_2.0,0.5,0,0,30,0.959,0.717168,0.274892,635146.65,0.01568,0,1,0,1,0
S0_baseline,S0_baseline_P042_SB2.0,C:alpha=1.1;E:alpha=1.1;G:alpha=1.0;I:alpha=1.0;J:alpha=1.0,targeted_subsidy_2.0,0.7,0,0,30,0.959,0.717168,0.274892,635146.65,0.01568,0,1,0,1,0
S0_baseline,S0_baseline_P042_SB2.0,C:alpha=1.1;E:alpha=1.1;G:alpha=1.0;I:alpha=1.0;J:alpha=1.0,targeted_subsidy_2.0,1.0,0,0,30,0.959,0.717168,0.274892,635146.65,0.01568,0,1,0,1,0
S0_baseline,S0_baseline_P043_SB2.0,C:alpha=1.1;E:alpha=1.2;G:alpha=1.0;I:alpha=1.0;J:alpha=1.0,targeted_subsidy_2.0,0.2,0,0,30,0.959,0.518244,0.0,-1060676.28,-0.036307,0,0,0,3,0
S0_baseline,S0_baseline_P043_SB2.0,C:alpha=1.1;E:alpha=1.2;G:alpha=1.0;I:alpha=1.0;J:alpha=1.0,targeted_subsidy_2.0,0.3,0,0,30,0.959,0.518244,0.0,-1060676.28,-0.036307,0,0,0,3,0
S0_baseline,S0_baseline_P043_SB2.0,C:alpha=1.1;E:alpha=1.2;G:alpha=1.0;I:alpha=1.0;J:alpha=1.0,targeted_subsidy_2.0,0.5,0,0,30,0.959,0.623385,0.081523,134598.89,0.003859,0,1,0,2,0
S0_baseline,S0_baseline_P043_SB2.0,C:alpha=1.1;E:alpha=1.2;G:alpha=1.0;I:alpha=1.0;J:alpha=1.0,targeted_subsidy_2.0,0.7,0,0,30,0.959,0.623385,0.081523,134598.89,0.003859,0,1,0,2,0
S0_baseline,S0_baseline_P043_SB2.0,C:alpha=1.1;E:alpha=1.2;G:alpha=1.0;I:alpha=1.0;J:alpha=1.0,targeted_subsidy_2.0,1.0,0,0,30,0.959,0.623385,0.081523,134598.89,0.003859,0,1,0,2,0
S0_baseline,S0_baseline_P044_SB2.0,C:alpha=1.1;E:alpha=1.3;G:alpha=1.0;I:alpha=1.0;J:alpha=1.0,targeted_subsidy_2.0,0.2,0,0,30,0.959,0.518244,0.0,-1060676.28,-0.036307,0,0,0,3,0
S0_baseline,S0_baseline_P044_SB2.0,C:alpha=1.1;E:alpha=1.3;G:alpha=1.0;I:alpha=1.0;J:alpha=1.0,targeted_subsidy_2.0,0.3,0,0,30,0.959,0.518244,0.0,-1060676.28,-0.036307,0,0,0,3,0
S0_baseline,S0_baseline_P044_SB2.0,C:alpha=1.1;E:alpha=1.3;G:alpha=1.0;I:alpha=1.0;J:alpha=1.0,targeted_subsidy_2.0,0.5,0,0,30,0.959,0.623385,0.081523,134598.89,0.003859,0,1,0,2,0
S0_baseline,S0_baseline_P044_SB2.0,C:alpha=1.1;E:alpha=1.3;G:alpha=1.0;I:alpha=1.0;J:alpha=1.0,targeted_subsidy_2.0,0.7,0,0,30,0.959,0.623385,0.081523,134598.89,0.003859,0,1,0,2,0
S0_baseline,S0_baseline_P044_SB2.0,C:alpha=1.1;E:alpha=1.3;G:alpha=1.0;I:alpha=1.0;J:alpha=1.0,targeted_subsidy_2.0,1.0,0,0,30,0.959,0.623385,0.081523,134598.89,0.003859,0,1,0,2,0
S0_baseline,S0_baseline_P045_SB2.0,C:alpha=1.1;E:alpha=1.4;G:alpha=1.0;I:alpha=1.0;J:alpha=1.0,targeted_subsidy_2.0,0.2,0,0,30,0.959,0.518244,0.0,-1060676.28,-0.036307,0,0,0,3,0
S0_baseline,S0_baseline_P045_SB2.0,C:alpha=1.1;E:alpha=1.4;G:alpha=1.0;I:alpha=1.0;J:alpha=1.0,targeted_subsidy_2.0,0.3,0,0,30,0.959,0.518244,0.0,-1060676.28,-0.036307,0,0,0,3,0
S0_baseline,S0_baseline_P045_SB2.0,C:alpha=1.1;E:alpha=1.4;G:alpha=1.0;I:alpha=1.0;J:alpha=1.0,targeted_subsidy_2.0,0.5,0,0,30,0.959,0.623385,0.081523,134598.89,0.003859,0,1,0,2,0
S0_baseline,S0_baseline_P045_SB2.0,C:alpha=1.1;E:alpha=1.4;G:alpha=1.0;I:alpha=1.0;J:alpha=1.0,targeted_subsidy_2.0,0.7,0,0,30,0.959,0.623385,0.081523,134598.89,0.003859,0,1,0,2,0
S0_baseline,S0_baseline_P045_SB2.0,C:alpha=1.1;E:alpha=1.4;G:alpha=1.0;I:alpha=1.0;J:alpha=1.0,targeted_subsidy_2.0,1.0,0,0,30,0.959,0.623385,0.081523,134598.89,0.003859,0,1,0,2,0
S0_baseline,S0_baseline_P046_SB2.0,C:alpha=1.1;E:alpha=1.5;G:alpha=1.0;I:alpha=1.0;J:alpha=1.0,targeted_subsidy_2.0,0.2,0,0,30,0.959,0.518244,0.0,-1060676.28,-0.036307,0,0,0,3,0
S0_baseline,S0_baseline_P046_SB2.0,C:alpha=1.1;E:alpha=1.5;G:alpha=1.0;I:alpha=1.0;J:alpha=1.0,targeted_subsidy_2.0,0.3,0,0,30,0.959,0.518244,0.0,-1060676.28,-0.036307,0,0,0,3,0
S0_baseline,S0_baseline_P046_SB2.0,C:alpha=1.1;E:alpha=1.5;G:alpha=1.0;I:alpha=1.0;J:alpha=1.0,targeted_subsidy_2.0,0.5,0,0,30,0.959,0.623385,0.081523,134598.89,0.003859,0,1,0,2,0
S0_baseline,S0_baseline_P046_SB2.0,C:alpha=1.1;E:alpha=1.5;G:alpha=1.0;I:alpha=1.0;J:alpha=1.0,targeted_subsidy_2.0,0.7,0,0,30,0.959,0.623385,0.081523,134598.89,0.003859,0,1,0,2,0
S0_baseline,S0_baseline_P046_SB2.0,C:alpha=1.1;E:alpha=1.5;G:alpha=1.0;I:alpha=1.0;J:alpha=1.0,targeted_subsidy_2.0,1.0,0,0,30,0.959,0.623385,0.081523,134598.89,0.003859,0,1,0,2,0
S0_baseline,S0_baseline_P047_SB2.0,C:alpha=1.1;E:alpha=1.6;G:alpha=1.0;I:alpha=1.0;J:alpha=1.0,targeted_subsidy_2.0,0.2,0,0,30,0.959,0.518244,0.0,-1060676.28,-0.036307,0,0,0,3,0
S0_baseline,S0_baseline_P047_SB2.0,C:alpha=1.1;E:alpha=1.6;G:alpha=1.0;I:alpha=1.0;J:alpha=1.0,targeted_subsidy_2.0,0.3,0,0,30,0.959,0.518244,0.0,-1060676.28,-0.036307,0,0,0,3,0
S0_baseline,S0_baseline_P047_SB2.0,C:alpha=1.1;E:alpha=1.6;G:alpha=1.0;I:alpha=1.0;J:alpha=1.0,targeted_subsidy_2.0,0.5,0,0,30,0.959,0.623385,0.081523,134598.89,0.003859,0,1,0,2,0
S0_baseline,S0_baseline_P047_SB2.0,C:alpha=1.1;E:alpha=1.6;G:alpha=1.0;I:alpha=1.0;J:alpha=1.0,targeted_subsidy_2.0,0.7,0,0,30,0.959,0.623385,0.081523,134598.89,0.003859,0,1,0,2,0
S0_baseline,S0_baseline_P047_SB2.0,C:alpha=1.1;E:alpha=1.6;G:alpha=1.0;I:alpha=1.0;J:alpha=1.0,targeted_subsidy_2.0,1.0,0,0,30,0.959,0.623385,0.081523,134598.89,0.003859,0,1,0,2,0
S0_baseline,S0_baseline_P048_SB2.0,C:alpha=1.1;E:alpha=1.8;G:alpha=1.0;I:alpha=1.0;J:alpha=1.0,targeted_subsidy_2.0,0.2,0,0,30,0.959,0.518244,0.0,-1060676.28,-0.036307,0,0,0,3,0
S0_baseline,S0_baseline_P048_SB2.0,C:alpha=1.1;E:alpha=1.8;G:alpha=1.0;I:alpha=1.0;J:alpha=1.0,targeted_subsidy_2.0,0.3,0,0,30,0.959,0.518244,0.0,-1060676.28,-0.036307,0,0,0,3,0
S0_baseline,S0_baseline_P048_SB2.0,C:alpha=1.1;E:alpha=1.8;G:alpha=1.0;I:alpha=1.0;J:alpha=1.0,targeted_subsidy_2.0,0.5,0,0,30,0.959,0.623385,0.081523,134598.89,0.003859,0,1,0,2,0
S0_baseline,S0_baseline_P048_SB2.0,C:alpha=1.1;E:alpha=1.8;G:alpha=1.0;I:alpha=1.0;J:alpha=1.0,targeted_subsidy_2.0,0.7,0,0,30,0.959,0.623385,0.081523,134598.89,0.003859,0,1,0,2,0
S0_baseline,S0_baseline_P048_SB2.0,C:alpha=1.1;E:alpha=1.8;G:alpha=1.0;I:alpha=1.0;J:alpha=1.0,targeted_subsidy_2.0,1.0,0,0,30,0.959,0.623385,0.081523,134598.89,0.003859,0,1,0,2,0
S0_baseline,S0_baseline_P049_SB2.0,C:alpha=1.1;E:alpha=2.0;G:alpha=1.0;I:alpha=1.0;J:alpha=1.0,targeted_subsidy_2.0,0.2,0,0,30,0.959,0.518244,0.0,-1060676.28,-0.036307,0,0,0,3,0
S0_baseline,S0_baseline_P049_SB2.0,C:alpha=1.1;E:alpha=2.0;G:alpha=1.0;I:alpha=1.0;J:alpha=1.0,targeted_subsidy_2.0,0.3,0,0,30,0.959,0.518244,0.0,-1060676.28,-0.036307,0,0,0,3,0
S0_baseline,S0_baseline_P049_SB2.0,C:alpha=1.1;E:alpha=2.0;G:alpha=1.0;I:alpha=1.0;J:alpha=1.0,targeted_subsidy_2.0,0.5,0,0,30,0.959,0.623385,0.081523,134598.89,0.003859,0,1,0,2,0
S0_baseline,S0_baseline_P049_SB2.0,C:alpha=1.1;E:alpha=2.0;G:alpha=1.0;I:alpha=1.0;J:alpha=1.0,targeted_subsidy_2.0,0.7,0,0,30,0.959,0.623385,0.081523,134598.89,0.003859,0,1,0,2,0
S0_baseline,S0_baseline_P049_SB2.0,C:alpha=1.1;E:alpha=2.0;G:alpha=1.0;I:alpha=1.0;J:alpha=1.0,targeted_subsidy_2.0,1.0,0,0,30,0.959,0.623385,0.081523,134598.89,0.003859,0,1,0,2,0
S0_baseline,S0_baseline_P050_SB2.0,C:alpha=1.2;E:alpha=1.1;G:alpha=1.0;I:alpha=1.0;J:alpha=1.0,targeted_subsidy_2.0,0.2,0,0,30,0.959,0.518244,0.0,-1060676.28,-0.036307,0,0,0,3,0
S0_baseline,S0_baseline_P050_SB2.0,C:alpha=1.2;E:alpha=1.1;G:alpha=1.0;I:alpha=1.0;J:alpha=1.0,targeted_subsidy_2.0,0.3,0,0,30,0.959,0.518244,0.0,-1060676.28,-0.036307,0,0,0,3,0
S0_baseline,S0_baseline_P050_SB2.0,C:alpha=1.2;E:alpha=1.1;G:alpha=1.0;I:alpha=1.0;J:alpha=1.0,targeted_subsidy_2.0,0.5,0,0,30,0.959,0.620522,0.0,-117721.83,-0.003355,0,0,0,1,0
S0_baseline,S0_baseline_P050_SB2.0,C:alpha=1.2;E:alpha=1.1;G:alpha=1.0;I:alpha=1.0;J:alpha=1.0,targeted_subsidy_2.0,0.7,0,0,30,0.959,0.620522,0.0,-117721.83,-0.003355,0,0,0,1,0
S0_baseline,S0_baseline_P050_SB2.0,C:alpha=1.2;E:alpha=1.1;G:alpha=1.0;I:alpha=1.0;J:alpha=1.0,targeted_subsidy_2.0,1.0,0,0,30,0.959,0.620522,0.0,-117721.83,-0.003355,0,0,0,1,0
S0_baseline,S0_baseline_P051_SB2.0,C:alpha=1.2;E:alpha=1.2;G:alpha=1.0;I:alpha=1.0;J:alpha=1.0,targeted_subsidy_2.0,0.2,1,1,3,0.959,0.518244,0.0,-1060676.28,-0.036307,0,0,0,3,0
S0_baseline,S0_baseline_P051_SB2.0,C:alpha=1.2;E:alpha=1.2;G:alpha=1.0;I:alpha=1.0;J:alpha=1.0,targeted_subsidy_2.0,0.3,1,1,3,0.959,0.518244,0.0,-1060676.28,-0.036307,0,0,0,3,0
S0_baseline,S0_baseline_P051_SB2.0,C:alpha=1.2;E:alpha=1.2;G:alpha=1.0;I:alpha=1.0;J:alpha=1.0,targeted_subsidy_2.0,0.5,1,1,3,0.959,0.518244,0.0,-1060676.28,-0.036307,0,0,0,3,0
S0_baseline,S0_baseline_P051_SB2.0,C:alpha=1.2;E:alpha=1.2;G:alpha=1.0;I:alpha=1.0;J:alpha=1.0,targeted_subsidy_2.0,0.7,1,1,3,0.959,0.518244,0.0,-1060676.28,-0.036307,0,0,0,3,0
S0_baseline,S0_baseline_P051_SB2.0,C:alpha=1.2;E:alpha=1.2;G:alpha=1.0;I:alpha=1.0;J:alpha=1.0,targeted_subsidy_2.0,1.0,1,1,3,0.959,0.518244,0.0,-1060676.28,-0.036307,0,0,0,3,0
S0_baseline,S0_baseline_P052_SB2.0,C:alpha=1.2;E:alpha=1.3;G:alpha=1.0;I:alpha=1.0;J:alpha=1.0,targeted_subsidy_2.0,0.2,1,1,3,0.959,0.518244,0.0,-1060676.28,-0.036307,0,0,0,3,0
S0_baseline,S0_baseline_P052_SB2.0,C:alpha=1.2;E:alpha=1.3;G:alpha=1.0;I:alpha=1.0;J:alpha=1.0,targeted_subsidy_2.0,0.3,1,1,3,0.959,0.518244,0.0,-1060676.28,-0.036307,0,0,0,3,0
S0_baseline,S0_baseline_P052_SB2.0,C:alpha=1.2;E:alpha=1.3;G:alpha=1.0;I:alpha=1.0;J:alpha=1.0,targeted_subsidy_2.0,0.5,1,1,3,0.959,0.518244,0.0,-1060676.28,-0.036307,0,0,0,3,0
S0_baseline,S0_baseline_P052_SB2.0,C:alpha=1.2;E:alpha=1.3;G:alpha=1.0;I:alpha=1.0;J:alpha=1.0,targeted_subsidy_2.0,0.7,1,1,3,0.959,0.518244,0.0,-1060676.28,-0.036307,0,0,0,3,0
S0_baseline,S0_baseline_P052_SB2.0,C:alpha=1.2;E:alpha=1.3;G:alpha=1.0;I:alpha=1.0;J:alpha=1.0,targeted_subsidy_2.0,1.0,1,1,3,0.959,0.518244,0.0,-1060676.28,-0.036307,0,0,0,3,0
S0_baseline,S0_baseline_P053_SB2.0,C:alpha=1.2;E:alpha=1.4;G:alpha=1.0;I:alpha=1.0;J:alpha=1.0,targeted_subsidy_2.0,0.2,1,1,3,0.959,0.518244,0.0,-1060676.28,-0.036307,0,0,0,3,0
S0_baseline,S0_baseline_P053_SB2.0,C:alpha=1.2;E:alpha=1.4;G:alpha=1.0;I:alpha=1.0;J:alpha=1.0,targeted_subsidy_2.0,0.3,1,1,3,0.959,0.518244,0.0,-1060676.28,-0.036307,0,0,0,3,0
S0_baseline,S0_baseline_P053_SB2.0,C:alpha=1.2;E:alpha=1.4;G:alpha=1.0;I:alpha=1.0;J:alpha=1.0,targeted_subsidy_2.0,0.5,1,1,3,0.959,0.518244,0.0,-1060676.28,-0.036307,0,0,0,3,0
S0_baseline,S0_baseline_P053_SB2.0,C:alpha=1.2;E:alpha=1.4;G:alpha=1.0;I:alpha=1.0;J:alpha=1.0,targeted_subsidy_2.0,0.7,1,1,3,0.959,0.518244,0.0,-1060676.28,-0.036307,0,0,0,3,0
S0_baseline,S0_baseline_P053_SB2.0,C:alpha=1.2;E:alpha=1.4;G:alpha=1.0;I:alpha=1.0;J:alpha=1.0,targeted_subsidy_2.0,1.0,1,1,3,0.959,0.518244,0.0,-1060676.28,-0.036307,0,0,0,3,0
S0_baseline,S0_baseline_P054_SB2.0,C:alpha=1.2;E:alpha=1.5;G:alpha=1.0;I:alpha=1.0;J:alpha=1.0,targeted_subsidy_2.0,0.2,1,1,3,0.959,0.518244,0.0,-1060676.28,-0.036307,0,0,0,3,0
S0_baseline,S0_baseline_P054_SB2.0,C:alpha=1.2;E:alpha=1.5;G:alpha=1.0;I:alpha=1.0;J:alpha=1.0,targeted_subsidy_2.0,0.3,1,1,3,0.959,0.518244,0.0,-1060676.28,-0.036307,0,0,0,3,0
S0_baseline,S0_baseline_P054_SB2.0,C:alpha=1.2;E:alpha=1.5;G:alpha=1.0;I:alpha=1.0;J:alpha=1.0,targeted_subsidy_2.0,0.5,1,1,3,0.959,0.518244,0.0,-1060676.28,-0.036307,0,0,0,3,0
S0_baseline,S0_baseline_P054_SB2.0,C:alpha=1.2;E:alpha=1.5;G:alpha=1.0;I:alpha=1.0;J:alpha=1.0,targeted_subsidy_2.0,0.7,1,1,3,0.959,0.518244,0.0,-1060676.28,-0.036307,0,0,0,3,0
S0_baseline,S0_baseline_P054_SB2.0,C:alpha=1.2;E:alpha=1.5;G:alpha=1.0;I:alpha=1.0;J:alpha=1.0,targeted_subsidy_2.0,1.0,1,1,3,0.959,0.518244,0.0,-1060676.28,-0.036307,0,0,0,3,0
S0_baseline,S0_baseline_P055_SB2.0,C:alpha=1.2;E:alpha=1.6;G:alpha=1.0;I:alpha=1.0;J:alpha=1.0,targeted_subsidy_2.0,0.2,1,1,3,0.959,0.518244,0.0,-1060676.28,-0.036307,0,0,0,3,0
S0_baseline,S0_baseline_P055_SB2.0,C:alpha=1.2;E:alpha=1.6;G:alpha=1.0;I:alpha=1.0;J:alpha=1.0,targeted_subsidy_2.0,0.3,1,1,3,0.959,0.518244,0.0,-1060676.28,-0.036307,0,0,0,3,0
S0_baseline,S0_baseline_P055_SB2.0,C:alpha=1.2;E:alpha=1.6;G:alpha=1.0;I:alpha=1.0;J:alpha=1.0,targeted_subsidy_2.0,0.5,1,1,3,0.959,0.518244,0.0,-1060676.28,-0.036307,0,0,0,3,0
S0_baseline,S0_baseline_P055_SB2.0,C:alpha=1.2;E:alpha=1.6;G:alpha=1.0;I:alpha=1.0;J:alpha=1.0,targeted_subsidy_2.0,0.7,1,1,3,0.959,0.518244,0.0,-1060676.28,-0.036307,0,0,0,3,0
S0_baseline,S0_baseline_P055_SB2.0,C:alpha=1.2;E:alpha=1.6;G:alpha=1.0;I:alpha=1.0;J:alpha=1.0,targeted_subsidy_2.0,1.0,1,1,3,0.959,0.518244,0.0,-1060676.28,-0.036307,0,0,0,3,0
S0_baseline,S0_baseline_P056_SB2.0,C:alpha=1.2;E:alpha=1.8;G:alpha=1.0;I:alpha=1.0;J:alpha=1.0,targeted_subsidy_2.0,0.2,1,1,3,0.959,0.518244,0.0,-1060676.28,-0.036307,0,0,0,3,0
S0_baseline,S0_baseline_P056_SB2.0,C:alpha=1.2;E:alpha=1.8;G:alpha=1.0;I:alpha=1.0;J:alpha=1.0,targeted_subsidy_2.0,0.3,1,1,3,0.959,0.518244,0.0,-1060676.28,-0.036307,0,0,0,3,0
S0_baseline,S0_baseline_P056_SB2.0,C:alpha=1.2;E:alpha=1.8;G:alpha=1.0;I:alpha=1.0;J:alpha=1.0,targeted_subsidy_2.0,0.5,1,1,3,0.959,0.518244,0.0,-1060676.28,-0.036307,0,0,0,3,0
S0_baseline,S0_baseline_P056_SB2.0,C:alpha=1.2;E:alpha=1.8;G:alpha=1.0;I:alpha=1.0;J:alpha=1.0,targeted_subsidy_2.0,0.7,1,1,3,0.959,0.518244,0.0,-1060676.28,-0.036307,0,0,0,3,0
S0_baseline,S0_baseline_P056_SB2.0,C:alpha=1.2;E:alpha=1.8;G:alpha=1.0;I:alpha=1.0;J:alpha=1.0,targeted_subsidy_2.0,1.0,1,1,3,0.959,0.518244,0.0,-1060676.28,-0.036307,0,0,0,3,0
S0_baseline,S0_baseline_P057_SB2.0,C:alpha=1.2;E:alpha=2.0;G:alpha=1.0;I:alpha=1.0;J:alpha=1.0,targeted_subsidy_2.0,0.2,1,1,3,0.959,0.518244,0.0,-1060676.28,-0.036307,0,0,0,3,0
S0_baseline,S0_baseline_P057_SB2.0,C:alpha=1.2;E:alpha=2.0;G:alpha=1.0;I:alpha=1.0;J:alpha=1.0,targeted_subsidy_2.0,0.3,1,1,3,0.959,0.518244,0.0,-1060676.28,-0.036307,0,0,0,3,0
S0_baseline,S0_baseline_P057_SB2.0,C:alpha=1.2;E:alpha=2.0;G:alpha=1.0;I:alpha=1.0;J:alpha=1.0,targeted_subsidy_2.0,0.5,1,1,3,0.959,0.518244,0.0,-1060676.28,-0.036307,0,0,0,3,0
S0_baseline,S0_baseline_P057_SB2.0,C:alpha=1.2;E:alpha=2.0;G:alpha=1.0;I:alpha=1.0;J:alpha=1.0,targeted_subsidy_2.0,0.7,1,1,3,0.959,0.518244,0.0,-1060676.28,-0.036307,0,0,0,3,0
S0_baseline,S0_baseline_P057_SB2.0,C:alpha=1.2;E:alpha=2.0;G:alpha=1.0;I:alpha=1.0;J:alpha=1.0,targeted_subsidy_2.0,1.0,1,1,3,0.959,0.518244,0.0,-1060676.28,-0.036307,0,0,0,3,0
S0_baseline,S0_baseline_P058_SB2.0,C:alpha=1.3;E:alpha=1.1;G:alpha=1.0;I:alpha=1.0;J:alpha=1.0,targeted_subsidy_2.0,0.2,0,0,30,0.959,0.518244,0.0,-1060676.28,-0.036307,0,0,0,3,0
S0_baseline,S0_baseline_P058_SB2.0,C:alpha=1.3;E:alpha=1.1;G:alpha=1.0;I:alpha=1.0;J:alpha=1.0,targeted_subsidy_2.0,0.3,0,0,30,0.959,0.518244,0.0,-1060676.28,-0.036307,0,0,0,3,0
S0_baseline,S0_baseline_P058_SB2.0,C:alpha=1.3;E:alpha=1.1;G:alpha=1.0;I:alpha=1.0;J:alpha=1.0,targeted_subsidy_2.0,0.5,0,0,30,0.959,0.620522,0.0,-117721.83,-0.003355,0,0,0,1,0
S0_baseline,S0_baseline_P058_SB2.0,C:alpha=1.3;E:alpha=1.1;G:alpha=1.0;I:alpha=1.0;J:alpha=1.0,targeted_subsidy_2.0,0.7,0,0,30,0.959,0.620522,0.0,-117721.83,-0.003355,0,0,0,1,0
S0_baseline,S0_baseline_P058_SB2.0,C:alpha=1.3;E:alpha=1.1;G:alpha=1.0;I:alpha=1.0;J:alpha=1.0,targeted_subsidy_2.0,1.0,0,0,30,0.959,0.620522,0.0,-117721.83,-0.003355,0,0,0,1,0
S0_baseline,S0_baseline_P059_SB2.0,C:alpha=1.3;E:alpha=1.2;G:alpha=1.0;I:alpha=1.0;J:alpha=1.0,targeted_subsidy_2.0,0.2,1,1,3,0.959,0.518244,0.0,-1060676.28,-0.036307,0,0,0,3,0
S0_baseline,S0_baseline_P059_SB2.0,C:alpha=1.3;E:alpha=1.2;G:alpha=1.0;I:alpha=1.0;J:alpha=1.0,targeted_subsidy_2.0,0.3,1,1,3,0.959,0.518244,0.0,-1060676.28,-0.036307,0,0,0,3,0
S0_baseline,S0_baseline_P059_SB2.0,C:alpha=1.3;E:alpha=1.2;G:alpha=1.0;I:alpha=1.0;J:alpha=1.0,targeted_subsidy_2.0,0.5,1,1,3,0.959,0.518244,0.0,-1060676.28,-0.036307,0,0,0,3,0
S0_baseline,S0_baseline_P059_SB2.0,C:alpha=1.3;E:alpha=1.2;G:alpha=1.0;I:alpha=1.0;J:alpha=1.0,targeted_subsidy_2.0,0.7,1,1,3,0.959,0.518244,0.0,-1060676.28,-0.036307,0,0,0,3,0
S0_baseline,S0_baseline_P059_SB2.0,C:alpha=1.3;E:alpha=1.2;G:alpha=1.0;I:alpha=1.0;J:alpha=1.0,targeted_subsidy_2.0,1.0,1,1,3,0.959,0.518244,0.0,-1060676.28,-0.036307,0,0,0,3,0
S0_baseline,S0_baseline_P060_SB2.0,C:alpha=1.3;E:alpha=1.3;G:alpha=1.0;I:alpha=1.0;J:alpha=1.0,targeted_subsidy_2.0,0.2,1,1,3,0.959,0.518244,0.0,-1060676.28,-0.036307,0,0,0,3,0
S0_baseline,S0_baseline_P060_SB2.0,C:alpha=1.3;E:alpha=1.3;G:alpha=1.0;I:alpha=1.0;J:alpha=1.0,targeted_subsidy_2.0,0.3,1,1,3,0.959,0.518244,0.0,-1060676.28,-0.036307,0,0,0,3,0
S0_baseline,S0_baseline_P060_SB2.0,C:alpha=1.3;E:alpha=1.3;G:alpha=1.0;I:alpha=1.0;J:alpha=1.0,targeted_subsidy_2.0,0.5,1,1,3,0.959,0.518244,0.0,-1060676.28,-0.036307,0,0,0,3,0
S0_baseline,S0_baseline_P060_SB2.0,C:alpha=1.3;E:alpha=1.3;G:alpha=1.0;I:alpha=1.0;J:alpha=1.0,targeted_subsidy_2.0,0.7,1,1,3,0.959,0.518244,0.0,-1060676.28,-0.036307,0,0,0,3,0
S0_baseline,S0_baseline_P060_SB2.0,C:alpha=1.3;E:alpha=1.3;G:alpha=1.0;I:alpha=1.0;J:alpha=1.0,targeted_subsidy_2.0,1.0,1,1,3,0.959,0.518244,0.0,-1060676.28,-0.036307,0,0,0,3,0
S4_budget_140,S4_budget_140_P001_SB0.0,A:alpha=1.0;C:alpha=1.0;G:alpha=1.0;J:alpha=1.0,targeted_subsidy_0.0,0.2,0,0,30,0.17609219,0.870137,0.783041,587998.02,0.012961,0,1,0,2,0
S4_budget_140,S4_budget_140_P001_SB0.0,A:alpha=1.0;C:alpha=1.0;G:alpha=1.0;J:alpha=1.0,targeted_subsidy_0.0,0.3,0,0,30,0.17693223,0.850031,0.802068,-655016.53,-0.014438,0,0,0,2,0
S4_budget_140,S4_budget_140_P001_SB0.0,A:alpha=1.0;C:alpha=1.0;G:alpha=1.0;J:alpha=1.0,targeted_subsidy_0.0,0.5,0,0,30,0.17686761,0.870137,0.783041,587998.02,0.012961,0,1,0,2,0
S4_budget_140,S4_budget_140_P001_SB0.0,A:alpha=1.0;C:alpha=1.0;G:alpha=1.0;J:alpha=1.0,targeted_subsidy_0.0,0.7,0,0,30,0.17686761,0.870137,0.783041,587998.02,0.012961,0,1,0,2,0
S4_budget_140,S4_budget_140_P001_SB0.0,A:alpha=1.0;C:alpha=1.0;G:alpha=1.0;J:alpha=1.0,targeted_subsidy_0.0,1.0,0,0,30,0.17609219,0.870137,0.783041,587998.02,0.012961,0,1,0,2,0
S4_budget_140,S4_budget_140_P002_SB0.0,A:alpha=1.1;C:alpha=1.0;G:alpha=1.0;J:alpha=1.0,targeted_subsidy_0.0,0.2,0,0,30,0.13288343,0.834856,0.783391,-1772333.87,-0.039067,0,0,0,1,0
S4_budget_140,S4_budget_140_P002_SB0.0,A:alpha=1.1;C:alpha=1.0;G:alpha=1.0;J:alpha=1.0,targeted_subsidy_0.0,0.3,0,0,30,0.13288343,0.834856,0.783391,-1772333.87,-0.039067,0,0,0,1,0
S4_budget_140,S4_budget_140_P002_SB0.0,A:alpha=1.1;C:alpha=1.0;G:alpha=1.0;J:alpha=1.0,targeted_subsidy_0.0,0.5,0,0,30,0.15269905,0.85662,0.782301,329567.94,0.007293,0,1,0,2,0
S4_budget_140,S4_budget_140_P002_SB0.0,A:alpha=1.1;C:alpha=1.0;G:alpha=1.0;J:alpha=1.0,targeted_subsidy_0.0,0.7,0,0,30,0.17709527,0.855036,0.781905,223717.32,0.004971,0,1,0,1,0
S4_budget_140,S4_budget_140_P002_SB0.0,A:alpha=1.1;C:alpha=1.0;G:alpha=1.0;J:alpha=1.0,targeted_subsidy_0.0,1.0,0,0,30,0.13288343,0.864167,0.817117,634682.72,0.014104,0,1,0,2,0
S4_budget_140,S4_budget_140_P003_SB0.0,A:alpha=1.2;C:alpha=1.0;G:alpha=1.0;J:alpha=1.0,targeted_subsidy_0.0,0.2,0,0,30,0.13150337,0.829066,0.782882,-1933078.87,-0.04261,0,0,0,1,0
S4_budget_140,S4_budget_140_P003_SB0.0,A:alpha=1.2;C:alpha=1.0;G:alpha=1.0;J:alpha=1.0,targeted_subsidy_0.0,0.3,0,0,30,0.13150337,0.829066,0.782882,-1933078.87,-0.04261,0,0,0,1,0
S4_budget_140,S4_budget_140_P003_SB0.0,A:alpha=1.2;C:alpha=1.0;G:alpha=1.0;J:alpha=1.0,targeted_subsidy_0.0,0.5,0,0,30,0.13150337,0.85361,0.802068,-458820.91,-0.010114,0,0,0,2,0
S4_budget_140,S4_budget_140_P003_SB0.0,A:alpha=1.2;C:alpha=1.0;G:alpha=1.0;J:alpha=1.0,targeted_subsidy_0.0,0.7,0,0,30,0.13150337,0.846879,0.727733,57427.53,0.001266,0,1,0,1,0
S4_budget_140,S4_budget_140_P003_SB0.0,A:alpha=1.2;C:alpha=1.0;G:alpha=1.0;J:alpha=1.0,targeted_subsidy_0.0,1.0,0,0,30,0.13150337,0.846879,0.727733,57427.53,0.001266,0,1,0,1,0
S4_budget_140,S4_budget_140_P004_SB0.0,A:alpha=1.3;C:alpha=1.0;G:alpha=1.0;J:alpha=1.0,targeted_subsidy_0.0,0.2,0,0,30,0.13150337,0.829071,0.782882,-1868711.32,-0.041192,0,0,0,1,0
S4_budget_140,S4_budget_140_P004_SB0.0,A:alpha=1.3;C:alpha=1.0;G:alpha=1.0;J:alpha=1.0,targeted_subsidy_0.0,0.3,0,0,30,0.13150337,0.829071,0.782882,-1868711.32,-0.041192,0,0,0,1,0
S4_budget_140,S4_budget_140_P004_SB0.0,A:alpha=1.3;C:alpha=1.0;G:alpha=1.0;J:alpha=1.0,targeted_subsidy_0.0,0.5,0,0,30,0.13150337,0.853615,0.802068,-392189.39,-0.008645,0,0,0,2,0
S4_budget_140,S4_budget_140_P004_SB0.0,A:alpha=1.3;C:alpha=1.0;G:alpha=1.0;J:alpha=1.0,targeted_subsidy_0.0,0.7,0,0,30,0.13150337,0.846897,0.727902,434176.79,0.00957,0,1,0,2,0
S4_budget_140,S4_budget_140_P004_SB0.0,A:alpha=1.3;C:alpha=1.0;G:alpha=1.0;J:alpha=1.0,targeted_subsidy_0.0,1.0,0,0,30,0.13150337,0.846897,0.727902,434176.79,0.00957,0,1,0,2,0
S4_budget_140,S4_budget_140_P005_SB0.0,A:alpha=1.4;C:alpha=1.0;G:alpha=1.0;J:alpha=1.0,targeted_subsidy_0.0,0.2,0,0,30,0.13150337,0.829076,0.782882,-1804332.85,-0.039773,0,0,0,1,0
S4_budget_140,S4_budget_140_P005_SB0.0,A:alpha=1.4;C:alpha=1.0;G:alpha=1.0;J:alpha=1.0,targeted_subsidy_0.0,0.3,0,0,30,0.13150337,0.829076,0.782882,-1804332.85,-0.039773,0,0,0,1,0
S4_budget_140,S4_budget_140_P005_SB0.0,A:alpha=1.4;C:alpha=1.0;G:alpha=1.0;J:alpha=1.0,targeted_subsidy_0.0,0.5,0,0,30,0.13150337,0.85362,0.802068,-325546.95,-0.007176,0,0,0,2,0
S4_budget_140,S4_budget_140_P005_SB0.0,A:alpha=1.4;C:alpha=1.0;G:alpha=1.0;J:alpha=1.0,targeted_subsidy_0.0,0.7,0,0,30,0.13150337,0.846913,0.728057,811000.92,0.017877,0,1,0,1,0
S4_budget_140,S4_budget_140_P005_SB0.0,A:alpha=1.4;C:alpha=1.0;G:alpha=1.0;J:alpha=1.0,targeted_subsidy_0.0,1.0,0,0,30,0.13150337,0.846913,0.728057,811000.92,0.017877,0,1,0,1,0
S4_budget_140,S4_budget_140_P006_SB0.0,A:alpha=1.5;C:alpha=1.0;G:alpha=1.0;J:alpha=1.0,targeted_subsidy_0.0,0.2,0,0,30,0.13150337,0.829081,0.782882,-1739944.77,-0.038353,0,0,0,1,0
S4_budget_140,S4_budget_140_P006_SB0.0,A:alpha=1.5;C:alpha=1.0;G:alpha=1.0;J:alpha=1.0,targeted_subsidy_0.0,0.3,0,0,30,0.13150337,0.829081,0.782882,-1739944.77,-0.038353,0,0,0,1,0
S4_budget_140,S4_budget_140_P006_SB0.0,A:alpha=1.5;C:alpha=1.0;G:alpha=1.0;J:alpha=1.0,targeted_subsidy_0.0,0.5,0,0,30,0.13150337,0.853625,0.802068,-258894.9,-0.005707,0,0,0,2,0
S4_budget_140,S4_budget_140_P006_SB0.0,A:alpha=1.5;C:alpha=1.0;G:alpha=1.0;J:alpha=1.0,targeted_subsidy_0.0,0.7,0,0,30,0.13150337,0.846928,0.728199,1187890.95,0.026184,0,1,0,1,0
S4_budget_140,S4_budget_140_P006_SB0.0,A:alpha=1.5;C:alpha=1.0;G:alpha=1.0;J:alpha=1.0,targeted_subsidy_0.0,1.0,0,0,30,0.13150337,0.846928,0.728199,1187890.95,0.026184,0,1,0,1,0
S4_budget_140,S4_budget_140_P007_SB0.0,A:alpha=1.6;C:alpha=1.0;G:alpha=1.0;J:alpha=1.0,targeted_subsidy_0.0,0.2,0,0,30,0.13150337,0.829085,0.782882,-1675548.19,-0.036934,0,0,0,1,0
S4_budget_140,S4_budget_140_P007_SB0.0,A:alpha=1.6;C:alpha=1.0;G:alpha=1.0;J:alpha=1.0,targeted_subsidy_0.0,0.3,0,0,30,0.13150337,0.829085,0.782882,-1675548.19,-0.036934,0,0,0,1,0
S4_budget_140,S4_budget_140_P007_SB0.0,A:alpha=1.6;C:alpha=1.0;G:alpha=1.0;J:alpha=1.0,targeted_subsidy_0.0,0.5,0,0,30,0.13150337,0.853629,0.802068,-192234.35,-0.004237,0,0,0,2,0
S4_budget_140,S4_budget_140_P007_SB0.0,A:alpha=1.6;C:alpha=1.0;G:alpha=1.0;J:alpha=1.0,targeted_subsidy_0.0,0.7,0,0,30,0.13150337,0.846942,0.728331,1564839.3,0.034493,0,1,0,1,0
S4_budget_140,S4_budget_140_P007_SB0.0,A:alpha=1.6;C:alpha=1.0;G:alpha=1.0;J:alpha=1.0,targeted_subsidy_0.0,1.0,0,0,30,0.13150337,0.846942,0.728331,1564839.3,0.034493,0,1,0,1,0
S4_budget_140,S4_budget_140_P008_SB0.0,A:alpha=1.8;C:alpha=1.0;G:alpha=1.0;J:alpha=1.0,targeted_subsidy_0.0,0.2,0,0,30,0.13150337,0.829092,0.782882,-1546733.16,-0.034094,0,0,0,1,0
S4_budget_140,S4_budget_140_P008_SB0.0,A:alpha=1.8;C:alpha=1.0;G:alpha=1.0;J:alpha=1.0,targeted_subsidy_0.0,0.3,0,0,30,0.13150337,0.829092,0.782882,-1546733.16,-0.034094,0,0,0,1,0
S4_budget_140,S4_budget_140_P008_SB0.0,A:alpha=1.8;C:alpha=1.0;G:alpha=1.0;J:alpha=1.0,targeted_subsidy_0.0,0.5,0,0,30,0.13150337,0.853637,0.802068,-58891.38,-0.001298,0,0,0,2,0
S4_budget_140,S4_budget_140_P008_SB0.0,A:alpha=1.8;C:alpha=1.0;G:alpha=1.0;J:alpha=1.0,targeted_subsidy_0.0,0.7,0,0,30,0.13150337,0.846966,0.728566,2318886.01,0.051115,0,1,0,1,0
S4_budget_140,S4_budget_140_P008_SB0.0,A:alpha=1.8;C:alpha=1.0;G:alpha=1.0;J:alpha=1.0,targeted_subsidy_0.0,1.0,0,0,30,0.13150337,0.846966,0.728566,2318886.01,0.051115,0,1,0,1,0
S4_budget_140,S4_budget_140_P009_SB0.0,A:alpha=2.0;C:alpha=1.0;G:alpha=1.0;J:alpha=1.0,targeted_subsidy_0.0,0.2,0,0,30,0.13150337,0.829104,0.782882,-1417538.25,-0.031246,0,0,0,1,0
S4_budget_140,S4_budget_140_P009_SB0.0,A:alpha=2.0;C:alpha=1.0;G:alpha=1.0;J:alpha=1.0,targeted_subsidy_0.0,0.3,0,0,30,0.13150337,0.829104,0.782882,-1417538.25,-0.031246,0,0,0,1,0
S4_budget_140,S4_budget_140_P009_SB0.0,A:alpha=2.0;C:alpha=1.0;G:alpha=1.0;J:alpha=1.0,targeted_subsidy_0.0,0.5,0,0,30,0.13150337,0.853649,0.802068,74831.47,0.001649,0,1,0,2,0
S4_budget_140,S4_budget_140_P009_SB0.0,A:alpha=2.0;C:alpha=1.0;G:alpha=1.0;J:alpha=1.0,targeted_subsidy_0.0,0.7,0,0,30,0.13150337,0.847005,0.728938,3074875.21,0.067779,0,1,0,1,0
S4_budget_140,S4_budget_140_P009_SB0.0,A:alpha=2.0;C:alpha=1.0;G:alpha=1.0;J:alpha=1.0,targeted_subsidy_0.0,1.0,0,0,30,0.13150337,0.847005,0.728938,3074875.21,0.067779,0,1,0,1,0
S4_budget_140,S4_budget_140_P010_SB0.0,A:alpha=1.0;C:alpha=1.1;G:alpha=1.0;J:alpha=1.0,targeted_subsidy_0.0,0.2,1,1,3,0.227098,0.864949,0.820445,797586.76,0.01764,0,1,0,3,0
S4_budget_140,S4_budget_140_P010_SB0.0,A:alpha=1.0;C:alpha=1.1;G:alpha=1.0;J:alpha=1.0,targeted_subsidy_0.0,0.3,1,1,3,0.227098,0.864949,0.820445,797586.76,0.01764,0,1,0,3,0
S4_budget_140,S4_budget_140_P010_SB0.0,A:alpha=1.0;C:alpha=1.1;G:alpha=1.0;J:alpha=1.0,targeted_subsidy_0.0,0.5,1,1,3,0.227098,0.864949,0.820445,797586.76,0.01764,0,1,0,3,0
S4_budget_140,S4_budget_140_P010_SB0.0,A:alpha=1.0;C:alpha=1.1;G:alpha=1.0;J:alpha=1.0,targeted_subsidy_0.0,0.7,1,1,3,0.227098,0.864949,0.820445,797586.76,0.01764,0,1,0,3,0
S4_budget_140,S4_budget_140_P010_SB0.0,A:alpha=1.0;C:alpha=1.1;G:alpha=1.0;J:alpha=1.0,targeted_subsidy_0.0,1.0,1,1,3,0.227098,0.864949,0.820445,797586.76,0.01764,0,1,0,3,0
S4_budget_140,S4_budget_140_P011_SB0.0,A:alpha=1.0;C:alpha=1.2;G:alpha=1.0;J:alpha=1.0,targeted_subsidy_0.0,0.2,0,0,30,0.23005762,0.841146,0.72746,138724.17,0.003058,0,1,0,1,0
S4_budget_140,S4_budget_140_P011_SB0.0,A:alpha=1.0;C:alpha=1.2;G:alpha=1.0;J:alpha=1.0,targeted_subsidy_0.0,0.3,0,0,30,0.23005762,0.841146,0.72746,138724.17,0.003058,0,1,0,1,0
S4_budget_140,S4_budget_140_P011_SB0.0,A:alpha=1.0;C:alpha=1.2;G:alpha=1.0;J:alpha=1.0,targeted_subsidy_0.0,0.5,0,0,30,0.23005762,0.841146,0.72746,138724.17,0.003058,0,1,0,1,0
S4_budget_140,S4_budget_140_P011_SB0.0,A:alpha=1.0;C:alpha=1.2;G:alpha=1.0;J:alpha=1.0,targeted_subsidy_0.0,0.7,0,0,30,0.23005762,0.841146,0.72746,138724.17,0.003058,0,1,0,1,0
S4_budget_140,S4_budget_140_P011_SB0.0,A:alpha=1.0;C:alpha=1.2;G:alpha=1.0;J:alpha=1.0,targeted_subsidy_0.0,1.0,0,0,30,0.23005762,0.841146,0.72746,138724.17,0.003058,0,1,0,1,0
S4_budget_140,S4_budget_140_P012_SB0.0,A:alpha=1.0;C:alpha=1.3;G:alpha=1.0;J:alpha=1.0,targeted_subsidy_0.0,0.2,0,0,30,0.22989541,0.841173,0.727634,674141.1,0.01486,0,1,0,2,0
S4_budget_140,S4_budget_140_P012_SB0.0,A:alpha=1.0;C:alpha=1.3;G:alpha=1.0;J:alpha=1.0,targeted_subsidy_0.0,0.3,0,0,30,0.22989541,0.841173,0.727634,674141.1,0.01486,0,1,0,2,0
S4_budget_140,S4_budget_140_P012_SB0.0,A:alpha=1.0;C:alpha=1.3;G:alpha=1.0;J:alpha=1.0,targeted_subsidy_0.0,0.5,0,0,30,0.22989541,0.841173,0.727634,674141.1,0.01486,0,1,0,2,0
S4_budget_140,S4_budget_140_P012_SB0.0,A:alpha=1.0;C:alpha=1.3;G:alpha=1.0;J:alpha=1.0,targeted_subsidy_0.0,0.7,0,0,30,0.22989541,0.841173,0.727634,674141.1,0.01486,0,1,0,2,0
S4_budget_140,S4_budget_140_P012_SB0.0,A:alpha=1.0;C:alpha=1.3;G:alpha=1.0;J:alpha=1.0,targeted_subsidy_0.0,1.0,0,0,30,0.22989541,0.841173,0.727634,674141.1,0.01486,0,1,0,2,0
S4_budget_140,S4_budget_140_P013_SB0.0,A:alpha=1.0;C:alpha=1.4;G:alpha=1.0;J:alpha=1.0,targeted_subsidy_0.0,0.2,0,0,30,0.22974793,0.841198,0.727794,1209675.0,0.026665,0,1,0,1,0
S4_budget_140,S4_budget_140_P013_SB0.0,A:alpha=1.0;C:alpha=1.4;G:alpha=1.0;J:alpha=1.0,targeted_subsidy_0.0,0.3,0,0,30,0.22974793,0.841198,0.727794,1209675.0,0.026665,0,1,0,1,0
S4_budget_140,S4_budget_140_P013_SB0.0,A:alpha=1.0;C:alpha=1.4;G:alpha=1.0;J:alpha=1.0,targeted_subsidy_0.0,0.5,0,0,30,0.22974793,0.841198,0.727794,1209675.0,0.026665,0,1,0,1,0
S4_budget_140,S4_budget_140_P013_SB0.0,A:alpha=1.0;C:alpha=1.4;G:alpha=1.0;J:alpha=1.0,targeted_subsidy_0.0,0.7,0,0,30,0.22974793,0.841198,0.727794,1209675.0,0.026665,0,1,0,1,0
S4_budget_140,S4_budget_140_P013_SB0.0,A:alpha=1.0;C:alpha=1.4;G:alpha=1.0;J:alpha=1.0,targeted_subsidy_0.0,1.0,0,0,30,0.22974793,0.841198,0.727794,1209675.0,0.026665,0,1,0,1,0
S4_budget_140,S4_budget_140_P014_SB0.0,A:alpha=1.0;C:alpha=1.5;G:alpha=1.0;J:alpha=1.0,targeted_subsidy_0.0,0.2,0,0,30,0.22961327,0.841221,0.727942,1745312.53,0.038472,0,1,0,1,0
S4_budget_140,S4_budget_140_P014_SB0.0,A:alpha=1.0;C:alpha=1.5;G:alpha=1.0;J:alpha=1.0,targeted_subsidy_0.0,0.3,0,0,30,0.22961327,0.841221,0.727942,1745312.53,0.038472,0,1,0,1,0
S4_budget_140,S4_budget_140_P014_SB0.0,A:alpha=1.0;C:alpha=1.5;G:alpha=1.0;J:alpha=1.0,targeted_subsidy_0.0,0.5,0,0,30,0.22961327,0.841221,0.727942,1745312.53,0.038472,0,1,0,1,0
S4_budget_140,S4_budget_140_P014_SB0.0,A:alpha=1.0;C:alpha=1.5;G:alpha=1.0;J:alpha=1.0,targeted_subsidy_0.0,0.7,0,0,30,0.22961327,0.841221,0.727942,1745312.53,0.038472,0,1,0,1,0
S4_budget_140,S4_budget_140_P014_SB0.0,A:alpha=1.0;C:alpha=1.5;G:alpha=1.0;J:alpha=1.0,targeted_subsidy_0.0,1.0,0,0,30,0.22961327,0.841221,0.727942,1745312.53,0.038472,0,1,0,1,0
S4_budget_140,S4_budget_140_P015_SB0.0,A:alpha=1.0;C:alpha=1.6;G:alpha=1.0;J:alpha=1.0,targeted_subsidy_0.0,0.2,0,0,30,0.22929552,0.841245,0.72808,2281191.92,0.050284,0,1,0,1,0
S4_budget_140,S4_budget_140_P015_SB0.0,A:alpha=1.0;C:alpha=1.6;G:alpha=1.0;J:alpha=1.0,targeted_subsidy_0.0,0.3,0,0,30,0.22929552,0.841245,0.72808,2281191.92,0.050284,0,1,0,1,0
S4_budget_140,S4_budget_140_P015_SB0.0,A:alpha=1.0;C:alpha=1.6;G:alpha=1.0;J:alpha=1.0,targeted_subsidy_0.0,0.5,0,0,30,0.22929552,0.841245,0.72808,2281191.92,0.050284,0,1,0,1,0
S4_budget_140,S4_budget_140_P015_SB0.0,A:alpha=1.0;C:alpha=1.6;G:alpha=1.0;J:alpha=1.0,targeted_subsidy_0.0,0.7,0,0,30,0.22929552,0.841245,0.72808,2281191.92,0.050284,0,1,0,1,0
S4_budget_140,S4_budget_140_P015_SB0.0,A:alpha=1.0;C:alpha=1.6;G:alpha=1.0;J:alpha=1.0,targeted_subsidy_0.0,1.0,0,0,30,0.22929552,0.841245,0.72808,2281191.92,0.050284,0,1,0,1,0
S4_budget_140,S4_budget_140_P016_SB0.0,A:alpha=1.0;C:alpha=1.8;G:alpha=1.0;J:alpha=1.0,targeted_subsidy_0.0,0.2,0,0,30,0.22858682,0.841291,0.728326,3353333.86,0.073917,0,1,0,1,0
S4_budget_140,S4_budget_140_P016_SB0.0,A:alpha=1.0;C:alpha=1.8;G:alpha=1.0;J:alpha=1.0,targeted_subsidy_0.0,0.3,0,0,30,0.22858682,0.841291,0.728326,3353333.86,0.073917,0,1,0,1,0
S4_budget_140,S4_budget_140_P016_SB0.0,A:alpha=1.0;C:alpha=1.8;G:alpha=1.0;J:alpha=1.0,targeted_subsidy_0.0,0.5,0,0,30,0.22858682,0.841291,0.728326,3353333.86,0.073917,0,1,0,1,0
S4_budget_140,S4_budget_140_P016_SB0.0,A:alpha=1.0;C:alpha=1.8;G:alpha=1.0;J:alpha=1.0,targeted_subsidy_0.0,0.7,0,0,30,0.22858682,0.841291,0.728326,3353333.86,0.073917,0,1,0,1,0
S4_budget_140,S4_budget_140_P016_SB0.0,A:alpha=1.0;C:alpha=1.8;G:alpha=1.0;J:alpha=1.0,targeted_subsidy_0.0,1.0,0,0,30,0.22858682,0.841291,0.728326,3353333.86,0.073917,0,1,0,1,0
S4_budget_140,S4_budget_140_P017_SB0.0,A:alpha=1.0;C:alpha=2.0;G:alpha=1.0;J:alpha=1.0,targeted_subsidy_0.0,0.2,0,0,30,0.2278834,0.841332,0.728542,4425862.86,0.097558,0,0,0,1,0
S4_budget_140,S4_budget_140_P017_SB0.0,A:alpha=1.0;C:alpha=2.0;G:alpha=1.0;J:alpha=1.0,targeted_subsidy_0.0,0.3,0,0,30,0.2278834,0.841332,0.728542,4425862.86,0.097558,0,0,0,1,0
S4_budget_140,S4_budget_140_P017_SB0.0,A:alpha=1.0;C:alpha=2.0;G:alpha=1.0;J:alpha=1.0,targeted_subsidy_0.0,0.5,0,0,30,0.2278834,0.841332,0.728542,4425862.86,0.097558,0,0,0,1,0
S4_budget_140,S4_budget_140_P017_SB0.0,A:alpha=1.0;C:alpha=2.0;G:alpha=1.0;J:alpha=1.0,targeted_subsidy_0.0,0.7,0,0,30,0.2278834,0.841332,0.728542,4425862.86,0.097558,0,0,0,1,0
S4_budget_140,S4_budget_140_P017_SB0.0,A:alpha=1.0;C:alpha=2.0;G:alpha=1.0;J:alpha=1.0,targeted_subsidy_0.0,1.0,0,0,30,0.2278834,0.841332,0.728542,4425862.86,0.097558,0,0,0,1,0
S4_budget_140,S4_budget_140_P018_SB0.0,A:alpha=1.0;C:alpha=1.0;G:alpha=1.1;J:alpha=1.0,targeted_subsidy_0.0,0.2,0,0,30,0.88228452,0.864257,0.801812,1862424.53,0.041782,0,1,0,1,0
S4_budget_140,S4_budget_140_P018_SB0.0,A:alpha=1.0;C:alpha=1.0;G:alpha=1.1;J:alpha=1.0,targeted_subsidy_0.0,0.3,0,0,30,0.88228452,0.864257,0.801812,1862424.53,0.041782,0,1,0,1,0
S4_budget_140,S4_budget_140_P018_SB0.0,A:alpha=1.0;C:alpha=1.0;G:alpha=1.1;J:alpha=1.0,targeted_subsidy_0.0,0.5,0,0,30,0.88228452,0.867268,0.782311,1603582.07,0.035437,0,1,0,3,0
S4_budget_140,S4_budget_140_P018_SB0.0,A:alpha=1.0;C:alpha=1.0;G:alpha=1.1;J:alpha=1.0,targeted_subsidy_0.0,0.7,0,0,30,0.88228452,0.866214,0.801812,1821408.36,0.040861,0,1,0,1,0
S4_budget_140,S4_budget_140_P018_SB0.0,A:alpha=1.0;C:alpha=1.0;G:alpha=1.1;J:alpha=1.0,targeted_subsidy_0.0,1.0,0,0,30,0.88228452,0.866214,0.801812,1821408.36,0.040861,0,1,0,1,0
S4_budget_140,S4_budget_140_P019_SB0.0,A:alpha=1.0;C:alpha=1.0;G:alpha=1.2;J:alpha=1.0,targeted_subsidy_0.0,0.2,1,1,3,0.86,0.676642,0.0,-790080.51,-0.02162,0,0,0,2,0
S4_budget_140,S4_budget_140_P019_SB0.0,A:alpha=1.0;C:alpha=1.0;G:alpha=1.2;J:alpha=1.0,targeted_subsidy_0.0,0.3,1,1,3,0.86,0.676642,0.0,-790080.51,-0.02162,0,0,0,2,0
S4_budget_140,S4_budget_140_P019_SB0.0,A:alpha=1.0;C:alpha=1.0;G:alpha=1.2;J:alpha=1.0,targeted_subsidy_0.0,0.5,1,1,3,0.86,0.676642,0.0,-790080.51,-0.02162,0,0,0,2,0
S4_budget_140,S4_budget_140_P019_SB0.0,A:alpha=1.0;C:alpha=1.0;G:alpha=1.2;J:alpha=1.0,targeted_subsidy_0.0,0.7,1,1,3,0.86,0.676642,0.0,-790080.51,-0.02162,0,0,0,2,0
S4_budget_140,S4_budget_140_P019_SB0.0,A:alpha=1.0;C:alpha=1.0;G:alpha=1.2;J:alpha=1.0,targeted_subsidy_0.0,1.0,1,1,3,0.86,0.676642,0.0,-790080.51,-0.02162,0,0,0,2,0
S4_budget_140,S4_budget_140_P020_SB0.0,A:alpha=1.0;C:alpha=1.0;G:alpha=1.3;J:alpha=1.0,targeted_subsidy_0.0,0.2,1,1,3,0.86,0.676653,0.0,-573293.76,-0.015688,0,0,0,2,0
S4_budget_140,S4_budget_140_P020_SB0.0,A:alpha=1.0;C:alpha=1.0;G:alpha=1.3;J:alpha=1.0,targeted_subsidy_0.0,0.3,1,1,3,0.86,0.676653,0.0,-573293.76,-0.015688,0,0,0,2,0
S4_budget_140,S4_budget_140_P020_SB0.0,A:alpha=1.0;C:alpha=1.0;G:alpha=1.3;J:alpha=1.0,targeted_subsidy_0.0,0.5,1,1,3,0.86,0.676653,0.0,-573293.76,-0.015688,0,0,0,2,0
S4_budget_140,S4_budget_140_P020_SB0.0,A:alpha=1.0;C:alpha=1.0;G:alpha=1.3;J:alpha=1.0,targeted_subsidy_0.0,0.7,1,1,3,0.86,0.676653,0.0,-573293.76,-0.015688,0,0,0,2,0
S4_budget_140,S4_budget_140_P020_SB0.0,A:alpha=1.0;C:alpha=1.0;G:alpha=1.3;J:alpha=1.0,targeted_subsidy_0.0,1.0,1,1,3,0.86,0.676653,0.0,-573293.76,-0.015688,0,0,0,2,0
S4_budget_140,S4_budget_140_P021_SB0.0,A:alpha=1.0;C:alpha=1.0;G:alpha=1.4;J:alpha=1.0,targeted_subsidy_0.0,0.2,1,1,3,0.86,0.676662,0.0,-356475.52,-0.009755,0,0,0,2,0
S4_budget_140,S4_budget_140_P021_SB0.0,A:alpha=1.0;C:alpha=1.0;G:alpha=1.4;J:alpha=1.0,targeted_subsidy_0.0,0.3,1,1,3,0.86,0.676662,0.0,-356475.52,-0.009755,0,0,0,2,0
S4_budget_140,S4_budget_140_P021_SB0.0,A:alpha=1.0;C:alpha=1.0;G:alpha=1.4;J:alpha=1.0,targeted_subsidy_0.0,0.5,1,1,3,0.86,0.676662,0.0,-356475.52,-0.009755,0,0,0,2,0
S4_budget_140,S4_budget_140_P021_SB0.0,A:alpha=1.0;C:alpha=1.0;G:alpha=1.4;J:alpha=1.0,targeted_subsidy_0.0,0.7,1,1,3,0.86,0.676662,0.0,-356475.52,-0.009755,0,0,0,2,0
S4_budget_140,S4_budget_140_P021_SB0.0,A:alpha=1.0;C:alpha=1.0;G:alpha=1.4;J:alpha=1.0,targeted_subsidy_0.0,1.0,1,1,3,0.86,0.676662,0.0,-356475.52,-0.009755,0,0,0,2,0
S4_budget_140,S4_budget_140_P022_SB0.0,A:alpha=1.0;C:alpha=1.0;G:alpha=1.5;J:alpha=1.0,targeted_subsidy_0.0,0.2,1,1,3,0.86,0.67667,0.0,-139629.91,-0.003821,0,0,0,2,0
S4_budget_140,S4_budget_140_P022_SB0.0,A:alpha=1.0;C:alpha=1.0;G:alpha=1.5;J:alpha=1.0,targeted_subsidy_0.0,0.3,1,1,3,0.86,0.67667,0.0,-139629.91,-0.003821,0,0,0,2,0
S4_budget_140,S4_budget_140_P022_SB0.0,A:alpha=1.0;C:alpha=1.0;G:alpha=1.5;J:alpha=1.0,targeted_subsidy_0.0,0.5,1,1,3,0.86,0.67667,0.0,-139629.91,-0.003821,0,0,0,2,0
S4_budget_140,S4_budget_140_P022_SB0.0,A:alpha=1.0;C:alpha=1.0;G:alpha=1.5;J:alpha=1.0,targeted_subsidy_0.0,0.7,1,1,3,0.86,0.67667,0.0,-139629.91,-0.003821,0,0,0,2,0
S4_budget_140,S4_budget_140_P022_SB0.0,A:alpha=1.0;C:alpha=1.0;G:alpha=1.5;J:alpha=1.0,targeted_subsidy_0.0,1.0,1,1,3,0.86,0.67667,0.0,-139629.91,-0.003821,0,0,0,2,0
S4_budget_140,S4_budget_140_P023_SB0.0,A:alpha=1.0;C:alpha=1.0;G:alpha=1.6;J:alpha=1.0,targeted_subsidy_0.0,0.2,1,1,3,0.86,0.67669,0.0,78289.54,0.002142,0,1,0,2,0
S4_budget_140,S4_budget_140_P023_SB0.0,A:alpha=1.0;C:alpha=1.0;G:alpha=1.6;J:alpha=1.0,targeted_subsidy_0.0,0.3,1,1,3,0.86,0.67669,0.0,78289.54,0.002142,0,1,0,2,0
S4_budget_140,S4_budget_140_P023_SB0.0,A:alpha=1.0;C:alpha=1.0;G:alpha=1.6;J:alpha=1.0,targeted_subsidy_0.0,0.5,1,1,3,0.86,0.67669,0.0,78289.54,0.002142,0,1,0,2,0
S4_budget_140,S4_budget_140_P023_SB0.0,A:alpha=1.0;C:alpha=1.0;G:alpha=1.6;J:alpha=1.0,targeted_subsidy_0.0,0.7,1,1,3,0.86,0.67669,0.0,78289.54,0.002142,0,1,0,2,0
S4_budget_140,S4_budget_140_P023_SB0.0,A:alpha=1.0;C:alpha=1.0;G:alpha=1.6;J:alpha=1.0,targeted_subsidy_0.0,1.0,1,1,3,0.86,0.67669,0.0,78289.54,0.002142,0,1,0,2,0
S4_budget_140,S4_budget_140_P024_SB0.0,A:alpha=1.0;C:alpha=1.0;G:alpha=1.8;J:alpha=1.0,targeted_subsidy_0.0,0.2,1,1,3,0.86,0.676735,0.0,515168.5,0.014097,0,1,0,3,0
S4_budget_140,S4_budget_140_P024_SB0.0,A:alpha=1.0;C:alpha=1.0;G:alpha=1.8;J:alpha=1.0,targeted_subsidy_0.0,0.3,1,1,3,0.86,0.676735,0.0,515168.5,0.014097,0,1,0,3,0
S4_budget_140,S4_budget_140_P024_SB0.0,A:alpha=1.0;C:alpha=1.0;G:alpha=1.8;J:alpha=1.0,targeted_subsidy_0.0,0.5,1,1,3,0.86,0.676735,0.0,515168.5,0.014097,0,1,0,3,0
S4_budget_140,S4_budget_140_P024_SB0.0,A:alpha=1.0;C:alpha=1.0;G:alpha=1.8;J:alpha=1.0,targeted_subsidy_0.0,0.7,1,1,3,0.86,0.676735,0.0,515168.5,0.014097,0,1,0,3,0
S4_budget_140,S4_budget_140_P024_SB0.0,A:alpha=1.0;C:alpha=1.0;G:alpha=1.8;J:alpha=1.0,targeted_subsidy_0.0,1.0,1,1,3,0.86,0.676735,0.0,515168.5,0.014097,0,1,0,3,0
S4_budget_140,S4_budget_140_P025_SB0.0,A:alpha=1.0;C:alpha=1.0;G:alpha=2.0;J:alpha=1.0,targeted_subsidy_0.0,0.2,1,1,3,0.86,0.676779,0.0,952902.33,0.026076,0,1,0,2,0
S4_budget_140,S4_budget_140_P025_SB0.0,A:alpha=1.0;C:alpha=1.0;G:alpha=2.0;J:alpha=1.0,targeted_subsidy_0.0,0.3,1,1,3,0.86,0.676779,0.0,952902.33,0.026076,0,1,0,2,0
S4_budget_140,S4_budget_140_P025_SB0.0,A:alpha=1.0;C:alpha=1.0;G:alpha=2.0;J:alpha=1.0,targeted_subsidy_0.0,0.5,1,1,3,0.86,0.676779,0.0,952902.33,0.026076,0,1,0,2,0
S4_budget_140,S4_budget_140_P025_SB0.0,A:alpha=1.0;C:alpha=1.0;G:alpha=2.0;J:alpha=1.0,targeted_subsidy_0.0,0.7,1,1,3,0.86,0.676779,0.0,952902.33,0.026076,0,1,0,2,0
S4_budget_140,S4_budget_140_P025_SB0.0,A:alpha=1.0;C:alpha=1.0;G:alpha=2.0;J:alpha=1.0,targeted_subsidy_0.0,1.0,1,1,3,0.86,0.676779,0.0,952902.33,0.026076,0,1,0,2,0
S4_budget_140,S4_budget_140_P026_SB0.0,A:alpha=1.0;C:alpha=1.0;G:alpha=1.0;J:alpha=1.1,targeted_subsidy_0.0,0.2,0,0,30,0.12,0.690265,0.106474,-1856163.8,-0.04833,0,0,0,0,0
S4_budget_140,S4_budget_140_P026_SB0.0,A:alpha=1.0;C:alpha=1.0;G:alpha=1.0;J:alpha=1.1,targeted_subsidy_0.0,0.3,0,0,30,0.90242258,0.809192,0.739113,-796710.68,-0.01784,0,0,0,0,0
S4_budget_140,S4_budget_140_P026_SB0.0,A:alpha=1.0;C:alpha=1.0;G:alpha=1.0;J:alpha=1.1,targeted_subsidy_0.0,0.5,0,0,30,0.90242258,0.856951,0.782301,1203390.42,0.026834,0,1,0,1,0
S4_budget_140,S4_budget_140_P026_SB0.0,A:alpha=1.0;C:alpha=1.0;G:alpha=1.0;J:alpha=1.1,targeted_subsidy_0.0,0.7,0,0,30,0.90242258,0.858191,0.781905,1387402.79,0.031314,0,1,0,1,0
S4_budget_140,S4_budget_140_P026_SB0.0,A:alpha=1.0;C:alpha=1.0;G:alpha=1.0;J:alpha=1.1,targeted_subsidy_0.0,1.0,0,0,30,0.12,0.867368,0.801879,1903316.11,0.042958,0,1,0,1,0
S4_budget_140,S4_budget_140_P027_SB0.0,A:alpha=1.0;C:alpha=1.0;G:alpha=1.0;J:alpha=1.2,targeted_subsidy_0.0,0.2,0,0,30,0.80503397,0.801727,0.523294,14155.14,0.000321,0,1,0,2,0
S4_budget_140,S4_budget_140_P027_SB0.0,A:alpha=1.0;C:alpha=1.0;G:alpha=1.0;J:alpha=1.2,targeted_subsidy_0.0,0.3,0,0,30,0.80503397,0.801727,0.523294,14155.14,0.000321,0,1,0,2,0
S4_budget_140,S4_budget_140_P027_SB0.0,A:alpha=1.0;C:alpha=1.0;G:alpha=1.0;J:alpha=1.2,targeted_subsidy_0.0,0.5,0,0,30,0.80503397,0.801727,0.523294,14155.14,0.000321,0,1,0,2,0
S4_budget_140,S4_budget_140_P027_SB0.0,A:alpha=1.0;C:alpha=1.0;G:alpha=1.0;J:alpha=1.2,targeted_subsidy_0.0,0.7,0,0,30,0.80503397,0.801727,0.523294,14155.14,0.000321,0,1,0,2,0
S4_budget_140,S4_budget_140_P027_SB0.0,A:alpha=1.0;C:alpha=1.0;G:alpha=1.0;J:alpha=1.2,targeted_subsidy_0.0,1.0,0,0,30,0.80503397,0.801727,0.523294,14155.14,0.000321,0,1,0,2,0
S4_budget_140,S4_budget_140_P028_SB0.0,A:alpha=1.0;C:alpha=1.0;G:alpha=1.0;J:alpha=1.3,targeted_subsidy_0.0,0.2,0,0,30,0.80520562,0.801762,0.523294,818080.79,0.018618,0,1,0,1,0
S4_budget_140,S4_budget_140_P028_SB0.0,A:alpha=1.0;C:alpha=1.0;G:alpha=1.0;J:alpha=1.3,targeted_subsidy_0.0,0.3,0,0,30,0.80520562,0.801762,0.523294,818080.79,0.018618,0,1,0,1,0
S4_budget_140,S4_budget_140_P028_SB0.0,A:alpha=1.0;C:alpha=1.0;G:alpha=1.0;J:alpha=1.3,targeted_subsidy_0.0,0.5,0,0,30,0.80520562,0.801762,0.523294,818080.79,0.018618,0,1,0,1,0
S4_budget_140,S4_budget_140_P028_SB0.0,A:alpha=1.0;C:alpha=1.0;G:alpha=1.0;J:alpha=1.3,targeted_subsidy_0.0,0.7,0,0,30,0.80520562,0.801762,0.523294,818080.79,0.018618,0,1,0,1,0
S4_budget_140,S4_budget_140_P028_SB0.0,A:alpha=1.0;C:alpha=1.0;G:alpha=1.0;J:alpha=1.3,targeted_subsidy_0.0,1.0,0,0,30,0.80520562,0.801762,0.523294,818080.79,0.018618,0,1,0,1,0
S4_budget_140,S4_budget_140_P029_SB0.0,A:alpha=1.0;C:alpha=1.0;G:alpha=1.0;J:alpha=1.4,targeted_subsidy_0.0,0.2,0,0,30,0.80536235,0.801793,0.523294,1606562.39,0.03664,0,1,0,1,0
S4_budget_140,S4_budget_140_P029_SB0.0,A:alpha=1.0;C:alpha=1.0;G:alpha=1.0;J:alpha=1.4,targeted_subsidy_0.0,0.3,0,0,30,0.80536235,0.801793,0.523294,1606562.39,0.03664,0,1,0,1,0
S4_budget_140,S4_budget_140_P029_SB0.0,A:alpha=1.0;C:alpha=1.0;G:alpha=1.0;J:alpha=1.4,targeted_subsidy_0.0,0.5,0,0,30,0.80536235,0.801793,0.523294,1606562.39,0.03664,0,1,0,1,0
S4_budget_140,S4_budget_140_P029_SB0.0,A:alpha=1.0;C:alpha=1.0;G:alpha=1.0;J:alpha=1.4,targeted_subsidy_0.0,0.7,0,0,30,0.80536235,0.801793,0.523294,1606562.39,0.03664,0,1,0,1,0
S4_budget_140,S4_budget_140_P029_SB0.0,A:alpha=1.0;C:alpha=1.0;G:alpha=1.0;J:alpha=1.4,targeted_subsidy_0.0,1.0,0,0,30,0.80536235,0.801793,0.523294,1606562.39,0.03664,0,1,0,1,0
S4_budget_140,S4_budget_140_P030_SB0.0,A:alpha=1.0;C:alpha=1.0;G:alpha=1.0;J:alpha=1.5,targeted_subsidy_0.0,0.2,0,0,30,0.80550603,0.801821,0.523294,2382697.22,0.054441,0,1,0,1,0
S4_budget_140,S4_budget_140_P030_SB0.0,A:alpha=1.0;C:alpha=1.0;G:alpha=1.0;J:alpha=1.5,targeted_subsidy_0.0,0.3,0,0,30,0.80550603,0.801821,0.523294,2382697.22,0.054441,0,1,0,1,0
S4_budget_140,S4_budget_140_P030_SB0.0,A:alpha=1.0;C:alpha=1.0;G:alpha=1.0;J:alpha=1.5,targeted_subsidy_0.0,0.5,0,0,30,0.80550603,0.801821,0.523294,2382697.22,0.054441,0,1,0,1,0
S4_budget_140,S4_budget_140_P030_SB0.0,A:alpha=1.0;C:alpha=1.0;G:alpha=1.0;J:alpha=1.5,targeted_subsidy_0.0,0.7,0,0,30,0.80550603,0.801821,0.523294,2382697.22,0.054441,0,1,0,1,0
S4_budget_140,S4_budget_140_P030_SB0.0,A:alpha=1.0;C:alpha=1.0;G:alpha=1.0;J:alpha=1.5,targeted_subsidy_0.0,1.0,0,0,30,0.80550603,0.801821,0.523294,2382697.22,0.054441,0,1,0,1,0
S4_budget_140,S4_budget_140_P031_SB0.0,A:alpha=1.0;C:alpha=1.0;G:alpha=1.0;J:alpha=1.6,targeted_subsidy_0.0,0.2,0,0,30,0.80563821,0.801848,0.523294,3148806.99,0.072062,0,1,0,1,0
S4_budget_140,S4_budget_140_P031_SB0.0,A:alpha=1.0;C:alpha=1.0;G:alpha=1.0;J:alpha=1.6,targeted_subsidy_0.0,0.3,0,0,30,0.80563821,0.801848,0.523294,3148806.99,0.072062,0,1,0,1,0
S4_budget_140,S4_budget_140_P031_SB0.0,A:alpha=1.0;C:alpha=1.0;G:alpha=1.0;J:alpha=1.6,targeted_subsidy_0.0,0.5,0,0,30,0.80563821,0.801848,0.523294,3148806.99,0.072062,0,1,0,1,0
S4_budget_140,S4_budget_140_P031_SB0.0,A:alpha=1.0;C:alpha=1.0;G:alpha=1.0;J:alpha=1.6,targeted_subsidy_0.0,0.7,0,0,30,0.80563821,0.801848,0.523294,3148806.99,0.072062,0,1,0,1,0
S4_budget_140,S4_budget_140_P031_SB0.0,A:alpha=1.0;C:alpha=1.0;G:alpha=1.0;J:alpha=1.6,targeted_subsidy_0.0,1.0,0,0,30,0.80563821,0.801848,0.523294,3148806.99,0.072062,0,1,0,1,0
S4_budget_140,S4_budget_140_P032_SB0.0,A:alpha=1.0;C:alpha=1.0;G:alpha=1.0;J:alpha=1.8,targeted_subsidy_0.0,0.2,0,0,30,0.80612156,0.80191,0.523294,4586086.04,0.10546,0,0,0,1,0
S4_budget_140,S4_budget_140_P032_SB0.0,A:alpha=1.0;C:alpha=1.0;G:alpha=1.0;J:alpha=1.8,targeted_subsidy_0.0,0.3,0,0,30,0.80612156,0.80191,0.523294,4586086.04,0.10546,0,0,0,1,0
S4_budget_140,S4_budget_140_P032_SB0.0,A:alpha=1.0;C:alpha=1.0;G:alpha=1.0;J:alpha=1.8,targeted_subsidy_0.0,0.5,0,0,30,0.80612156,0.80191,0.523294,4586086.04,0.10546,0,0,0,1,0
S4_budget_140,S4_budget_140_P032_SB0.0,A:alpha=1.0;C:alpha=1.0;G:alpha=1.0;J:alpha=1.8,targeted_subsidy_0.0,0.7,0,0,30,0.80612156,0.80191,0.523294,4586086.04,0.10546,0,0,0,1,0
S4_budget_140,S4_budget_140_P032_SB0.0,A:alpha=1.0;C:alpha=1.0;G:alpha=1.0;J:alpha=1.8,targeted_subsidy_0.0,1.0,0,0,30,0.80612156,0.80191,0.523294,4586086.04,0.10546,0,0,0,1,0
S4_budget_140,S4_budget_140_P033_SB0.0,A:alpha=1.0;C:alpha=1.0;G:alpha=1.0;J:alpha=2.0,targeted_subsidy_0.0,0.2,0,0,30,0.80677867,0.802011,0.523294,5924932.84,0.136969,0,0,0,1,0
S4_budget_140,S4_budget_140_P033_SB0.0,A:alpha=1.0;C:alpha=1.0;G:alpha=1.0;J:alpha=2.0,targeted_subsidy_0.0,0.3,0,0,30,0.80677867,0.802011,0.523294,5924932.84,0.136969,0,0,0,1,0
S4_budget_140,S4_budget_140_P033_SB0.0,A:alpha=1.0;C:alpha=1.0;G:alpha=1.0;J:alpha=2.0,targeted_subsidy_0.0,0.5,0,0,30,0.80677867,0.802011,0.523294,5924932.84,0.136969,0,0,0,1,0
S4_budget_140,S4_budget_140_P033_SB0.0,A:alpha=1.0;C:alpha=1.0;G:alpha=1.0;J:alpha=2.0,targeted_subsidy_0.0,0.7,0,0,30,0.80677867,0.802011,0.523294,5924932.84,0.136969,0,0,0,1,0
S4_budget_140,S4_budget_140_P033_SB0.0,A:alpha=1.0;C:alpha=1.0;G:alpha=1.0;J:alpha=2.0,targeted_subsidy_0.0,1.0,0,0,30,0.80677867,0.802011,0.523294,5924932.84,0.136969,0,0,0,1,0
S4_budget_140,S4_budget_140_P034_SB0.0,A:alpha=1.1;C:alpha=1.1;G:alpha=1.0;J:alpha=1.0,targeted_subsidy_0.0,0.2,0,0,30,0.07335012,0.853678,0.779104,749699.42,0.016581,0,1,0,3,0
S4_budget_140,S4_budget_140_P034_SB0.0,A:alpha=1.1;C:alpha=1.1;G:alpha=1.0;J:alpha=1.0,targeted_subsidy_0.0,0.3,0,0,30,0.07335012,0.853678,0.779104,749699.42,0.016581,0,1,0,3,0
S4_budget_140,S4_budget_140_P034_SB0.0,A:alpha=1.1;C:alpha=1.1;G:alpha=1.0;J:alpha=1.0,targeted_subsidy_0.0,0.5,0,0,30,0.07335012,0.848999,0.740962,530955.38,0.011743,0,1,0,3,0
S4_budget_140,S4_budget_140_P034_SB0.0,A:alpha=1.1;C:alpha=1.1;G:alpha=1.0;J:alpha=1.0,targeted_subsidy_0.0,0.7,0,0,30,0.07335012,0.848999,0.740962,530955.38,0.011743,0,1,0,3,0
S4_budget_140,S4_budget_140_P034_SB0.0,A:alpha=1.1;C:alpha=1.1;G:alpha=1.0;J:alpha=1.0,targeted_subsidy_0.0,1.0,0,0,30,0.07335012,0.845294,0.705754,325739.83,0.007204,0,1,0,3,0
S4_budget_140,S4_budget_140_P035_SB0.0,A:alpha=1.1;C:alpha=1.2;G:alpha=1.0;J:alpha=1.0,targeted_subsidy_0.0,0.2,0,0,30,0.23005762,0.829912,0.72746,106592.29,0.00235,0,1,0,1,0
S4_budget_140,S4_budget_140_P035_SB0.0,A:alpha=1.1;C:alpha=1.2;G:alpha=1.0;J:alpha=1.0,targeted_subsidy_0.0,0.3,0,0,30,0.23005762,0.764368,0.334941,-690731.89,-0.016358,0,0,0,2,0
S4_budget_140,S4_budget_140_P035_SB0.0,A:alpha=1.1;C:alpha=1.2;G:alpha=1.0;J:alpha=1.0,targeted_subsidy_0.0,0.5,0,0,30,0.23005762,0.822729,0.72746,-194662.13,-0.004291,0,0,0,1,0
S4_budget_140,S4_budget_140_P035_SB0.0,A:alpha=1.1;C:alpha=1.2;G:alpha=1.0;J:alpha=1.0,targeted_subsidy_0.0,0.7,0,0,30,0.23005762,0.822729,0.72746,-194662.13,-0.004291,0,0,0,1,0
S4_budget_140,S4_budget_140_P035_SB0.0,A:alpha=1.1;C:alpha=1.2;G:alpha=1.0;J:alpha=1.0,targeted_subsidy_0.0,1.0,0,0,30,0.23005762,0.819035,0.705754,-399877.69,-0.008814,0,0,0,1,0
S4_budget_140,S4_budget_140_P036_SB0.0,A:alpha=1.1;C:alpha=1.3;G:alpha=1.0;J:alpha=1.0,targeted_subsidy_0.0,0.2,0,0,30,0.22989541,0.829939,0.727634,642009.22,0.014152,0,1,0,2,0
S4_budget_140,S4_budget_140_P036_SB0.0,A:alpha=1.1;C:alpha=1.3;G:alpha=1.0;J:alpha=1.0,targeted_subsidy_0.0,0.3,0,0,30,0.22989541,0.764378,0.334941,-498761.24,-0.011812,0,0,0,2,0
S4_budget_140,S4_budget_140_P036_SB0.0,A:alpha=1.1;C:alpha=1.3;G:alpha=1.0;J:alpha=1.0,targeted_subsidy_0.0,0.5,0,0,30,0.22989541,0.822759,0.727634,383459.88,0.008453,0,1,0,2,0
S4_budget_140,S4_budget_140_P036_SB0.0,A:alpha=1.1;C:alpha=1.3;G:alpha=1.0;J:alpha=1.0,targeted_subsidy_0.0,0.7,0,0,30,0.22989541,0.822759,0.727634,383459.88,0.008453,0,1,0,2,0
S4_budget_140,S4_budget_140_P036_SB0.0,A:alpha=1.1;C:alpha=1.3;G:alpha=1.0;J:alpha=1.0,targeted_subsidy_0.0,1.0,0,0,30,0.22989541,0.819065,0.705754,178244.33,0.003929,0,1,0,2,0
S4_budget_140,S4_budget_140_P037_SB0.0,A:alpha=1.1;C:alpha=1.4;G:alpha=1.0;J:alpha=1.0,targeted_subsidy_0.0,0.2,0,0,30,0.22974793,0.829963,0.727794,1177543.12,0.025956,0,1,0,1,0
S4_budget_140,S4_budget_140_P037_SB0.0,A:alpha=1.1;C:alpha=1.4;G:alpha=1.0;J:alpha=1.0,targeted_subsidy_0.0,0.3,0,0,30,0.22974793,0.764387,0.334941,-306759.11,-0.007265,0,0,0,2,0
S4_budget_140,S4_budget_140_P037_SB0.0,A:alpha=1.1;C:alpha=1.4;G:alpha=1.0;J:alpha=1.0,targeted_subsidy_0.0,0.5,0,0,30,0.22974793,0.822786,0.727794,961706.86,0.021199,0,1,0,1,0
S4_budget_140,S4_budget_140_P037_SB0.0,A:alpha=1.1;C:alpha=1.4;G:alpha=1.0;J:alpha=1.0,targeted_subsidy_0.0,0.7,0,0,30,0.22974793,0.822786,0.727794,961706.86,0.021199,0,1,0,1,0
S4_budget_140,S4_budget_140_P037_SB0.0,A:alpha=1.1;C:alpha=1.4;G:alpha=1.0;J:alpha=1.0,targeted_subsidy_0.0,1.0,0,0,30,0.22974793,0.819093,0.705754,756491.3,0.016675,0,1,0,1,0
S4_budget_140,S4_budget_140_P038_SB0.0,A:alpha=1.1;C:alpha=1.5;G:alpha=1.0;J:alpha=1.0,targeted_subsidy_0.0,0.2,0,0,30,0.22961327,0.829986,0.727942,1713180.65,0.037763,0,1,0,1,0
S4_budget_140,S4_budget_140_P038_SB0.0,A:alpha=1.1;C:alpha=1.5;G:alpha=1.0;J:alpha=1.0,targeted_subsidy_0.0,0.3,0,0,30,0.22961327,0.764396,0.334941,-114729.6,-0.002717,0,0,0,2,0
S4_budget_140,S4_budget_140_P038_SB0.0,A:alpha=1.1;C:alpha=1.5;G:alpha=1.0;J:alpha=1.0,targeted_subsidy_0.0,0.5,0,0,30,0.22961327,0.822812,0.727942,1540064.4,0.033947,0,1,0,1,0
S4_budget_140,S4_budget_140_P038_SB0.0,A:alpha=1.1;C:alpha=1.5;G:alpha=1.0;J:alpha=1.0,targeted_subsidy_0.0,0.7,0,0,30,0.22961327,0.822812,0.727942,1540064.4,0.033947,0,1,0,1,0
S4_budget_140,S4_budget_140_P038_SB0.0,A:alpha=1.1;C:alpha=1.5;G:alpha=1.0;J:alpha=1.0,targeted_subsidy_0.0,1.0,0,0,30,0.22961327,0.819118,0.705754,1334848.84,0.029424,0,1,0,1,0
S4_budget_140,S4_budget_140_P039_SB0.0,A:alpha=1.1;C:alpha=1.6;G:alpha=1.0;J:alpha=1.0,targeted_subsidy_0.0,0.2,0,0,30,0.22929552,0.83001,0.72808,2249060.04,0.049576,0,1,0,1,0
S4_budget_140,S4_budget_140_P039_SB0.0,A:alpha=1.1;C:alpha=1.6;G:alpha=1.0;J:alpha=1.0,targeted_subsidy_0.0,0.3,0,0,30,0.22929552,0.764416,0.334941,78373.74,0.001856,0,1,0,2,0
S4_budget_140,S4_budget_140_P039_SB0.0,A:alpha=1.1;C:alpha=1.6;G:alpha=1.0;J:alpha=1.0,targeted_subsidy_0.0,0.5,0,0,30,0.22929552,0.822842,0.72808,2118880.05,0.046706,0,1,0,1,0
S4_budget_140,S4_budget_140_P039_SB0.0,A:alpha=1.1;C:alpha=1.6;G:alpha=1.0;J:alpha=1.0,targeted_subsidy_0.0,0.7,0,0,30,0.22929552,0.822842,0.72808,2118880.05,0.046706,0,1,0,1,0
S4_budget_140,S4_budget_140_P039_SB0.0,A:alpha=1.1;C:alpha=1.6;G:alpha=1.0;J:alpha=1.0,targeted_subsidy_0.0,1.0,0,0,30,0.22929552,0.819148,0.705754,1913664.49,0.042182,0,1,0,1,0
S4_budget_140,S4_budget_140_P040_SB0.0,A:alpha=1.1;C:alpha=1.8;G:alpha=1.0;J:alpha=1.0,targeted_subsidy_0.0,0.2,0,0,30,0.22858682,0.830056,0.728326,3321201.98,0.073209,0,1,0,1,0
S4_budget_140,S4_budget_140_P040_SB0.0,A:alpha=1.1;C:alpha=1.8;G:alpha=1.0;J:alpha=1.0,targeted_subsidy_0.0,0.3,0,0,30,0.22858682,0.76446,0.334941,465620.49,0.011027,0,1,0,3,0
S4_budget_140,S4_budget_140_P040_SB0.0,A:alpha=1.1;C:alpha=1.8;G:alpha=1.0;J:alpha=1.0,targeted_subsidy_0.0,0.5,0,0,30,0.22858682,0.822901,0.728326,3277112.47,0.072237,0,1,0,1,0
S4_budget_140,S4_budget_140_P040_SB0.0,A:alpha=1.1;C:alpha=1.8;G:alpha=1.0;J:alpha=1.0,targeted_subsidy_0.0,0.7,0,0,30,0.22858682,0.822901,0.728326,3277112.47,0.072237,0,1,0,1,0
S4_budget_140,S4_budget_140_P040_SB0.0,A:alpha=1.1;C:alpha=1.8;G:alpha=1.0;J:alpha=1.0,targeted_subsidy_0.0,1.0,0,0,30,0.22858682,0.819207,0.705754,3071896.91,0.067713,0,1,0,1,0
S4_budget_140,S4_budget_140_P041_SB0.0,A:alpha=1.1;C:alpha=2.0;G:alpha=1.0;J:alpha=1.0,targeted_subsidy_0.0,0.2,0,0,30,0.2278834,0.830098,0.728542,4393730.99,0.09685,0,0,0,1,0
S4_budget_140,S4_budget_140_P041_SB0.0,A:alpha=1.1;C:alpha=2.0;G:alpha=1.0;J:alpha=1.0,targeted_subsidy_0.0,0.3,0,0,30,0.2278834,0.764504,0.334941,853722.11,0.020218,0,1,0,2,0
S4_budget_140,S4_budget_140_P041_SB0.0,A:alpha=1.1;C:alpha=2.0;G:alpha=1.0;J:alpha=1.0,targeted_subsidy_0.0,0.5,0,0,30,0.2278834,0.822956,0.728542,4435916.44,0.09778,0,0,0,1,0
S4_budget_140,S4_budget_140_P041_SB0.0,A:alpha=1.1;C:alpha=2.0;G:alpha=1.0;J:alpha=1.0,targeted_subsidy_0.0,0.7,0,0,30,0.2278834,0.822956,0.728542,4435916.44,0.09778,0,0,0,1,0
S4_budget_140,S4_budget_140_P041_SB0.0,A:alpha=1.1;C:alpha=2.0;G:alpha=1.0;J:alpha=1.0,targeted_subsidy_0.0,1.0,0,0,30,0.2278834,0.819262,0.705754,4230700.88,0.093256,0,0,0,1,0
S4_budget_140,S4_budget_140_P042_SB0.0,A:alpha=1.2;C:alpha=1.1;G:alpha=1.0;J:alpha=1.0,targeted_subsidy_0.0,0.2,0,0,30,0.2317241,0.852863,0.778013,489941.76,0.01087,0,1,0,1,0
S4_budget_140,S4_budget_140_P042_SB0.0,A:alpha=1.2;C:alpha=1.1;G:alpha=1.0;J:alpha=1.0,targeted_subsidy_0.0,0.3,0,0,30,0.2317241,0.852863,0.778013,489941.76,0.01087,0,1,0,1,0
S4_budget_140,S4_budget_140_P042_SB0.0,A:alpha=1.2;C:alpha=1.1;G:alpha=1.0;J:alpha=1.0,targeted_subsidy_0.0,0.5,0,0,30,0.2317241,0.847607,0.727733,829432.76,0.018344,0,1,0,3,0
S4_budget_140,S4_budget_140_P042_SB0.0,A:alpha=1.2;C:alpha=1.1;G:alpha=1.0;J:alpha=1.0,targeted_subsidy_0.0,0.7,0,0,30,0.2317241,0.83168,0.727733,56.52,1e-06,0,1,0,1,0
S4_budget_140,S4_budget_140_P042_SB0.0,A:alpha=1.2;C:alpha=1.1;G:alpha=1.0;J:alpha=1.0,targeted_subsidy_0.0,1.0,0,0,30,0.2317241,0.745244,0.187189,-666764.5,-0.01645,0,0,0,2,0
S4_budget_140,S4_budget_140_P043_SB0.0,A:alpha=1.2;C:alpha=1.2;G:alpha=1.0;J:alpha=1.0,targeted_subsidy_0.0,0.2,0,0,30,0.23005762,0.740732,0.187189,-748968.94,-0.018478,0,0,0,2,0
S4_budget_140,S4_budget_140_P043_SB0.0,A:alpha=1.2;C:alpha=1.2;G:alpha=1.0;J:alpha=1.0,targeted_subsidy_0.0,0.3,0,0,30,0.23005762,0.740732,0.187189,-748968.94,-0.018478,0,0,0,2,0
S4_budget_140,S4_budget_140_P043_SB0.0,A:alpha=1.2;C:alpha=1.2;G:alpha=1.0;J:alpha=1.0,targeted_subsidy_0.0,0.5,0,0,30,0.23005762,0.740732,0.187189,-748968.94,-0.018478,0,0,0,2,0
S4_budget_140,S4_budget_140_P043_SB0.0,A:alpha=1.2;C:alpha=1.2;G:alpha=1.0;J:alpha=1.0,targeted_subsidy_0.0,0.7,0,0,30,0.23005762,0.740732,0.187189,-748968.94,-0.018478,0,0,0,2,0
S4_budget_140,S4_budget_140_P043_SB0.0,A:alpha=1.2;C:alpha=1.2;G:alpha=1.0;J:alpha=1.0,targeted_subsidy_0.0,1.0,0,0,30,0.23005762,0.816724,0.683723,-176024.15,-0.00388,0,0,0,1,0
S4_budget_140,S4_budget_140_P044_SB0.0,A:alpha=1.2;C:alpha=1.3;G:alpha=1.0;J:alpha=1.0,targeted_subsidy_0.0,0.2,0,0,30,0.22989541,0.740742,0.187189,-556998.29,-0.013742,0,0,0,2,0
S4_budget_140,S4_budget_140_P044_SB0.0,A:alpha=1.2;C:alpha=1.3;G:alpha=1.0;J:alpha=1.0,targeted_subsidy_0.0,0.3,0,0,30,0.22989541,0.740742,0.187189,-556998.29,-0.013742,0,0,0,2,0
S4_budget_140,S4_budget_140_P044_SB0.0,A:alpha=1.2;C:alpha=1.3;G:alpha=1.0;J:alpha=1.0,targeted_subsidy_0.0,0.5,0,0,30,0.22989541,0.740742,0.187189,-556998.29,-0.013742,0,0,0,2,0
S4_budget_140,S4_budget_140_P044_SB0.0,A:alpha=1.2;C:alpha=1.3;G:alpha=1.0;J:alpha=1.0,targeted_subsidy_0.0,0.7,0,0,30,0.22989541,0.740742,0.187189,-556998.29,-0.013742,0,0,0,2,0
S4_budget_140,S4_budget_140_P044_SB0.0,A:alpha=1.2;C:alpha=1.3;G:alpha=1.0;J:alpha=1.0,targeted_subsidy_0.0,1.0,0,0,30,0.22989541,0.816754,0.683723,402097.86,0.008863,0,1,0,2,0
S4_budget_140,S4_budget_140_P045_SB0.0,A:alpha=1.2;C:alpha=1.4;G:alpha=1.0;J:alpha=1.0,targeted_subsidy_0.0,0.2,0,0,30,0.22974793,0.740751,0.187189,-364996.15,-0.009005,0,0,0,2,0
S4_budget_140,S4_budget_140_P045_SB0.0,A:alpha=1.2;C:alpha=1.4;G:alpha=1.0;J:alpha=1.0,targeted_subsidy_0.0,0.3,0,0,30,0.22974793,0.740751,0.187189,-364996.15,-0.009005,0,0,0,2,0
S4_budget_140,S4_budget_140_P045_SB0.0,A:alpha=1.2;C:alpha=1.4;G:alpha=1.0;J:alpha=1.0,targeted_subsidy_0.0,0.5,0,0,30,0.22974793,0.740751,0.187189,-364996.15,-0.009005,0,0,0,2,0
S4_budget_140,S4_budget_140_P045_SB0.0,A:alpha=1.2;C:alpha=1.4;G:alpha=1.0;J:alpha=1.0,targeted_subsidy_0.0,0.7,0,0,30,0.22974793,0.740751,0.187189,-364996.15,-0.009005,0,0,0,2,0
S4_budget_140,S4_budget_140_P045_SB0.0,A:alpha=1.2;C:alpha=1.4;G:alpha=1.0;J:alpha=1.0,targeted_subsidy_0.0,1.0,0,0,30,0.22974793,0.816781,0.683723,980344.83,0.02161,0,1,0,1,0
S4_budget_140,S4_budget_140_P046_SB0.0,A:alpha=1.2;C:alpha=1.5;G:alpha=1.0;J:alpha=1.0,targeted_subsidy_0.0,0.2,0,0,30,0.22961327,0.74076,0.187189,-172966.65,-0.004267,0,0,0,2,0
S4_budget_140,S4_budget_140_P046_SB0.0,A:alpha=1.2;C:alpha=1.5;G:alpha=1.0;J:alpha=1.0,targeted_subsidy_0.0,0.3,0,0,30,0.22961327,0.74076,0.187189,-172966.65,-0.004267,0,0,0,2,0
S4_budget_140,S4_budget_140_P046_SB0.0,A:alpha=1.2;C:alpha=1.5;G:alpha=1.0;J:alpha=1.0,targeted_subsidy_0.0,0.5,0,0,30,0.22961327,0.74076,0.187189,-172966.65,-0.004267,0,0,0,2,0
S4_budget_140,S4_budget_140_P046_SB0.0,A:alpha=1.2;C:alpha=1.5;G:alpha=1.0;J:alpha=1.0,targeted_subsidy_0.0,0.7,0,0,30,0.22961327,0.74076,0.187189,-172966.65,-0.004267,0,0,0,2,0
S4_budget_140,S4_budget_140_P046_SB0.0,A:alpha=1.2;C:alpha=1.5;G:alpha=1.0;J:alpha=1.0,targeted_subsidy_0.0,1.0,0,0,30,0.22961327,0.816807,0.683723,1558702.38,0.034358,0,1,0,1,0
S4_budget_140,S4_budget_140_P047_SB0.0,A:alpha=1.2;C:alpha=1.6;G:alpha=1.0;J:alpha=1.0,targeted_subsidy_0.0,0.2,0,0,30,0.22929552,0.74078,0.187189,20136.69,0.000497,0,1,0,2,0
S4_budget_140,S4_budget_140_P047_SB0.0,A:alpha=1.2;C:alpha=1.6;G:alpha=1.0;J:alpha=1.0,targeted_subsidy_0.0,0.3,0,0,30,0.22929552,0.74078,0.187189,20136.69,0.000497,0,1,0,2,0
S4_budget_140,S4_budget_140_P047_SB0.0,A:alpha=1.2;C:alpha=1.6;G:alpha=1.0;J:alpha=1.0,targeted_subsidy_0.0,0.5,0,0,30,0.22929552,0.74078,0.187189,20136.69,0.000497,0,1,0,2,0
S4_budget_140,S4_budget_140_P047_SB0.0,A:alpha=1.2;C:alpha=1.6;G:alpha=1.0;J:alpha=1.0,targeted_subsidy_0.0,0.7,0,0,30,0.22929552,0.74078,0.187189,20136.69,0.000497,0,1,0,2,0
S4_budget_140,S4_budget_140_P047_SB0.0,A:alpha=1.2;C:alpha=1.6;G:alpha=1.0;J:alpha=1.0,targeted_subsidy_0.0,1.0,0,0,30,0.22929552,0.816837,0.683723,2137518.03,0.047117,0,1,0,1,0
S4_budget_140,S4_budget_140_P048_SB0.0,A:alpha=1.2;C:alpha=1.8;G:alpha=1.0;J:alpha=1.0,targeted_subsidy_0.0,0.2,0,0,30,0.22858682,0.740824,0.187189,407383.45,0.01005,0,1,0,3,0
S4_budget_140,S4_budget_140_P048_SB0.0,A:alpha=1.2;C:alpha=1.8;G:alpha=1.0;J:alpha=1.0,targeted_subsidy_0.0,0.3,0,0,30,0.22858682,0.740824,0.187189,407383.45,0.01005,0,1,0,3,0
S4_budget_140,S4_budget_140_P048_SB0.0,A:alpha=1.2;C:alpha=1.8;G:alpha=1.0;J:alpha=1.0,targeted_subsidy_0.0,0.5,0,0,30,0.22858682,0.740824,0.187189,407383.45,0.01005,0,1,0,3,0
S4_budget_140,S4_budget_140_P048_SB0.0,A:alpha=1.2;C:alpha=1.8;G:alpha=1.0;J:alpha=1.0,targeted_subsidy_0.0,0.7,0,0,30,0.22858682,0.740824,0.187189,407383.45,0.01005,0,1,0,3,0
S4_budget_140,S4_budget_140_P048_SB0.0,A:alpha=1.2;C:alpha=1.8;G:alpha=1.0;J:alpha=1.0,targeted_subsidy_0.0,1.0,0,0,30,0.22858682,0.816896,0.683723,3295750.45,0.072648,0,1,0,1,0
S4_budget_140,S4_budget_140_P049_SB0.0,A:alpha=1.2;C:alpha=2.0;G:alpha=1.0;J:alpha=1.0,targeted_subsidy_0.0,0.2,0,0,30,0.2278834,0.740868,0.187189,795485.07,0.019625,0,1,0,2,0
S4_budget_140,S4_budget_140_P049_SB0.0,A:alpha=1.2;C:alpha=2.0;G:alpha=1.0;J:alpha=1.0,targeted_subsidy_0.0,0.3,0,0,30,0.2278834,0.740868,0.187189,795485.07,0.019625,0,1,0,2,0
S4_budget_140,S4_budget_140_P049_SB0.0,A:alpha=1.2;C:alpha=2.0;G:alpha=1.0;J:alpha=1.0,targeted_subsidy_0.0,0.5,0,0,30,0.2278834,0.740868,0.187189,795485.07,0.019625,0,1,0,2,0
S4_budget_140,S4_budget_140_P049_SB0.0,A:alpha=1.2;C:alpha=2.0;G:alpha=1.0;J:alpha=1.0,targeted_subsidy_0.0,0.7,0,0,30,0.2278834,0.740868,0.187189,795485.07,0.019625,0,1,0,2,0
S4_budget_140,S4_budget_140_P049_SB0.0,A:alpha=1.2;C:alpha=2.0;G:alpha=1.0;J:alpha=1.0,targeted_subsidy_0.0,1.0,0,0,30,0.2278834,0.816951,0.683723,4454554.42,0.098191,0,0,0,1,0
S4_budget_140,S4_budget_140_P050_SB0.0,A:alpha=1.3;C:alpha=1.1;G:alpha=1.0;J:alpha=1.0,targeted_subsidy_0.0,0.2,0,0,30,0.2317241,0.852867,0.778013,541429.4,0.012013,0,1,0,1,0
S4_budget_140,S4_budget_140_P050_SB0.0,A:alpha=1.3;C:alpha=1.1;G:alpha=1.0;J:alpha=1.0,targeted_subsidy_0.0,0.3,0,0,30,0.2317241,0.852867,0.778013,541429.4,0.012013,0,1,0,1,0
S4_budget_140,S4_budget_140_P050_SB0.0,A:alpha=1.3;C:alpha=1.1;G:alpha=1.0;J:alpha=1.0,targeted_subsidy_0.0,0.5,0,0,30,0.2317241,0.847625,0.727902,1206182.02,0.026676,1,1,1,4,0
S4_budget_140,S4_budget_140_P050_SB0.0,A:alpha=1.3;C:alpha=1.1;G:alpha=1.0;J:alpha=1.0,targeted_subsidy_0.0,0.7,0,0,30,0.2317241,0.831697,0.727902,376805.78,0.008306,0,1,0,2,0
S4_budget_140,S4_budget_140_P050_SB0.0,A:alpha=1.3;C:alpha=1.1;G:alpha=1.0;J:alpha=1.0,targeted_subsidy_0.0,1.0,0,0,30,0.2317241,0.745262,0.187189,-290015.25,-0.007155,0,0,0,3,0
S4_budget_140,S4_budget_140_P051_SB0.0,A:alpha=1.3;C:alpha=1.2;G:alpha=1.0;J:alpha=1.0,targeted_subsidy_0.0,0.2,0,0,30,0.23005762,0.740749,0.187189,-395539.63,-0.009758,0,0,0,3,0
S4_budget_140,S4_budget_140_P051_SB0.0,A:alpha=1.3;C:alpha=1.2;G:alpha=1.0;J:alpha=1.0,targeted_subsidy_0.0,0.3,0,0,30,0.23005762,0.740749,0.187189,-395539.63,-0.009758,0,0,0,3,0
S4_budget_140,S4_budget_140_P051_SB0.0,A:alpha=1.3;C:alpha=1.2;G:alpha=1.0;J:alpha=1.0,targeted_subsidy_0.0,0.5,0,0,30,0.23005762,0.740749,0.187189,-395539.63,-0.009758,0,0,0,3,0
S4_budget_140,S4_budget_140_P051_SB0.0,A:alpha=1.3;C:alpha=1.2;G:alpha=1.0;J:alpha=1.0,targeted_subsidy_0.0,0.7,0,0,30,0.23005762,0.740749,0.187189,-395539.63,-0.009758,0,0,0,3,0
S4_budget_140,S4_budget_140_P051_SB0.0,A:alpha=1.3;C:alpha=1.2;G:alpha=1.0;J:alpha=1.0,targeted_subsidy_0.0,1.0,0,0,30,0.23005762,0.816741,0.683892,177405.15,0.003911,0,1,0,2,0
S4_budget_140,S4_budget_140_P052_SB0.0,A:alpha=1.3;C:alpha=1.3;G:alpha=1.0;J:alpha=1.0,targeted_subsidy_0.0,0.2,0,0,30,0.22989541,0.74076,0.187189,-203568.98,-0.005022,0,0,0,3,0
S4_budget_140,S4_budget_140_P052_SB0.0,A:alpha=1.3;C:alpha=1.3;G:alpha=1.0;J:alpha=1.0,targeted_subsidy_0.0,0.3,0,0,30,0.22989541,0.74076,0.187189,-203568.98,-0.005022,0,0,0,3,0
S4_budget_140,S4_budget_140_P052_SB0.0,A:alpha=1.3;C:alpha=1.3;G:alpha=1.0;J:alpha=1.0,targeted_subsidy_0.0,0.5,0,0,30,0.22989541,0.74076,0.187189,-203568.98,-0.005022,0,0,0,3,0
S4_budget_140,S4_budget_140_P052_SB0.0,A:alpha=1.3;C:alpha=1.3;G:alpha=1.0;J:alpha=1.0,targeted_subsidy_0.0,0.7,0,0,30,0.22989541,0.74076,0.187189,-203568.98,-0.005022,0,0,0,3,0
S4_budget_140,S4_budget_140_P052_SB0.0,A:alpha=1.3;C:alpha=1.3;G:alpha=1.0;J:alpha=1.0,targeted_subsidy_0.0,1.0,0,0,30,0.22989541,0.816771,0.683892,755527.17,0.016654,0,1,0,3,0
S4_budget_140,S4_budget_140_P053_SB0.0,A:alpha=1.3;C:alpha=1.4;G:alpha=1.0;J:alpha=1.0,targeted_subsidy_0.0,0.2,0,0,30,0.22974793,0.740769,0.187189,-11566.85,-0.000285,0,0,0,3,0
S4_budget_140,S4_budget_140_P053_SB0.0,A:alpha=1.3;C:alpha=1.4;G:alpha=1.0;J:alpha=1.0,targeted_subsidy_0.0,0.3,0,0,30,0.22974793,0.740769,0.187189,-11566.85,-0.000285,0,0,0,3,0
S4_budget_140,S4_budget_140_P053_SB0.0,A:alpha=1.3;C:alpha=1.4;G:alpha=1.0;J:alpha=1.0,targeted_subsidy_0.0,0.5,0,0,30,0.22974793,0.740769,0.187189,-11566.85,-0.000285,0,0,0,3,0
S4_budget_140,S4_budget_140_P053_SB0.0,A:alpha=1.3;C:alpha=1.4;G:alpha=1.0;J:alpha=1.0,targeted_subsidy_0.0,0.7,0,0,30,0.22974793,0.740769,0.187189,-11566.85,-0.000285,0,0,0,3,0
S4_budget_140,S4_budget_140_P053_SB0.0,A:alpha=1.3;C:alpha=1.4;G:alpha=1.0;J:alpha=1.0,targeted_subsidy_0.0,1.0,0,0,30,0.22974793,0.816799,0.683892,1333774.14,0.0294,0,1,0,2,0
S4_budget_140,S4_budget_140_P054_SB0.0,A:alpha=1.3;C:alpha=1.5;G:alpha=1.0;J:alpha=1.0,targeted_subsidy_0.0,0.2,0,0,30,0.22961327,0.740777,0.187189,180462.66,0.004452,0,1,0,3,0
S4_budget_140,S4_budget_140_P054_SB0.0,A:alpha=1.3;C:alpha=1.5;G:alpha=1.0;J:alpha=1.0,targeted_subsidy_0.0,0.3,0,0,30,0.22961327,0.740777,0.187189,180462.66,0.004452,0,1,0,3,0
S4_budget_140,S4_budget_140_P054_SB0.0,A:alpha=1.3;C:alpha=1.5;G:alpha=1.0;J:alpha=1.0,targeted_subsidy_0.0,0.5,0,0,30,0.22961327,0.740777,0.187189,180462.66,0.004452,0,1,0,3,0
S4_budget_140,S4_budget_140_P054_SB0.0,A:alpha=1.3;C:alpha=1.5;G:alpha=1.0;J:alpha=1.0,targeted_subsidy_0.0,0.7,0,0,30,0.22961327,0.740777,0.187189,180462.66,0.004452,0,1,0,3,0
S4_budget_140,S4_budget_140_P054_SB0.0,A:alpha=1.3;C:alpha=1.5;G:alpha=1.0;J:alpha=1.0,targeted_subsidy_0.0,1.0,0,0,30,0.22961327,0.816824,0.683892,1912131.68,0.042149,0,1,0,2,0
S4_budget_140,S4_budget_140_P055_SB0.0,A:alpha=1.3;C:alpha=1.6;G:alpha=1.0;J:alpha=1.0,targeted_subsidy_0.0,0.2,0,0,30,0.22929552,0.740797,0.187189,373566.0,0.009216,0,1,0,3,0
S4_budget_140,S4_budget_140_P055_SB0.0,A:alpha=1.3;C:alpha=1.6;G:alpha=1.0;J:alpha=1.0,targeted_subsidy_0.0,0.3,0,0,30,0.22929552,0.740797,0.187189,373566.0,0.009216,0,1,0,3,0
S4_budget_140,S4_budget_140_P055_SB0.0,A:alpha=1.3;C:alpha=1.6;G:alpha=1.0;J:alpha=1.0,targeted_subsidy_0.0,0.5,0,0,30,0.22929552,0.740797,0.187189,373566.0,0.009216,0,1,0,3,0
S4_budget_140,S4_budget_140_P055_SB0.0,A:alpha=1.3;C:alpha=1.6;G:alpha=1.0;J:alpha=1.0,targeted_subsidy_0.0,0.7,0,0,30,0.22929552,0.740797,0.187189,373566.0,0.009216,0,1,0,3,0
S4_budget_140,S4_budget_140_P055_SB0.0,A:alpha=1.3;C:alpha=1.6;G:alpha=1.0;J:alpha=1.0,targeted_subsidy_0.0,1.0,0,0,30,0.22929552,0.816855,0.683892,2490947.34,0.054907,0,1,0,2,0
S4_budget_140,S4_budget_140_P056_SB0.0,A:alpha=1.3;C:alpha=1.8;G:alpha=1.0;J:alpha=1.0,targeted_subsidy_0.0,0.2,0,0,30,0.22858682,0.740842,0.187189,760812.76,0.01877,1,1,1,4,0
S4_budget_140,S4_budget_140_P056_SB0.0,A:alpha=1.3;C:alpha=1.8;G:alpha=1.0;J:alpha=1.0,targeted_subsidy_0.0,0.3,0,0,30,0.22858682,0.740842,0.187189,760812.76,0.01877,1,1,1,4,0
S4_budget_140,S4_budget_140_P056_SB0.0,A:alpha=1.3;C:alpha=1.8;G:alpha=1.0;J:alpha=1.0,targeted_subsidy_0.0,0.5,0,0,30,0.22858682,0.740842,0.187189,760812.76,0.01877,1,1,1,4,0
S4_budget_140,S4_budget_140_P056_SB0.0,A:alpha=1.3;C:alpha=1.8;G:alpha=1.0;J:alpha=1.0,targeted_subsidy_0.0,0.7,0,0,30,0.22858682,0.740842,0.187189,760812.76,0.01877,1,1,1,4,0
S4_budget_140,S4_budget_140_P056_SB0.0,A:alpha=1.3;C:alpha=1.8;G:alpha=1.0;J:alpha=1.0,targeted_subsidy_0.0,1.0,0,0,30,0.22858682,0.816914,0.683892,3649179.75,0.080438,0,0,0,2,0
S4_budget_140,S4_budget_140_P057_SB0.0,A:alpha=1.3;C:alpha=2.0;G:alpha=1.0;J:alpha=1.0,targeted_subsidy_0.0,0.2,0,0,30,0.2278834,0.740886,0.187189,1148914.38,0.028345,0,1,0,3,0
S4_budget_140,S4_budget_140_P057_SB0.0,A:alpha=1.3;C:alpha=2.0;G:alpha=1.0;J:alpha=1.0,targeted_subsidy_0.0,0.3,0,0,30,0.2278834,0.740886,0.187189,1148914.38,0.028345,0,1,0,3,0
S4_budget_140,S4_budget_140_P057_SB0.0,A:alpha=1.3;C:alpha=2.0;G:alpha=1.0;J:alpha=1.0,targeted_subsidy_0.0,0.5,0,0,30,0.2278834,0.740886,0.187189,1148914.38,0.028345,0,1,0,3,0
S4_budget_140,S4_budget_140_P057_SB0.0,A:alpha=1.3;C:alpha=2.0;G:alpha=1.0;J:alpha=1.0,targeted_subsidy_0.0,0.7,0,0,30,0.2278834,0.740886,0.187189,1148914.38,0.028345,0,1,0,3,0
S4_budget_140,S4_budget_140_P057_SB0.0,A:alpha=1.3;C:alpha=2.0;G:alpha=1.0;J:alpha=1.0,targeted_subsidy_0.0,1.0,0,0,30,0.2278834,0.816969,0.683892,4807983.72,0.105981,0,0,0,2,0
S4_budget_140,S4_budget_140_P058_SB0.0,A:alpha=1.4;C:alpha=1.1;G:alpha=1.0;J:alpha=1.0,targeted_subsidy_0.0,0.2,0,0,30,0.2317241,0.852871,0.778013,592925.77,0.013155,0,1,0,1,0
S4_budget_140,S4_budget_140_P058_SB0.0,A:alpha=1.4;C:alpha=1.1;G:alpha=1.0;J:alpha=1.0,targeted_subsidy_0.0,0.3,0,0,30,0.2317241,0.852871,0.778013,592925.77,0.013155,0,1,0,1,0
S4_budget_140,S4_budget_140_P058_SB0.0,A:alpha=1.4;C:alpha=1.1;G:alpha=1.0;J:alpha=1.0,targeted_subsidy_0.0,0.5,0,0,30,0.2317241,0.847641,0.728057,1583006.14,0.03501,0,1,0,3,0
S4_budget_140,S4_budget_140_P058_SB0.0,A:alpha=1.4;C:alpha=1.1;G:alpha=1.0;J:alpha=1.0,targeted_subsidy_0.0,0.7,0,0,30,0.2317241,0.831714,0.728057,753629.91,0.016612,0,1,0,1,0
S4_budget_140,S4_budget_140_P058_SB0.0,A:alpha=1.4;C:alpha=1.1;G:alpha=1.0;J:alpha=1.0,targeted_subsidy_0.0,1.0,0,0,30,0.2317241,0.745278,0.187189,86808.88,0.002142,0,1,0,2,0
S4_budget_140,S4_budget_140_P059_SB0.0,A:alpha=1.4;C:alpha=1.2;G:alpha=1.0;J:alpha=1.0,targeted_subsidy_0.0,0.2,0,0,30,0.23005762,0.740766,0.187189,-42035.45,-0.001037,0,0,0,2,0
S4_budget_140,S4_budget_140_P059_SB0.0,A:alpha=1.4;C:alpha=1.2;G:alpha=1.0;J:alpha=1.0,targeted_subsidy_0.0,0.3,0,0,30,0.23005762,0.740766,0.187189,-42035.45,-0.001037,0,0,0,2,0
S4_budget_140,S4_budget_140_P059_SB0.0,A:alpha=1.4;C:alpha=1.2;G:alpha=1.0;J:alpha=1.0,targeted_subsidy_0.0,0.5,0,0,30,0.23005762,0.740766,0.187189,-42035.45,-0.001037,0,0,0,2,0
S4_budget_140,S4_budget_140_P059_SB0.0,A:alpha=1.4;C:alpha=1.2;G:alpha=1.0;J:alpha=1.0,targeted_subsidy_0.0,0.7,0,0,30,0.23005762,0.740766,0.187189,-42035.45,-0.001037,0,0,0,2,0
S4_budget_140,S4_budget_140_P059_SB0.0,A:alpha=1.4;C:alpha=1.2;G:alpha=1.0;J:alpha=1.0,targeted_subsidy_0.0,1.0,0,0,30,0.23005762,0.816758,0.684047,530909.33,0.011703,0,1,0,1,0
S4_budget_140,S4_budget_140_P060_SB0.0,A:alpha=1.4;C:alpha=1.3;G:alpha=1.0;J:alpha=1.0,targeted_subsidy_0.0,0.2,0,0,30,0.22989541,0.740776,0.187189,149935.2,0.003699,0,1,0,2,0
S4_budget_140,S4_budget_140_P060_SB0.0,A:alpha=1.4;C:alpha=1.3;G:alpha=1.0;J:alpha=1.0,targeted_subsidy_0.0,0.3,0,0,30,0.22989541,0.740776,0.187189,149935.2,0.003699,0,1,0,2,0
S4_budget_140,S4_budget_140_P060_SB0.0,A:alpha=1.4;C:alpha=1.3;G:alpha=1.0;J:alpha=1.0,targeted_subsidy_0.0,0.5,0,0,30,0.22989541,0.740776,0.187189,149935.2,0.003699,0,1,0,2,0
S4_budget_140,S4_budget_140_P060_SB0.0,A:alpha=1.4;C:alpha=1.3;G:alpha=1.0;J:alpha=1.0,targeted_subsidy_0.0,0.7,0,0,30,0.22989541,0.740776,0.187189,149935.2,0.003699,0,1,0,2,0
S4_budget_140,S4_budget_140_P060_SB0.0,A:alpha=1.4;C:alpha=1.3;G:alpha=1.0;J:alpha=1.0,targeted_subsidy_0.0,1.0,0,0,30,0.22989541,0.816788,0.684047,1109031.35,0.024446,0,1,0,2,0
S4_budget_140,S4_budget_140_P001_SB1.0,A:alpha=1.0;C:alpha=1.0;G:alpha=1.0;J:alpha=1.0,targeted_subsidy_1.0,0.2,0,0,30,0.17694828,0.848971,0.802052,-611507.95,-0.013313,0,0,0,2,0
S4_budget_140,S4_budget_140_P001_SB1.0,A:alpha=1.0;C:alpha=1.0;G:alpha=1.0;J:alpha=1.0,targeted_subsidy_1.0,0.3,0,0,30,0.17694828,0.848971,0.802052,-611507.95,-0.013313,0,0,0,2,0
S4_budget_140,S4_budget_140_P001_SB1.0,A:alpha=1.0;C:alpha=1.0;G:alpha=1.0;J:alpha=1.0,targeted_subsidy_1.0,0.5,0,0,30,0.17694828,0.848971,0.802052,-611507.95,-0.013313,0,0,0,2,0
S4_budget_140,S4_budget_140_P001_SB1.0,A:alpha=1.0;C:alpha=1.0;G:alpha=1.0;J:alpha=1.0,targeted_subsidy_1.0,0.7,0,0,30,0.17688416,0.869324,0.782979,612237.12,0.013329,0,1,0,2,0
S4_budget_140,S4_budget_140_P001_SB1.0,A:alpha=1.0;C:alpha=1.0;G:alpha=1.0;J:alpha=1.0,targeted_subsidy_1.0,1.0,0,0,30,0.17611477,0.869324,0.782979,612237.12,0.013329,0,1,0,2,0
S4_budget_140,S4_budget_140_P002_SB1.0,A:alpha=1.1;C:alpha=1.0;G:alpha=1.0;J:alpha=1.0,targeted_subsidy_1.0,0.2,0,0,30,0.11813718,0.827767,0.782827,-1940731.49,-0.042251,0,0,0,1,0
S4_budget_140,S4_budget_140_P002_SB1.0,A:alpha=1.1;C:alpha=1.0;G:alpha=1.0;J:alpha=1.0,targeted_subsidy_1.0,0.3,0,0,30,0.11813718,0.827767,0.782827,-1940731.49,-0.042251,0,0,0,1,0
S4_budget_140,S4_budget_140_P002_SB1.0,A:alpha=1.1;C:alpha=1.0;G:alpha=1.0;J:alpha=1.0,targeted_subsidy_1.0,0.5,0,0,30,0.152743,0.856265,0.782257,316594.27,0.006915,0,1,0,2,0
S4_budget_140,S4_budget_140_P002_SB1.0,A:alpha=1.1;C:alpha=1.0;G:alpha=1.0;J:alpha=1.0,targeted_subsidy_1.0,0.7,0,0,30,0.15310941,0.85469,0.781891,246315.36,0.005402,0,1,0,1,0
S4_budget_140,S4_budget_140_P002_SB1.0,A:alpha=1.1;C:alpha=1.0;G:alpha=1.0;J:alpha=1.0,targeted_subsidy_1.0,1.0,0,0,30,0.11813718,0.862158,0.810863,638242.77,0.013997,0,1,0,2,0
S4_budget_140,S4_budget_140_P003_SB1.0,A:alpha=1.2;C:alpha=1.0;G:alpha=1.0;J:alpha=1.0,targeted_subsidy_1.0,0.2,0,0,30,0.13652172,0.840576,0.769372,-1040521.54,-0.022653,0,0,0,2,0
S4_budget_140,S4_budget_140_P003_SB1.0,A:alpha=1.2;C:alpha=1.0;G:alpha=1.0;J:alpha=1.0,targeted_subsidy_1.0,0.3,0,0,30,0.13652172,0.840576,0.769372,-1040521.54,-0.022653,0,0,0,2,0
S4_budget_140,S4_budget_140_P003_SB1.0,A:alpha=1.2;C:alpha=1.0;G:alpha=1.0;J:alpha=1.0,targeted_subsidy_1.0,0.5,0,0,30,0.13652172,0.842033,0.732267,-345064.81,-0.007512,0,0,0,2,0
S4_budget_140,S4_budget_140_P003_SB1.0,A:alpha=1.2;C:alpha=1.0;G:alpha=1.0;J:alpha=1.0,targeted_subsidy_1.0,0.7,0,0,30,0.13652172,0.843824,0.749429,-249663.46,-0.005435,0,0,0,2,0
S4_budget_140,S4_budget_140_P003_SB1.0,A:alpha=1.2;C:alpha=1.0;G:alpha=1.0;J:alpha=1.0,targeted_subsidy_1.0,1.0,0,0,30,0.13652172,0.845448,0.727656,12277.69,0.000267,0,1,0,1,0
S4_budget_140,S4_budget_140_P004_SB1.0,A:alpha=1.3;C:alpha=1.0;G:alpha=1.0;J:alpha=1.0,targeted_subsidy_1.0,0.2,0,0,30,0.13652172,0.840584,0.769446,-955839.08,-0.020809,0,0,0,2,0
S4_budget_140,S4_budget_140_P004_SB1.0,A:alpha=1.3;C:alpha=1.0;G:alpha=1.0;J:alpha=1.0,targeted_subsidy_1.0,0.3,0,0,30,0.13652172,0.840584,0.769446,-955839.08,-0.020809,0,0,0,2,0
S4_budget_140,S4_budget_140_P004_SB1.0,A:alpha=1.3;C:alpha=1.0;G:alpha=1.0;J:alpha=1.0,targeted_subsidy_1.0,0.5,0,0,30,0.13652172,0.842048,0.732412,-77785.36,-0.001693,0,0,0,3,0
S4_budget_140,S4_budget_140_P004_SB1.0,A:alpha=1.3;C:alpha=1.0;G:alpha=1.0;J:alpha=1.0,targeted_subsidy_1.0,0.7,0,0,30,0.13652172,0.843839,0.749574,25566.11,0.000557,0,1,0,3,0
S4_budget_140,S4_budget_140_P004_SB1.0,A:alpha=1.3;C:alpha=1.0;G:alpha=1.0;J:alpha=1.0,targeted_subsidy_1.0,1.0,0,0,30,0.13652172,0.845466,0.72783,392235.72,0.008539,0,1,0,2,0
S4_budget_140,S4_budget_140_P005_SB1.0,A:alpha=1.4;C:alpha=1.0;G:alpha=1.0;J:alpha=1.0,targeted_subsidy_1.0,0.2,0,0,30,0.13652172,0.840591,0.769513,-871141.38,-0.018965,0,0,0,2,0
S4_budget_140,S4_budget_140_P005_SB1.0,A:alpha=1.4;C:alpha=1.0;G:alpha=1.0;J:alpha=1.0,targeted_subsidy_1.0,0.3,0,0,30,0.13652172,0.840591,0.769513,-871141.38,-0.018965,0,0,0,2,0
S4_budget_140,S4_budget_140_P005_SB1.0,A:alpha=1.4;C:alpha=1.0;G:alpha=1.0;J:alpha=1.0,targeted_subsidy_1.0,0.5,0,0,30,0.13652172,0.842062,0.732545,189549.31,0.004127,0,1,0,2,0
S4_budget_140,S4_budget_140_P005_SB1.0,A:alpha=1.4;C:alpha=1.0;G:alpha=1.0;J:alpha=1.0,targeted_subsidy_1.0,0.7,0,0,30,0.13652172,0.843853,0.749707,300850.89,0.00655,0,1,0,2,0
S4_budget_140,S4_budget_140_P005_SB1.0,A:alpha=1.4;C:alpha=1.0;G:alpha=1.0;J:alpha=1.0,targeted_subsidy_1.0,1.0,0,0,30,0.13652172,0.845483,0.727989,772269.97,0.016813,0,1,0,1,0
S4_budget_140,S4_budget_140_P006_SB1.0,A:alpha=1.5;C:alpha=1.0;G:alpha=1.0;J:alpha=1.0,targeted_subsidy_1.0,0.2,0,0,30,0.13652172,0.840597,0.769575,-786430.26,-0.017121,0,0,0,2,0
S4_budget_140,S4_budget_140_P006_SB1.0,A:alpha=1.5;C:alpha=1.0;G:alpha=1.0;J:alpha=1.0,targeted_subsidy_1.0,0.3,0,0,30,0.13652172,0.840597,0.769575,-786430.26,-0.017121,0,0,0,2,0
S4_budget_140,S4_budget_140_P006_SB1.0,A:alpha=1.5;C:alpha=1.0;G:alpha=1.0;J:alpha=1.0,targeted_subsidy_1.0,0.5,0,0,30,0.13652172,0.842074,0.732667,456932.49,0.009948,0,1,0,2,0
S4_budget_140,S4_budget_140_P006_SB1.0,A:alpha=1.5;C:alpha=1.0;G:alpha=1.0;J:alpha=1.0,targeted_subsidy_1.0,0.7,0,0,30,0.13652172,0.843866,0.749829,576184.18,0.012544,0,1,0,2,0
S4_budget_140,S4_budget_140_P006_SB1.0,A:alpha=1.5;C:alpha=1.0;G:alpha=1.0;J:alpha=1.0,targeted_subsidy_1.0,1.0,0,0,30,0.13652172,0.845498,0.728135,1152371.2,0.025088,0,1,0,1,0
S4_budget_140,S4_budget_140_P007_SB1.0,A:alpha=1.6;C:alpha=1.0;G:alpha=1.0;J:alpha=1.0,targeted_subsidy_1.0,0.2,0,0,30,0.13652172,0.840603,0.769632,-701707.31,-0.015277,0,0,0,2,0
S4_budget_140,S4_budget_140_P007_SB1.0,A:alpha=1.6;C:alpha=1.0;G:alpha=1.0;J:alpha=1.0,targeted_subsidy_1.0,0.3,0,0,30,0.13652172,0.840603,0.769632,-701707.31,-0.015277,0,0,0,2,0
S4_budget_140,S4_budget_140_P007_SB1.0,A:alpha=1.6;C:alpha=1.0;G:alpha=1.0;J:alpha=1.0,targeted_subsidy_1.0,0.5,0,0,30,0.13652172,0.842086,0.73278,724358.54,0.01577,0,1,0,2,0
S4_budget_140,S4_budget_140_P007_SB1.0,A:alpha=1.6;C:alpha=1.0;G:alpha=1.0;J:alpha=1.0,targeted_subsidy_1.0,0.7,0,0,30,0.13652172,0.843877,0.749942,851560.34,0.018539,0,1,0,2,0
S4_budget_140,S4_budget_140_P007_SB1.0,A:alpha=1.6;C:alpha=1.0;G:alpha=1.0;J:alpha=1.0,targeted_subsidy_1.0,1.0,0,0,30,0.13652172,0.845512,0.72827,1532531.6,0.033364,0,1,0,1,0
S4_budget_140,S4_budget_140_P008_SB1.0,A:alpha=1.8;C:alpha=1.0;G:alpha=1.0;J:alpha=1.0,targeted_subsidy_1.0,0.2,0,0,30,0.13652172,0.840614,0.769733,-532231.0,-0.011587,0,0,0,2,0
S4_budget_140,S4_budget_140_P008_SB1.0,A:alpha=1.8;C:alpha=1.0;G:alpha=1.0;J:alpha=1.0,targeted_subsidy_1.0,0.3,0,0,30,0.13652172,0.840614,0.769733,-532231.0,-0.011587,0,0,0,2,0
S4_budget_140,S4_budget_140_P008_SB1.0,A:alpha=1.8;C:alpha=1.0;G:alpha=1.0;J:alpha=1.0,targeted_subsidy_1.0,0.5,0,0,30,0.13652172,0.842107,0.732981,1259320.68,0.027416,0,1,0,2,0
S4_budget_140,S4_budget_140_P008_SB1.0,A:alpha=1.8;C:alpha=1.0;G:alpha=1.0;J:alpha=1.0,targeted_subsidy_1.0,0.7,0,0,30,0.13652172,0.843898,0.750143,1402422.71,0.030532,0,1,0,2,0
S4_budget_140,S4_budget_140_P008_SB1.0,A:alpha=1.8;C:alpha=1.0;G:alpha=1.0;J:alpha=1.0,targeted_subsidy_1.0,1.0,0,0,30,0.13652172,0.845537,0.728511,2293004.33,0.04992,0,1,0,1,0
S4_budget_140,S4_budget_140_P009_SB1.0,A:alpha=2.0;C:alpha=1.0;G:alpha=1.0;J:alpha=1.0,targeted_subsidy_1.0,0.2,0,0,30,0.13652172,0.840629,0.769879,-362317.84,-0.007888,0,0,0,3,0
S4_budget_140,S4_budget_140_P009_SB1.0,A:alpha=2.0;C:alpha=1.0;G:alpha=1.0;J:alpha=1.0,targeted_subsidy_1.0,0.3,0,0,30,0.13652172,0.840629,0.769879,-362317.84,-0.007888,0,0,0,3,0
S4_budget_140,S4_budget_140_P009_SB1.0,A:alpha=2.0;C:alpha=1.0;G:alpha=1.0;J:alpha=1.0,targeted_subsidy_1.0,0.5,0,0,30,0.13652172,0.842137,0.733269,1795458.92,0.039088,0,1,0,2,0
S4_budget_140,S4_budget_140_P009_SB1.0,A:alpha=2.0;C:alpha=1.0;G:alpha=1.0;J:alpha=1.0,targeted_subsidy_1.0,0.7,0,0,30,0.13652172,0.843928,0.750431,1954461.18,0.04255,0,1,0,2,0
S4_budget_140,S4_budget_140_P009_SB1.0,A:alpha=2.0;C:alpha=1.0;G:alpha=1.0;J:alpha=1.0,targeted_subsidy_1.0,1.0,0,0,30,0.13652172,0.845573,0.728855,3055100.7,0.066512,0,1,0,1,0
S4_budget_140,S4_budget_140_P010_SB1.0,A:alpha=1.0;C:alpha=1.1;G:alpha=1.0;J:alpha=1.0,targeted_subsidy_1.0,0.2,1,1,3,0.227098,0.863588,0.822992,797906.93,0.017432,0,1,0,3,0
S4_budget_140,S4_budget_140_P010_SB1.0,A:alpha=1.0;C:alpha=1.1;G:alpha=1.0;J:alpha=1.0,targeted_subsidy_1.0,0.3,1,1,3,0.227098,0.863588,0.822992,797906.93,0.017432,0,1,0,3,0
S4_budget_140,S4_budget_140_P010_SB1.0,A:alpha=1.0;C:alpha=1.1;G:alpha=1.0;J:alpha=1.0,targeted_subsidy_1.0,0.5,1,1,3,0.227098,0.863588,0.822992,797906.93,0.017432,0,1,0,3,0
S4_budget_140,S4_budget_140_P010_SB1.0,A:alpha=1.0;C:alpha=1.1;G:alpha=1.0;J:alpha=1.0,targeted_subsidy_1.0,0.7,1,1,3,0.227098,0.863588,0.822992,797906.93,0.017432,0,1,0,3,0
S4_budget_140,S4_budget_140_P010_SB1.0,A:alpha=1.0;C:alpha=1.1;G:alpha=1.0;J:alpha=1.0,targeted_subsidy_1.0,1.0,1,1,3,0.227098,0.863588,0.822992,797906.93,0.017432,0,1,0,3,0
S4_budget_140,S4_budget_140_P011_SB1.0,A:alpha=1.0;C:alpha=1.2;G:alpha=1.0;J:alpha=1.0,targeted_subsidy_1.0,0.2,0,0,30,0.23023967,0.838391,0.727381,141231.47,0.003075,0,1,0,1,0
S4_budget_140,S4_budget_140_P011_SB1.0,A:alpha=1.0;C:alpha=1.2;G:alpha=1.0;J:alpha=1.0,targeted_subsidy_1.0,0.3,0,0,30,0.23023967,0.838391,0.727381,141231.47,0.003075,0,1,0,1,0
S4_budget_140,S4_budget_140_P011_SB1.0,A:alpha=1.0;C:alpha=1.2;G:alpha=1.0;J:alpha=1.0,targeted_subsidy_1.0,0.5,0,0,30,0.23023967,0.838391,0.727381,141231.47,0.003075,0,1,0,1,0
S4_budget_140,S4_budget_140_P011_SB1.0,A:alpha=1.0;C:alpha=1.2;G:alpha=1.0;J:alpha=1.0,targeted_subsidy_1.0,0.7,0,0,30,0.23023967,0.838391,0.727381,141231.47,0.003075,0,1,0,1,0
S4_budget_140,S4_budget_140_P011_SB1.0,A:alpha=1.0;C:alpha=1.2;G:alpha=1.0;J:alpha=1.0,targeted_subsidy_1.0,1.0,0,0,30,0.23023967,0.838391,0.727381,141231.47,0.003075,0,1,0,1,0
S4_budget_140,S4_budget_140_P012_SB1.0,A:alpha=1.0;C:alpha=1.3;G:alpha=1.0;J:alpha=1.0,targeted_subsidy_1.0,0.2,0,0,30,0.23007053,0.83842,0.727559,703329.05,0.015312,0,1,0,2,0
S4_budget_140,S4_budget_140_P012_SB1.0,A:alpha=1.0;C:alpha=1.3;G:alpha=1.0;J:alpha=1.0,targeted_subsidy_1.0,0.3,0,0,30,0.23007053,0.83842,0.727559,703329.05,0.015312,0,1,0,2,0
S4_budget_140,S4_budget_140_P012_SB1.0,A:alpha=1.0;C:alpha=1.3;G:alpha=1.0;J:alpha=1.0,targeted_subsidy_1.0,0.5,0,0,30,0.23007053,0.83842,0.727559,703329.05,0.015312,0,1,0,2,0
S4_budget_140,S4_budget_140_P012_SB1.0,A:alpha=1.0;C:alpha=1.3;G:alpha=1.0;J:alpha=1.0,targeted_subsidy_1.0,0.7,0,0,30,0.23007053,0.83842,0.727559,703329.05,0.015312,0,1,0,2,0
S4_budget_140,S4_budget_140_P012_SB1.0,A:alpha=1.0;C:alpha=1.3;G:alpha=1.0;J:alpha=1.0,targeted_subsidy_1.0,1.0,0,0,30,0.23007053,0.83842,0.727559,703329.05,0.015312,0,1,0,2,0
S4_budget_140,S4_budget_140_P013_SB1.0,A:alpha=1.0;C:alpha=1.4;G:alpha=1.0;J:alpha=1.0,targeted_subsidy_1.0,0.2,0,0,30,0.22991705,0.838447,0.727723,1265550.05,0.027552,0,1,0,1,0
S4_budget_140,S4_budget_140_P013_SB1.0,A:alpha=1.0;C:alpha=1.4;G:alpha=1.0;J:alpha=1.0,targeted_subsidy_1.0,0.3,0,0,30,0.22991705,0.838447,0.727723,1265550.05,0.027552,0,1,0,1,0
S4_budget_140,S4_budget_140_P013_SB1.0,A:alpha=1.0;C:alpha=1.4;G:alpha=1.0;J:alpha=1.0,targeted_subsidy_1.0,0.5,0,0,30,0.22991705,0.838447,0.727723,1265550.05,0.027552,0,1,0,1,0
S4_budget_140,S4_budget_140_P013_SB1.0,A:alpha=1.0;C:alpha=1.4;G:alpha=1.0;J:alpha=1.0,targeted_subsidy_1.0,0.7,0,0,30,0.22991705,0.838447,0.727723,1265550.05,0.027552,0,1,0,1,0
S4_budget_140,S4_budget_140_P013_SB1.0,A:alpha=1.0;C:alpha=1.4;G:alpha=1.0;J:alpha=1.0,targeted_subsidy_1.0,1.0,0,0,30,0.22991705,0.838447,0.727723,1265550.05,0.027552,0,1,0,1,0
S4_budget_140,S4_budget_140_P014_SB1.0,A:alpha=1.0;C:alpha=1.5;G:alpha=1.0;J:alpha=1.0,targeted_subsidy_1.0,0.2,0,0,30,0.22977716,0.838472,0.727875,1827880.14,0.039794,0,1,0,1,0
S4_budget_140,S4_budget_140_P014_SB1.0,A:alpha=1.0;C:alpha=1.5;G:alpha=1.0;J:alpha=1.0,targeted_subsidy_1.0,0.3,0,0,30,0.22977716,0.838472,0.727875,1827880.14,0.039794,0,1,0,1,0
S4_budget_140,S4_budget_140_P014_SB1.0,A:alpha=1.0;C:alpha=1.5;G:alpha=1.0;J:alpha=1.0,targeted_subsidy_1.0,0.5,0,0,30,0.22977716,0.838472,0.727875,1827880.14,0.039794,0,1,0,1,0
S4_budget_140,S4_budget_140_P014_SB1.0,A:alpha=1.0;C:alpha=1.5;G:alpha=1.0;J:alpha=1.0,targeted_subsidy_1.0,0.7,0,0,30,0.22977716,0.838472,0.727875,1827880.14,0.039794,0,1,0,1,0
S4_budget_140,S4_budget_140_P014_SB1.0,A:alpha=1.0;C:alpha=1.5;G:alpha=1.0;J:alpha=1.0,targeted_subsidy_1.0,1.0,0,0,30,0.22977716,0.838472,0.727875,1827880.14,0.039794,0,1,0,1,0
S4_budget_140,S4_budget_140_P015_SB1.0,A:alpha=1.0;C:alpha=1.6;G:alpha=1.0;J:alpha=1.0,targeted_subsidy_1.0,0.2,0,0,30,0.22952573,0.838499,0.728016,2390470.89,0.052042,0,1,0,1,0
S4_budget_140,S4_budget_140_P015_SB1.0,A:alpha=1.0;C:alpha=1.6;G:alpha=1.0;J:alpha=1.0,targeted_subsidy_1.0,0.3,0,0,30,0.22952573,0.838499,0.728016,2390470.89,0.052042,0,1,0,1,0
S4_budget_140,S4_budget_140_P015_SB1.0,A:alpha=1.0;C:alpha=1.6;G:alpha=1.0;J:alpha=1.0,targeted_subsidy_1.0,0.5,0,0,30,0.22952573,0.838499,0.728016,2390470.89,0.052042,0,1,0,1,0
S4_budget_140,S4_budget_140_P015_SB1.0,A:alpha=1.0;C:alpha=1.6;G:alpha=1.0;J:alpha=1.0,targeted_subsidy_1.0,0.7,0,0,30,0.22952573,0.838499,0.728016,2390470.89,0.052042,0,1,0,1,0
S4_budget_140,S4_budget_140_P015_SB1.0,A:alpha=1.0;C:alpha=1.6;G:alpha=1.0;J:alpha=1.0,targeted_subsidy_1.0,1.0,0,0,30,0.22952573,0.838499,0.728016,2390470.89,0.052042,0,1,0,1,0
S4_budget_140,S4_budget_140_P016_SB1.0,A:alpha=1.0;C:alpha=1.8;G:alpha=1.0;J:alpha=1.0,targeted_subsidy_1.0,0.2,0,0,30,0.22881577,0.838553,0.728268,3516318.16,0.076553,0,1,0,1,0
S4_budget_140,S4_budget_140_P016_SB1.0,A:alpha=1.0;C:alpha=1.8;G:alpha=1.0;J:alpha=1.0,targeted_subsidy_1.0,0.3,0,0,30,0.22881577,0.838553,0.728268,3516318.16,0.076553,0,1,0,1,0
S4_budget_140,S4_budget_140_P016_SB1.0,A:alpha=1.0;C:alpha=1.8;G:alpha=1.0;J:alpha=1.0,targeted_subsidy_1.0,0.5,0,0,30,0.22881577,0.838553,0.728268,3516318.16,0.076553,0,1,0,1,0
S4_budget_140,S4_budget_140_P016_SB1.0,A:alpha=1.0;C:alpha=1.8;G:alpha=1.0;J:alpha=1.0,targeted_subsidy_1.0,0.7,0,0,30,0.22881577,0.838553,0.728268,3516318.16,0.076553,0,1,0,1,0
S4_budget_140,S4_budget_140_P016_SB1.0,A:alpha=1.0;C:alpha=1.8;G:alpha=1.0;J:alpha=1.0,targeted_subsidy_1.0,1.0,0,0,30,0.22881577,0.838553,0.728268,3516318.16,0.076553,0,1,0,1,0
S4_budget_140,S4_budget_140_P017_SB1.0,A:alpha=1.0;C:alpha=2.0;G:alpha=1.0;J:alpha=1.0,targeted_subsidy_1.0,0.2,0,0,30,0.22811111,0.838603,0.728488,4642651.37,0.101074,0,0,0,1,0
S4_budget_140,S4_budget_140_P017_SB1.0,A:alpha=1.0;C:alpha=2.0;G:alpha=1.0;J:alpha=1.0,targeted_subsidy_1.0,0.3,0,0,30,0.22811111,0.838603,0.728488,4642651.37,0.101074,0,0,0,1,0
S4_budget_140,S4_budget_140_P017_SB1.0,A:alpha=1.0;C:alpha=2.0;G:alpha=1.0;J:alpha=1.0,targeted_subsidy_1.0,0.5,0,0,30,0.22811111,0.838603,0.728488,4642651.37,0.101074,0,0,0,1,0
S4_budget_140,S4_budget_140_P017_SB1.0,A:alpha=1.0;C:alpha=2.0;G:alpha=1.0;J:alpha=1.0,targeted_subsidy_1.0,0.7,0,0,30,0.22811111,0.838603,0.728488,4642651.37,0.101074,0,0,0,1,0
S4_budget_140,S4_budget_140_P017_SB1.0,A:alpha=1.0;C:alpha=2.0;G:alpha=1.0;J:alpha=1.0,targeted_subsidy_1.0,1.0,0,0,30,0.22811111,0.838603,0.728488,4642651.37,0.101074,0,0,0,1,0
S4_budget_140,S4_budget_140_P018_SB1.0,A:alpha=1.0;C:alpha=1.0;G:alpha=1.1;J:alpha=1.0,targeted_subsidy_1.0,0.2,0,1,8,0.88225221,0.854692,0.790029,885333.77,0.019383,0,1,0,3,0
S4_budget_140,S4_budget_140_P018_SB1.0,A:alpha=1.0;C:alpha=1.0;G:alpha=1.1;J:alpha=1.0,targeted_subsidy_1.0,0.3,0,1,8,0.88225221,0.854692,0.790029,885333.77,0.019383,0,1,0,3,0
S4_budget_140,S4_budget_140_P018_SB1.0,A:alpha=1.0;C:alpha=1.0;G:alpha=1.1;J:alpha=1.0,targeted_subsidy_1.0,0.5,0,0,30,0.88225221,0.866866,0.782264,1652468.12,0.036073,0,1,0,3,0
S4_budget_140,S4_budget_140_P018_SB1.0,A:alpha=1.0;C:alpha=1.0;G:alpha=1.1;J:alpha=1.0,targeted_subsidy_1.0,0.7,0,0,30,0.88225221,0.883077,0.86,2772606.33,0.061148,0,1,0,2,0
S4_budget_140,S4_budget_140_P018_SB1.0,A:alpha=1.0;C:alpha=1.0;G:alpha=1.1;J:alpha=1.0,targeted_subsidy_1.0,1.0,0,0,30,0.88225221,0.865562,0.8018,1901725.81,0.04209,0,1,0,1,0
S4_budget_140,S4_budget_140_P019_SB1.0,A:alpha=1.0;C:alpha=1.0;G:alpha=1.2;J:alpha=1.0,targeted_subsidy_1.0,0.2,1,1,3,0.86,0.669434,0.0,-767893.44,-0.020937,0,0,0,2,0
S4_budget_140,S4_budget_140_P019_SB1.0,A:alpha=1.0;C:alpha=1.0;G:alpha=1.2;J:alpha=1.0,targeted_subsidy_1.0,0.3,1,1,3,0.86,0.669434,0.0,-767893.44,-0.020937,0,0,0,2,0
S4_budget_140,S4_budget_140_P019_SB1.0,A:alpha=1.0;C:alpha=1.0;G:alpha=1.2;J:alpha=1.0,targeted_subsidy_1.0,0.5,1,1,3,0.86,0.669434,0.0,-767893.44,-0.020937,0,0,0,2,0
S4_budget_140,S4_budget_140_P019_SB1.0,A:alpha=1.0;C:alpha=1.0;G:alpha=1.2;J:alpha=1.0,targeted_subsidy_1.0,0.7,1,1,3,0.86,0.669434,0.0,-767893.44,-0.020937,0,0,0,2,0
S4_budget_140,S4_budget_140_P019_SB1.0,A:alpha=1.0;C:alpha=1.0;G:alpha=1.2;J:alpha=1.0,targeted_subsidy_1.0,1.0,1,1,3,0.86,0.669434,0.0,-767893.44,-0.020937,0,0,0,2,0
S4_budget_140,S4_budget_140_P020_SB1.0,A:alpha=1.0;C:alpha=1.0;G:alpha=1.3;J:alpha=1.0,targeted_subsidy_1.0,0.2,1,1,3,0.86,0.669445,0.0,-546245.75,-0.014894,0,0,0,2,0
S4_budget_140,S4_budget_140_P020_SB1.0,A:alpha=1.0;C:alpha=1.0;G:alpha=1.3;J:alpha=1.0,targeted_subsidy_1.0,0.3,1,1,3,0.86,0.669445,0.0,-546245.75,-0.014894,0,0,0,2,0
S4_budget_140,S4_budget_140_P020_SB1.0,A:alpha=1.0;C:alpha=1.0;G:alpha=1.3;J:alpha=1.0,targeted_subsidy_1.0,0.5,1,1,3,0.86,0.669445,0.0,-546245.75,-0.014894,0,0,0,2,0
S4_budget_140,S4_budget_140_P020_SB1.0,A:alpha=1.0;C:alpha=1.0;G:alpha=1.3;J:alpha=1.0,targeted_subsidy_1.0,0.7,1,1,3,0.86,0.669445,0.0,-546245.75,-0.014894,0,0,0,2,0
S4_budget_140,S4_budget_140_P020_SB1.0,A:alpha=1.0;C:alpha=1.0;G:alpha=1.3;J:alpha=1.0,targeted_subsidy_1.0,1.0,1,1,3,0.86,0.669445,0.0,-546245.75,-0.014894,0,0,0,2,0
S4_budget_140,S4_budget_140_P021_SB1.0,A:alpha=1.0;C:alpha=1.0;G:alpha=1.4;J:alpha=1.0,targeted_subsidy_1.0,0.2,1,1,3,0.86,0.669455,0.0,-324565.95,-0.008849,0,0,0,2,0
S4_budget_140,S4_budget_140_P021_SB1.0,A:alpha=1.0;C:alpha=1.0;G:alpha=1.4;J:alpha=1.0,targeted_subsidy_1.0,0.3,1,1,3,0.86,0.669455,0.0,-324565.95,-0.008849,0,0,0,2,0
S4_budget_140,S4_budget_140_P021_SB1.0,A:alpha=1.0;C:alpha=1.0;G:alpha=1.4;J:alpha=1.0,targeted_subsidy_1.0,0.5,1,1,3,0.86,0.669455,0.0,-324565.95,-0.008849,0,0,0,2,0
S4_budget_140,S4_budget_140_P021_SB1.0,A:alpha=1.0;C:alpha=1.0;G:alpha=1.4;J:alpha=1.0,targeted_subsidy_1.0,0.7,1,1,3,0.86,0.669455,0.0,-324565.95,-0.008849,0,0,0,2,0
S4_budget_140,S4_budget_140_P021_SB1.0,A:alpha=1.0;C:alpha=1.0;G:alpha=1.4;J:alpha=1.0,targeted_subsidy_1.0,1.0,1,1,3,0.86,0.669455,0.0,-324565.95,-0.008849,0,0,0,2,0
S4_budget_140,S4_budget_140_P022_SB1.0,A:alpha=1.0;C:alpha=1.0;G:alpha=1.5;J:alpha=1.0,targeted_subsidy_1.0,0.2,1,1,3,0.86,0.669464,0.0,-102858.32,-0.002804,0,0,0,2,0
S4_budget_140,S4_budget_140_P022_SB1.0,A:alpha=1.0;C:alpha=1.0;G:alpha=1.5;J:alpha=1.0,targeted_subsidy_1.0,0.3,1,1,3,0.86,0.669464,0.0,-102858.32,-0.002804,0,0,0,2,0
S4_budget_140,S4_budget_140_P022_SB1.0,A:alpha=1.0;C:alpha=1.0;G:alpha=1.5;J:alpha=1.0,targeted_subsidy_1.0,0.5,1,1,3,0.86,0.669464,0.0,-102858.32,-0.002804,0,0,0,2,0
S4_budget_140,S4_budget_140_P022_SB1.0,A:alpha=1.0;C:alpha=1.0;G:alpha=1.5;J:alpha=1.0,targeted_subsidy_1.0,0.7,1,1,3,0.86,0.669464,0.0,-102858.32,-0.002804,0,0,0,2,0
S4_budget_140,S4_budget_140_P022_SB1.0,A:alpha=1.0;C:alpha=1.0;G:alpha=1.5;J:alpha=1.0,targeted_subsidy_1.0,1.0,1,1,3,0.86,0.669464,0.0,-102858.32,-0.002804,0,0,0,2,0
S4_budget_140,S4_budget_140_P023_SB1.0,A:alpha=1.0;C:alpha=1.0;G:alpha=1.6;J:alpha=1.0,targeted_subsidy_1.0,0.2,1,1,3,0.86,0.66948,0.0,119554.91,0.00326,0,1,0,2,0
S4_budget_140,S4_budget_140_P023_SB1.0,A:alpha=1.0;C:alpha=1.0;G:alpha=1.6;J:alpha=1.0,targeted_subsidy_1.0,0.3,1,1,3,0.86,0.66948,0.0,119554.91,0.00326,0,1,0,2,0
S4_budget_140,S4_budget_140_P023_SB1.0,A:alpha=1.0;C:alpha=1.0;G:alpha=1.6;J:alpha=1.0,targeted_subsidy_1.0,0.5,1,1,3,0.86,0.66948,0.0,119554.91,0.00326,0,1,0,2,0
S4_budget_140,S4_budget_140_P023_SB1.0,A:alpha=1.0;C:alpha=1.0;G:alpha=1.6;J:alpha=1.0,targeted_subsidy_1.0,0.7,1,1,3,0.86,0.66948,0.0,119554.91,0.00326,0,1,0,2,0
S4_budget_140,S4_budget_140_P023_SB1.0,A:alpha=1.0;C:alpha=1.0;G:alpha=1.6;J:alpha=1.0,targeted_subsidy_1.0,1.0,1,1,3,0.86,0.66948,0.0,119554.91,0.00326,0,1,0,2,0
S4_budget_140,S4_budget_140_P024_SB1.0,A:alpha=1.0;C:alpha=1.0;G:alpha=1.8;J:alpha=1.0,targeted_subsidy_1.0,0.2,1,1,3,0.86,0.669525,0.0,566141.47,0.015436,0,1,0,3,0
S4_budget_140,S4_budget_140_P024_SB1.0,A:alpha=1.0;C:alpha=1.0;G:alpha=1.8;J:alpha=1.0,targeted_subsidy_1.0,0.3,1,1,3,0.86,0.669525,0.0,566141.47,0.015436,0,1,0,3,0
S4_budget_140,S4_budget_140_P024_SB1.0,A:alpha=1.0;C:alpha=1.0;G:alpha=1.8;J:alpha=1.0,targeted_subsidy_1.0,0.5,1,1,3,0.86,0.669525,0.0,566141.47,0.015436,0,1,0,3,0
S4_budget_140,S4_budget_140_P024_SB1.0,A:alpha=1.0;C:alpha=1.0;G:alpha=1.8;J:alpha=1.0,targeted_subsidy_1.0,0.7,1,1,3,0.86,0.669525,0.0,566141.47,0.015436,0,1,0,3,0
S4_budget_140,S4_budget_140_P024_SB1.0,A:alpha=1.0;C:alpha=1.0;G:alpha=1.8;J:alpha=1.0,targeted_subsidy_1.0,1.0,1,1,3,0.86,0.669525,0.0,566141.47,0.015436,0,1,0,3,0
S4_budget_140,S4_budget_140_P025_SB1.0,A:alpha=1.0;C:alpha=1.0;G:alpha=2.0;J:alpha=1.0,targeted_subsidy_1.0,0.2,1,1,3,0.86,0.669569,0.0,1013603.14,0.027636,0,1,0,2,0
S4_budget_140,S4_budget_140_P025_SB1.0,A:alpha=1.0;C:alpha=1.0;G:alpha=2.0;J:alpha=1.0,targeted_subsidy_1.0,0.3,1,1,3,0.86,0.669569,0.0,1013603.14,0.027636,0,1,0,2,0
S4_budget_140,S4_budget_140_P025_SB1.0,A:alpha=1.0;C:alpha=1.0;G:alpha=2.0;J:alpha=1.0,targeted_subsidy_1.0,0.5,1,1,3,0.86,0.669569,0.0,1013603.14,0.027636,0,1,0,2,0
S4_budget_140,S4_budget_140_P025_SB1.0,A:alpha=1.0;C:alpha=1.0;G:alpha=2.0;J:alpha=1.0,targeted_subsidy_1.0,0.7,1,1,3,0.86,0.669569,0.0,1013603.14,0.027636,0,1,0,2,0
S4_budget_140,S4_budget_140_P025_SB1.0,A:alpha=1.0;C:alpha=1.0;G:alpha=2.0;J:alpha=1.0,targeted_subsidy_1.0,1.0,1,1,3,0.86,0.669569,0.0,1013603.14,0.027636,0,1,0,2,0
S4_budget_140,S4_budget_140_P026_SB1.0,A:alpha=1.0;C:alpha=1.0;G:alpha=1.0;J:alpha=1.1,targeted_subsidy_1.0,0.2,0,0,30,0.90238012,0.678768,0.0,-1944047.15,-0.04932,0,0,0,0,0
S4_budget_140,S4_budget_140_P026_SB1.0,A:alpha=1.0;C:alpha=1.0;G:alpha=1.0;J:alpha=1.1,targeted_subsidy_1.0,0.3,0,0,30,0.90238012,0.866436,0.801853,1876246.73,0.041794,0,1,0,1,0
S4_budget_140,S4_budget_140_P026_SB1.0,A:alpha=1.0;C:alpha=1.0;G:alpha=1.0;J:alpha=1.1,targeted_subsidy_1.0,0.5,0,0,30,0.90238012,0.856552,0.782257,1249360.62,0.027526,0,1,0,1,0
S4_budget_140,S4_budget_140_P026_SB1.0,A:alpha=1.0;C:alpha=1.0;G:alpha=1.0;J:alpha=1.1,targeted_subsidy_1.0,0.7,0,0,30,0.90238012,0.856678,0.781891,1405950.43,0.031318,0,1,0,1,0
S4_budget_140,S4_budget_140_P026_SB1.0,A:alpha=1.0;C:alpha=1.0;G:alpha=1.0;J:alpha=1.1,targeted_subsidy_1.0,1.0,0,0,30,0.90238012,0.866436,0.801853,1876246.73,0.041794,0,1,0,1,0
S4_budget_140,S4_budget_140_P027_SB1.0,A:alpha=1.0;C:alpha=1.0;G:alpha=1.0;J:alpha=1.2,targeted_subsidy_1.0,0.2,0,0,30,0.80495702,0.79642,0.459411,50572.18,0.001138,0,1,0,2,0
S4_budget_140,S4_budget_140_P027_SB1.0,A:alpha=1.0;C:alpha=1.0;G:alpha=1.0;J:alpha=1.2,targeted_subsidy_1.0,0.3,0,0,30,0.80495702,0.79642,0.459411,50572.18,0.001138,0,1,0,2,0
S4_budget_140,S4_budget_140_P027_SB1.0,A:alpha=1.0;C:alpha=1.0;G:alpha=1.0;J:alpha=1.2,targeted_subsidy_1.0,0.5,0,0,30,0.80495702,0.79642,0.459411,50572.18,0.001138,0,1,0,2,0
S4_budget_140,S4_budget_140_P027_SB1.0,A:alpha=1.0;C:alpha=1.0;G:alpha=1.0;J:alpha=1.2,targeted_subsidy_1.0,0.7,0,0,30,0.80495702,0.79642,0.459411,50572.18,0.001138,0,1,0,2,0
S4_budget_140,S4_budget_140_P027_SB1.0,A:alpha=1.0;C:alpha=1.0;G:alpha=1.0;J:alpha=1.2,targeted_subsidy_1.0,1.0,0,0,30,0.80495702,0.79642,0.459411,50572.18,0.001138,0,1,0,2,0
S4_budget_140,S4_budget_140_P028_SB1.0,A:alpha=1.0;C:alpha=1.0;G:alpha=1.0;J:alpha=1.3,targeted_subsidy_1.0,0.2,0,0,30,0.80513558,0.796442,0.459411,874351.51,0.019732,0,1,0,1,0
S4_budget_140,S4_budget_140_P028_SB1.0,A:alpha=1.0;C:alpha=1.0;G:alpha=1.0;J:alpha=1.3,targeted_subsidy_1.0,0.3,0,0,30,0.80513558,0.796442,0.459411,874351.51,0.019732,0,1,0,1,0
S4_budget_140,S4_budget_140_P028_SB1.0,A:alpha=1.0;C:alpha=1.0;G:alpha=1.0;J:alpha=1.3,targeted_subsidy_1.0,0.5,0,0,30,0.80513558,0.796442,0.459411,874351.51,0.019732,0,1,0,1,0
S4_budget_140,S4_budget_140_P028_SB1.0,A:alpha=1.0;C:alpha=1.0;G:alpha=1.0;J:alpha=1.3,targeted_subsidy_1.0,0.7,0,0,30,0.80513558,0.796442,0.459411,874351.51,0.019732,0,1,0,1,0
S4_budget_140,S4_budget_140_P028_SB1.0,A:alpha=1.0;C:alpha=1.0;G:alpha=1.0;J:alpha=1.3,targeted_subsidy_1.0,1.0,0,0,30,0.80513558,0.796442,0.459411,874351.51,0.019732,0,1,0,1,0
S4_budget_140,S4_budget_140_P029_SB1.0,A:alpha=1.0;C:alpha=1.0;G:alpha=1.0;J:alpha=1.4,targeted_subsidy_1.0,0.2,0,0,30,0.80529832,0.796463,0.459411,1681795.61,0.03804,0,1,0,1,0
S4_budget_140,S4_budget_140_P029_SB1.0,A:alpha=1.0;C:alpha=1.0;G:alpha=1.0;J:alpha=1.4,targeted_subsidy_1.0,0.3,0,0,30,0.80529832,0.796463,0.459411,1681795.61,0.03804,0,1,0,1,0
S4_budget_140,S4_budget_140_P029_SB1.0,A:alpha=1.0;C:alpha=1.0;G:alpha=1.0;J:alpha=1.4,targeted_subsidy_1.0,0.5,0,0,30,0.80529832,0.796463,0.459411,1681795.61,0.03804,0,1,0,1,0
S4_budget_140,S4_budget_140_P029_SB1.0,A:alpha=1.0;C:alpha=1.0;G:alpha=1.0;J:alpha=1.4,targeted_subsidy_1.0,0.7,0,0,30,0.80529832,0.796463,0.459411,1681795.61,0.03804,0,1,0,1,0
S4_budget_140,S4_budget_140_P029_SB1.0,A:alpha=1.0;C:alpha=1.0;G:alpha=1.0;J:alpha=1.4,targeted_subsidy_1.0,1.0,0,0,30,0.80529832,0.796463,0.459411,1681795.61,0.03804,0,1,0,1,0
S4_budget_140,S4_budget_140_P030_SB1.0,A:alpha=1.0;C:alpha=1.0;G:alpha=1.0;J:alpha=1.5,targeted_subsidy_1.0,0.2,0,0,30,0.80544726,0.796483,0.459411,2476274.65,0.056119,0,1,0,1,0
S4_budget_140,S4_budget_140_P030_SB1.0,A:alpha=1.0;C:alpha=1.0;G:alpha=1.0;J:alpha=1.5,targeted_subsidy_1.0,0.3,0,0,30,0.80544726,0.796483,0.459411,2476274.65,0.056119,0,1,0,1,0
S4_budget_140,S4_budget_140_P030_SB1.0,A:alpha=1.0;C:alpha=1.0;G:alpha=1.0;J:alpha=1.5,targeted_subsidy_1.0,0.5,0,0,30,0.80544726,0.796483,0.459411,2476274.65,0.056119,0,1,0,1,0
S4_budget_140,S4_budget_140_P030_SB1.0,A:alpha=1.0;C:alpha=1.0;G:alpha=1.0;J:alpha=1.5,targeted_subsidy_1.0,0.7,0,0,30,0.80544726,0.796483,0.459411,2476274.65,0.056119,0,1,0,1,0
S4_budget_140,S4_budget_140_P030_SB1.0,A:alpha=1.0;C:alpha=1.0;G:alpha=1.0;J:alpha=1.5,targeted_subsidy_1.0,1.0,0,0,30,0.80544726,0.796483,0.459411,2476274.65,0.056119,0,1,0,1,0
S4_budget_140,S4_budget_140_P031_SB1.0,A:alpha=1.0;C:alpha=1.0;G:alpha=1.0;J:alpha=1.6,targeted_subsidy_1.0,0.2,0,0,30,0.80558408,0.796501,0.459411,3260292.22,0.074012,0,1,0,1,0
S4_budget_140,S4_budget_140_P031_SB1.0,A:alpha=1.0;C:alpha=1.0;G:alpha=1.0;J:alpha=1.6,targeted_subsidy_1.0,0.3,0,0,30,0.80558408,0.796501,0.459411,3260292.22,0.074012,0,1,0,1,0
S4_budget_140,S4_budget_140_P031_SB1.0,A:alpha=1.0;C:alpha=1.0;G:alpha=1.0;J:alpha=1.6,targeted_subsidy_1.0,0.5,0,0,30,0.80558408,0.796501,0.459411,3260292.22,0.074012,0,1,0,1,0
S4_budget_140,S4_budget_140_P031_SB1.0,A:alpha=1.0;C:alpha=1.0;G:alpha=1.0;J:alpha=1.6,targeted_subsidy_1.0,0.7,0,0,30,0.80558408,0.796501,0.459411,3260292.22,0.074012,0,1,0,1,0
S4_budget_140,S4_budget_140_P031_SB1.0,A:alpha=1.0;C:alpha=1.0;G:alpha=1.0;J:alpha=1.6,targeted_subsidy_1.0,1.0,0,0,30,0.80558408,0.796501,0.459411,3260292.22,0.074012,0,1,0,1,0
S4_budget_140,S4_budget_140_P032_SB1.0,A:alpha=1.0;C:alpha=1.0;G:alpha=1.0;J:alpha=1.8,targeted_subsidy_1.0,0.2,0,0,30,0.80600889,0.796534,0.459411,4749992.82,0.108304,0,0,0,1,0
S4_budget_140,S4_budget_140_P032_SB1.0,A:alpha=1.0;C:alpha=1.0;G:alpha=1.0;J:alpha=1.8,targeted_subsidy_1.0,0.3,0,0,30,0.80600889,0.796534,0.459411,4749992.82,0.108304,0,0,0,1,0
S4_budget_140,S4_budget_140_P032_SB1.0,A:alpha=1.0;C:alpha=1.0;G:alpha=1.0;J:alpha=1.8,targeted_subsidy_1.0,0.5,0,0,30,0.80600889,0.796534,0.459411,4749992.82,0.108304,0,0,0,1,0
S4_budget_140,S4_budget_140_P032_SB1.0,A:alpha=1.0;C:alpha=1.0;G:alpha=1.0;J:alpha=1.8,targeted_subsidy_1.0,0.7,0,0,30,0.80600889,0.796534,0.459411,4749992.82,0.108304,0,0,0,1,0
S4_budget_140,S4_budget_140_P032_SB1.0,A:alpha=1.0;C:alpha=1.0;G:alpha=1.0;J:alpha=1.8,targeted_subsidy_1.0,1.0,0,0,30,0.80600889,0.796534,0.459411,4749992.82,0.108304,0,0,0,1,0
S4_budget_140,S4_budget_140_P033_SB1.0,A:alpha=1.0;C:alpha=1.0;G:alpha=1.0;J:alpha=2.0,targeted_subsidy_1.0,0.2,0,0,30,0.80666678,0.796601,0.459411,6123155.96,0.140375,0,0,0,1,0
S4_budget_140,S4_budget_140_P033_SB1.0,A:alpha=1.0;C:alpha=1.0;G:alpha=1.0;J:alpha=2.0,targeted_subsidy_1.0,0.3,0,0,30,0.80666678,0.796601,0.459411,6123155.96,0.140375,0,0,0,1,0
S4_budget_140,S4_budget_140_P033_SB1.0,A:alpha=1.0;C:alpha=1.0;G:alpha=1.0;J:alpha=2.0,targeted_subsidy_1.0,0.5,0,0,30,0.80666678,0.796601,0.459411,6123155.96,0.140375,0,0,0,1,0
S4_budget_140,S4_budget_140_P033_SB1.0,A:alpha=1.0;C:alpha=1.0;G:alpha=1.0;J:alpha=2.0,targeted_subsidy_1.0,0.7,0,0,30,0.80666678,0.796601,0.459411,6123155.96,0.140375,0,0,0,1,0
S4_budget_140,S4_budget_140_P033_SB1.0,A:alpha=1.0;C:alpha=1.0;G:alpha=1.0;J:alpha=2.0,targeted_subsidy_1.0,1.0,0,0,30,0.80666678,0.796601,0.459411,6123155.96,0.140375,0,0,0,1,0
S4_budget_140,S4_budget_140_P034_SB1.0,A:alpha=1.1;C:alpha=1.1;G:alpha=1.0;J:alpha=1.0,targeted_subsidy_1.0,0.2,1,1,4,0.07383501,0.847766,0.740912,510272.49,0.011148,0,1,0,3,0
S4_budget_140,S4_budget_140_P034_SB1.0,A:alpha=1.1;C:alpha=1.1;G:alpha=1.0;J:alpha=1.0,targeted_subsidy_1.0,0.3,1,1,4,0.07383501,0.847766,0.740912,510272.49,0.011148,0,1,0,3,0
S4_budget_140,S4_budget_140_P034_SB1.0,A:alpha=1.1;C:alpha=1.1;G:alpha=1.0;J:alpha=1.0,targeted_subsidy_1.0,0.5,1,1,4,0.07383501,0.847766,0.740912,510272.49,0.011148,0,1,0,3,0
S4_budget_140,S4_budget_140_P034_SB1.0,A:alpha=1.1;C:alpha=1.1;G:alpha=1.0;J:alpha=1.0,targeted_subsidy_1.0,0.7,1,1,4,0.07383501,0.847766,0.740912,510272.49,0.011148,0,1,0,3,0
S4_budget_140,S4_budget_140_P034_SB1.0,A:alpha=1.1;C:alpha=1.1;G:alpha=1.0;J:alpha=1.0,targeted_subsidy_1.0,1.0,1,1,4,0.07383501,0.847766,0.740912,510272.49,0.011148,0,1,0,3,0
S4_budget_140,S4_budget_140_P035_SB1.0,A:alpha=1.1;C:alpha=1.2;G:alpha=1.0;J:alpha=1.0,targeted_subsidy_1.0,0.2,0,0,30,0.23023967,0.737542,0.120948,-857296.8,-0.021081,0,0,0,2,0
S4_budget_140,S4_budget_140_P035_SB1.0,A:alpha=1.1;C:alpha=1.2;G:alpha=1.0;J:alpha=1.0,targeted_subsidy_1.0,0.3,0,0,30,0.23023967,0.737542,0.120948,-857296.8,-0.021081,0,0,0,2,0
S4_budget_140,S4_budget_140_P035_SB1.0,A:alpha=1.1;C:alpha=1.2;G:alpha=1.0;J:alpha=1.0,targeted_subsidy_1.0,0.5,0,0,30,0.23023967,0.737542,0.120948,-857296.8,-0.021081,0,0,0,2,0
S4_budget_140,S4_budget_140_P035_SB1.0,A:alpha=1.1;C:alpha=1.2;G:alpha=1.0;J:alpha=1.0,targeted_subsidy_1.0,0.7,0,0,30,0.23023967,0.820233,0.710712,-238506.27,-0.005192,0,0,0,1,0
S4_budget_140,S4_budget_140_P035_SB1.0,A:alpha=1.1;C:alpha=1.2;G:alpha=1.0;J:alpha=1.0,targeted_subsidy_1.0,1.0,0,0,30,0.23023967,0.820233,0.710712,-238506.27,-0.005192,0,0,0,1,0
S4_budget_140,S4_budget_140_P036_SB1.0,A:alpha=1.1;C:alpha=1.3;G:alpha=1.0;J:alpha=1.0,targeted_subsidy_1.0,0.2,0,0,30,0.23007053,0.737553,0.120948,-668538.32,-0.01644,0,0,0,2,0
S4_budget_140,S4_budget_140_P036_SB1.0,A:alpha=1.1;C:alpha=1.3;G:alpha=1.0;J:alpha=1.0,targeted_subsidy_1.0,0.3,0,0,30,0.23007053,0.737553,0.120948,-668538.32,-0.01644,0,0,0,2,0
S4_budget_140,S4_budget_140_P036_SB1.0,A:alpha=1.1;C:alpha=1.3;G:alpha=1.0;J:alpha=1.0,targeted_subsidy_1.0,0.5,0,0,30,0.23007053,0.737553,0.120948,-668538.32,-0.01644,0,0,0,2,0
S4_budget_140,S4_budget_140_P036_SB1.0,A:alpha=1.1;C:alpha=1.3;G:alpha=1.0;J:alpha=1.0,targeted_subsidy_1.0,0.7,0,0,30,0.23007053,0.820265,0.710832,384418.51,0.008369,0,1,0,2,0
S4_budget_140,S4_budget_140_P036_SB1.0,A:alpha=1.1;C:alpha=1.3;G:alpha=1.0;J:alpha=1.0,targeted_subsidy_1.0,1.0,0,0,30,0.23007053,0.820265,0.710832,384418.51,0.008369,0,1,0,2,0
S4_budget_140,S4_budget_140_P037_SB1.0,A:alpha=1.1;C:alpha=1.4;G:alpha=1.0;J:alpha=1.0,targeted_subsidy_1.0,0.2,0,0,30,0.22991705,0.737562,0.120948,-479747.73,-0.011797,0,0,0,2,0
S4_budget_140,S4_budget_140_P037_SB1.0,A:alpha=1.1;C:alpha=1.4;G:alpha=1.0;J:alpha=1.0,targeted_subsidy_1.0,0.3,0,0,30,0.22991705,0.737562,0.120948,-479747.73,-0.011797,0,0,0,2,0
S4_budget_140,S4_budget_140_P037_SB1.0,A:alpha=1.1;C:alpha=1.4;G:alpha=1.0;J:alpha=1.0,targeted_subsidy_1.0,0.5,0,0,30,0.22991705,0.737562,0.120948,-479747.73,-0.011797,0,0,0,2,0
S4_budget_140,S4_budget_140_P037_SB1.0,A:alpha=1.1;C:alpha=1.4;G:alpha=1.0;J:alpha=1.0,targeted_subsidy_1.0,0.7,0,0,30,0.22991705,0.820295,0.710941,1007478.16,0.021933,0,1,0,1,0
S4_budget_140,S4_budget_140_P037_SB1.0,A:alpha=1.1;C:alpha=1.4;G:alpha=1.0;J:alpha=1.0,targeted_subsidy_1.0,1.0,0,0,30,0.22991705,0.820295,0.710941,1007478.16,0.021933,0,1,0,1,0
S4_budget_140,S4_budget_140_P038_SB1.0,A:alpha=1.1;C:alpha=1.5;G:alpha=1.0;J:alpha=1.0,targeted_subsidy_1.0,0.2,0,0,30,0.22977716,0.737571,0.120948,-290929.29,-0.007154,0,0,0,2,0
S4_budget_140,S4_budget_140_P038_SB1.0,A:alpha=1.1;C:alpha=1.5;G:alpha=1.0;J:alpha=1.0,targeted_subsidy_1.0,0.3,0,0,30,0.22977716,0.737571,0.120948,-290929.29,-0.007154,0,0,0,2,0
S4_budget_140,S4_budget_140_P038_SB1.0,A:alpha=1.1;C:alpha=1.5;G:alpha=1.0;J:alpha=1.0,targeted_subsidy_1.0,0.5,0,0,30,0.22977716,0.737571,0.120948,-290929.29,-0.007154,0,0,0,2,0
S4_budget_140,S4_budget_140_P038_SB1.0,A:alpha=1.1;C:alpha=1.5;G:alpha=1.0;J:alpha=1.0,targeted_subsidy_1.0,0.7,0,0,30,0.22977716,0.820323,0.711041,1630656.83,0.035501,0,1,0,1,0
S4_budget_140,S4_budget_140_P038_SB1.0,A:alpha=1.1;C:alpha=1.5;G:alpha=1.0;J:alpha=1.0,targeted_subsidy_1.0,1.0,0,0,30,0.22977716,0.820323,0.711041,1630656.83,0.035501,0,1,0,1,0
S4_budget_140,S4_budget_140_P039_SB1.0,A:alpha=1.1;C:alpha=1.6;G:alpha=1.0;J:alpha=1.0,targeted_subsidy_1.0,0.2,0,0,30,0.22952573,0.737587,0.120948,-101405.27,-0.002494,0,0,0,2,0
S4_budget_140,S4_budget_140_P039_SB1.0,A:alpha=1.1;C:alpha=1.6;G:alpha=1.0;J:alpha=1.0,targeted_subsidy_1.0,0.3,0,0,30,0.22952573,0.737587,0.120948,-101405.27,-0.002494,0,0,0,2,0
S4_budget_140,S4_budget_140_P039_SB1.0,A:alpha=1.1;C:alpha=1.6;G:alpha=1.0;J:alpha=1.0,targeted_subsidy_1.0,0.5,0,0,30,0.22952573,0.737587,0.120948,-101405.27,-0.002494,0,0,0,2,0
S4_budget_140,S4_budget_140_P039_SB1.0,A:alpha=1.1;C:alpha=1.6;G:alpha=1.0;J:alpha=1.0,targeted_subsidy_1.0,0.7,0,0,30,0.22952573,0.820354,0.71122,2254294.85,0.049078,0,1,0,1,0
S4_budget_140,S4_budget_140_P039_SB1.0,A:alpha=1.1;C:alpha=1.6;G:alpha=1.0;J:alpha=1.0,targeted_subsidy_1.0,1.0,0,0,30,0.22952573,0.820354,0.71122,2254294.85,0.049078,0,1,0,1,0
S4_budget_140,S4_budget_140_P040_SB1.0,A:alpha=1.1;C:alpha=1.8;G:alpha=1.0;J:alpha=1.0,targeted_subsidy_1.0,0.2,0,0,30,0.22881577,0.737632,0.120948,279402.88,0.006871,0,1,0,2,0
S4_budget_140,S4_budget_140_P040_SB1.0,A:alpha=1.1;C:alpha=1.8;G:alpha=1.0;J:alpha=1.0,targeted_subsidy_1.0,0.3,0,0,30,0.22881577,0.737632,0.120948,279402.88,0.006871,0,1,0,2,0
S4_budget_140,S4_budget_140_P040_SB1.0,A:alpha=1.1;C:alpha=1.8;G:alpha=1.0;J:alpha=1.0,targeted_subsidy_1.0,0.5,0,0,30,0.22881577,0.737632,0.120948,279402.88,0.006871,0,1,0,2,0
S4_budget_140,S4_budget_140_P040_SB1.0,A:alpha=1.1;C:alpha=1.8;G:alpha=1.0;J:alpha=1.0,targeted_subsidy_1.0,0.7,0,0,30,0.22881577,0.820421,0.711725,3502740.6,0.076257,0,1,0,1,0
S4_budget_140,S4_budget_140_P040_SB1.0,A:alpha=1.1;C:alpha=1.8;G:alpha=1.0;J:alpha=1.0,targeted_subsidy_1.0,1.0,0,0,30,0.22881577,0.820421,0.711725,3502740.6,0.076257,0,1,0,1,0
S4_budget_140,S4_budget_140_P041_SB1.0,A:alpha=1.1;C:alpha=2.0;G:alpha=1.0;J:alpha=1.0,targeted_subsidy_1.0,0.2,0,0,30,0.22811111,0.737677,0.120948,661086.13,0.016256,0,1,0,2,0
S4_budget_140,S4_budget_140_P041_SB1.0,A:alpha=1.1;C:alpha=2.0;G:alpha=1.0;J:alpha=1.0,targeted_subsidy_1.0,0.3,0,0,30,0.22811111,0.737677,0.120948,661086.13,0.016256,0,1,0,2,0
S4_budget_140,S4_budget_140_P041_SB1.0,A:alpha=1.1;C:alpha=2.0;G:alpha=1.0;J:alpha=1.0,targeted_subsidy_1.0,0.5,0,0,30,0.22811111,0.737677,0.120948,661086.13,0.016256,0,1,0,2,0
S4_budget_140,S4_budget_140_P041_SB1.0,A:alpha=1.1;C:alpha=2.0;G:alpha=1.0;J:alpha=1.0,targeted_subsidy_1.0,0.7,0,0,30,0.22811111,0.820483,0.712227,4751935.38,0.103453,0,0,0,1,0
S4_budget_140,S4_budget_140_P041_SB1.0,A:alpha=1.1;C:alpha=2.0;G:alpha=1.0;J:alpha=1.0,targeted_subsidy_1.0,1.0,0,0,30,0.22811111,0.820483,0.712227,4751935.38,0.103453,0,0,0,1,0
S4_budget_140,S4_budget_140_P042_SB1.0,A:alpha=1.2;C:alpha=1.1;G:alpha=1.0;J:alpha=1.0,targeted_subsidy_1.0,0.2,0,0,30,0.23187443,0.849786,0.781773,508578.23,0.011146,0,1,0,1,0
S4_budget_140,S4_budget_140_P042_SB1.0,A:alpha=1.2;C:alpha=1.1;G:alpha=1.0;J:alpha=1.0,targeted_subsidy_1.0,0.3,0,0,30,0.23187443,0.849786,0.781773,508578.23,0.011146,0,1,0,1,0
S4_budget_140,S4_budget_140_P042_SB1.0,A:alpha=1.2;C:alpha=1.1;G:alpha=1.0;J:alpha=1.0,targeted_subsidy_1.0,0.5,0,0,30,0.23187443,0.846377,0.727656,811111.52,0.01772,0,1,0,3,0
S4_budget_140,S4_budget_140_P042_SB1.0,A:alpha=1.2;C:alpha=1.1;G:alpha=1.0;J:alpha=1.0,targeted_subsidy_1.0,0.7,0,0,30,0.23187443,0.82794,0.707114,-151236.42,-0.003293,0,0,0,1,0
S4_budget_140,S4_budget_140_P042_SB1.0,A:alpha=1.2;C:alpha=1.1;G:alpha=1.0;J:alpha=1.0,targeted_subsidy_1.0,1.0,0,0,30,0.23187443,0.73754,0.120948,-659090.42,-0.016207,0,0,0,2,0
S4_budget_140,S4_budget_140_P043_SB1.0,A:alpha=1.2;C:alpha=1.2;G:alpha=1.0;J:alpha=1.0,targeted_subsidy_1.0,0.2,0,0,30,0.23023967,0.727583,0.120948,-1083269.07,-0.026638,0,0,0,2,0
S4_budget_140,S4_budget_140_P043_SB1.0,A:alpha=1.2;C:alpha=1.2;G:alpha=1.0;J:alpha=1.0,targeted_subsidy_1.0,0.3,0,0,30,0.23023967,0.727583,0.120948,-1083269.07,-0.026638,0,0,0,2,0
S4_budget_140,S4_budget_140_P043_SB1.0,A:alpha=1.2;C:alpha=1.2;G:alpha=1.0;J:alpha=1.0,targeted_subsidy_1.0,0.5,0,0,30,0.23023967,0.810274,0.64549,-464478.53,-0.010112,0,0,0,1,0
S4_budget_140,S4_budget_140_P043_SB1.0,A:alpha=1.2;C:alpha=1.2;G:alpha=1.0;J:alpha=1.0,targeted_subsidy_1.0,0.7,0,0,30,0.23023967,0.810274,0.64549,-464478.53,-0.010112,0,0,0,1,0
S4_budget_140,S4_budget_140_P043_SB1.0,A:alpha=1.2;C:alpha=1.2;G:alpha=1.0;J:alpha=1.0,targeted_subsidy_1.0,1.0,0,0,30,0.23023967,0.810274,0.64549,-464478.53,-0.010112,0,0,0,1,0
S4_budget_140,S4_budget_140_P044_SB1.0,A:alpha=1.2;C:alpha=1.3;G:alpha=1.0;J:alpha=1.0,targeted_subsidy_1.0,0.2,0,0,30,0.23007053,0.727593,0.120948,-894510.58,-0.021996,0,0,0,2,0
S4_budget_140,S4_budget_140_P044_SB1.0,A:alpha=1.2;C:alpha=1.3;G:alpha=1.0;J:alpha=1.0,targeted_subsidy_1.0,0.3,0,0,30,0.23007053,0.727593,0.120948,-894510.58,-0.021996,0,0,0,2,0
S4_budget_140,S4_budget_140_P044_SB1.0,A:alpha=1.2;C:alpha=1.3;G:alpha=1.0;J:alpha=1.0,targeted_subsidy_1.0,0.5,0,0,30,0.23007053,0.810306,0.64549,158446.25,0.003449,0,1,0,2,0
S4_budget_140,S4_budget_140_P044_SB1.0,A:alpha=1.2;C:alpha=1.3;G:alpha=1.0;J:alpha=1.0,targeted_subsidy_1.0,0.7,0,0,30,0.23007053,0.810306,0.64549,158446.25,0.003449,0,1,0,2,0
S4_budget_140,S4_budget_140_P044_SB1.0,A:alpha=1.2;C:alpha=1.3;G:alpha=1.0;J:alpha=1.0,targeted_subsidy_1.0,1.0,0,0,30,0.23007053,0.810306,0.64549,158446.25,0.003449,0,1,0,2,0
S4_budget_140,S4_budget_140_P045_SB1.0,A:alpha=1.2;C:alpha=1.4;G:alpha=1.0;J:alpha=1.0,targeted_subsidy_1.0,0.2,0,0,30,0.22991705,0.727603,0.120948,-705719.99,-0.017354,0,0,0,2,0
S4_budget_140,S4_budget_140_P045_SB1.0,A:alpha=1.2;C:alpha=1.4;G:alpha=1.0;J:alpha=1.0,targeted_subsidy_1.0,0.3,0,0,30,0.22991705,0.727603,0.120948,-705719.99,-0.017354,0,0,0,2,0
S4_budget_140,S4_budget_140_P045_SB1.0,A:alpha=1.2;C:alpha=1.4;G:alpha=1.0;J:alpha=1.0,targeted_subsidy_1.0,0.5,0,0,30,0.22991705,0.810336,0.64549,781505.89,0.017014,0,1,0,1,0
S4_budget_140,S4_budget_140_P045_SB1.0,A:alpha=1.2;C:alpha=1.4;G:alpha=1.0;J:alpha=1.0,targeted_subsidy_1.0,0.7,0,0,30,0.22991705,0.810336,0.64549,781505.89,0.017014,0,1,0,1,0
S4_budget_140,S4_budget_140_P045_SB1.0,A:alpha=1.2;C:alpha=1.4;G:alpha=1.0;J:alpha=1.0,targeted_subsidy_1.0,1.0,0,0,30,0.22991705,0.810336,0.64549,781505.89,0.017014,0,1,0,1,0
S4_budget_140,S4_budget_140_P046_SB1.0,A:alpha=1.2;C:alpha=1.5;G:alpha=1.0;J:alpha=1.0,targeted_subsidy_1.0,0.2,0,0,30,0.22977716,0.727612,0.120948,-516901.56,-0.012711,0,0,0,2,0
S4_budget_140,S4_budget_140_P046_SB1.0,A:alpha=1.2;C:alpha=1.5;G:alpha=1.0;J:alpha=1.0,targeted_subsidy_1.0,0.3,0,0,30,0.22977716,0.727612,0.120948,-516901.56,-0.012711,0,0,0,2,0
S4_budget_140,S4_budget_140_P046_SB1.0,A:alpha=1.2;C:alpha=1.5;G:alpha=1.0;J:alpha=1.0,targeted_subsidy_1.0,0.5,0,0,30,0.22977716,0.810363,0.64549,1404684.56,0.030581,0,1,0,1,0
S4_budget_140,S4_budget_140_P046_SB1.0,A:alpha=1.2;C:alpha=1.5;G:alpha=1.0;J:alpha=1.0,targeted_subsidy_1.0,0.7,0,0,30,0.22977716,0.810363,0.64549,1404684.56,0.030581,0,1,0,1,0
S4_budget_140,S4_budget_140_P046_SB1.0,A:alpha=1.2;C:alpha=1.5;G:alpha=1.0;J:alpha=1.0,targeted_subsidy_1.0,1.0,0,0,30,0.22977716,0.810363,0.64549,1404684.56,0.030581,0,1,0,1,0
S4_budget_140,S4_budget_140_P047_SB1.0,A:alpha=1.2;C:alpha=1.6;G:alpha=1.0;J:alpha=1.0,targeted_subsidy_1.0,0.2,0,0,30,0.22952573,0.727628,0.120948,-327377.54,-0.00805,0,0,0,2,0
S4_budget_140,S4_budget_140_P047_SB1.0,A:alpha=1.2;C:alpha=1.6;G:alpha=1.0;J:alpha=1.0,targeted_subsidy_1.0,0.3,0,0,30,0.22952573,0.727628,0.120948,-327377.54,-0.00805,0,0,0,2,0
S4_budget_140,S4_budget_140_P047_SB1.0,A:alpha=1.2;C:alpha=1.6;G:alpha=1.0;J:alpha=1.0,targeted_subsidy_1.0,0.5,0,0,30,0.22952573,0.810394,0.64549,2028322.59,0.044158,0,1,0,1,0
S4_budget_140,S4_budget_140_P047_SB1.0,A:alpha=1.2;C:alpha=1.6;G:alpha=1.0;J:alpha=1.0,targeted_subsidy_1.0,0.7,0,0,30,0.22952573,0.810394,0.64549,2028322.59,0.044158,0,1,0,1,0
S4_budget_140,S4_budget_140_P047_SB1.0,A:alpha=1.2;C:alpha=1.6;G:alpha=1.0;J:alpha=1.0,targeted_subsidy_1.0,1.0,0,0,30,0.22952573,0.810394,0.64549,2028322.59,0.044158,0,1,0,1,0
S4_budget_140,S4_budget_140_P048_SB1.0,A:alpha=1.2;C:alpha=1.8;G:alpha=1.0;J:alpha=1.0,targeted_subsidy_1.0,0.2,0,0,30,0.22881577,0.727673,0.120948,53430.62,0.001314,0,1,0,2,0
S4_budget_140,S4_budget_140_P048_SB1.0,A:alpha=1.2;C:alpha=1.8;G:alpha=1.0;J:alpha=1.0,targeted_subsidy_1.0,0.3,0,0,30,0.22881577,0.727673,0.120948,53430.62,0.001314,0,1,0,2,0
S4_budget_140,S4_budget_140_P048_SB1.0,A:alpha=1.2;C:alpha=1.8;G:alpha=1.0;J:alpha=1.0,targeted_subsidy_1.0,0.5,0,0,30,0.22881577,0.810461,0.64549,3276768.33,0.071338,0,1,0,1,0
S4_budget_140,S4_budget_140_P048_SB1.0,A:alpha=1.2;C:alpha=1.8;G:alpha=1.0;J:alpha=1.0,targeted_subsidy_1.0,0.7,0,0,30,0.22881577,0.810461,0.64549,3276768.33,0.071338,0,1,0,1,0
S4_budget_140,S4_budget_140_P048_SB1.0,A:alpha=1.2;C:alpha=1.8;G:alpha=1.0;J:alpha=1.0,targeted_subsidy_1.0,1.0,0,0,30,0.22881577,0.810461,0.64549,3276768.33,0.071338,0,1,0,1,0
S4_budget_140,S4_budget_140_P049_SB1.0,A:alpha=1.2;C:alpha=2.0;G:alpha=1.0;J:alpha=1.0,targeted_subsidy_1.0,0.2,0,0,30,0.22811111,0.727718,0.120948,435113.87,0.0107,0,1,0,2,0
S4_budget_140,S4_budget_140_P049_SB1.0,A:alpha=1.2;C:alpha=2.0;G:alpha=1.0;J:alpha=1.0,targeted_subsidy_1.0,0.3,0,0,30,0.22811111,0.727718,0.120948,435113.87,0.0107,0,1,0,2,0
S4_budget_140,S4_budget_140_P049_SB1.0,A:alpha=1.2;C:alpha=2.0;G:alpha=1.0;J:alpha=1.0,targeted_subsidy_1.0,0.5,0,0,30,0.22811111,0.810524,0.64549,4525963.12,0.098533,0,0,0,1,0
S4_budget_140,S4_budget_140_P049_SB1.0,A:alpha=1.2;C:alpha=2.0;G:alpha=1.0;J:alpha=1.0,targeted_subsidy_1.0,0.7,0,0,30,0.22811111,0.810524,0.64549,4525963.12,0.098533,0,0,0,1,0
S4_budget_140,S4_budget_140_P049_SB1.0,A:alpha=1.2;C:alpha=2.0;G:alpha=1.0;J:alpha=1.0,targeted_subsidy_1.0,1.0,0,0,30,0.22811111,0.810524,0.64549,4525963.12,0.098533,0,0,0,1,0
S4_budget_140,S4_budget_140_P050_SB1.0,A:alpha=1.3;C:alpha=1.1;G:alpha=1.0;J:alpha=1.0,targeted_subsidy_1.0,0.2,0,0,30,0.23187443,0.849793,0.781773,580714.4,0.012727,0,1,0,1,0
S4_budget_140,S4_budget_140_P050_SB1.0,A:alpha=1.3;C:alpha=1.1;G:alpha=1.0;J:alpha=1.0,targeted_subsidy_1.0,0.3,0,0,30,0.23187443,0.849793,0.781773,580714.4,0.012727,0,1,0,1,0
S4_budget_140,S4_budget_140_P050_SB1.0,A:alpha=1.3;C:alpha=1.1;G:alpha=1.0;J:alpha=1.0,targeted_subsidy_1.0,0.5,0,0,30,0.23187443,0.846396,0.72783,1191069.55,0.026021,1,1,1,4,0
S4_budget_140,S4_budget_140_P050_SB1.0,A:alpha=1.3;C:alpha=1.1;G:alpha=1.0;J:alpha=1.0,targeted_subsidy_1.0,0.7,0,0,30,0.23187443,0.827958,0.707288,217746.38,0.00474,0,1,0,2,0
S4_budget_140,S4_budget_140_P050_SB1.0,A:alpha=1.3;C:alpha=1.1;G:alpha=1.0;J:alpha=1.0,targeted_subsidy_1.0,1.0,0,0,30,0.23187443,0.737558,0.120948,-279132.39,-0.006864,0,0,0,3,0
S4_budget_140,S4_budget_140_P051_SB1.0,A:alpha=1.3;C:alpha=1.2;G:alpha=1.0;J:alpha=1.0,targeted_subsidy_1.0,0.2,0,0,30,0.23023967,0.727601,0.120948,-747211.98,-0.018374,0,0,0,2,0
S4_budget_140,S4_budget_140_P051_SB1.0,A:alpha=1.3;C:alpha=1.2;G:alpha=1.0;J:alpha=1.0,targeted_subsidy_1.0,0.3,0,0,30,0.23023967,0.727601,0.120948,-747211.98,-0.018374,0,0,0,2,0
S4_budget_140,S4_budget_140_P051_SB1.0,A:alpha=1.3;C:alpha=1.2;G:alpha=1.0;J:alpha=1.0,targeted_subsidy_1.0,0.5,0,0,30,0.23023967,0.810292,0.645664,-128421.44,-0.002796,0,0,0,1,0
S4_budget_140,S4_budget_140_P051_SB1.0,A:alpha=1.3;C:alpha=1.2;G:alpha=1.0;J:alpha=1.0,targeted_subsidy_1.0,0.7,0,0,30,0.23023967,0.810292,0.645664,-128421.44,-0.002796,0,0,0,1,0
S4_budget_140,S4_budget_140_P051_SB1.0,A:alpha=1.3;C:alpha=1.2;G:alpha=1.0;J:alpha=1.0,targeted_subsidy_1.0,1.0,0,0,30,0.23023967,0.810292,0.645664,-128421.44,-0.002796,0,0,0,1,0
S4_budget_140,S4_budget_140_P052_SB1.0,A:alpha=1.3;C:alpha=1.3;G:alpha=1.0;J:alpha=1.0,targeted_subsidy_1.0,0.2,0,0,30,0.23007053,0.727612,0.120948,-558453.49,-0.013733,0,0,0,2,0
S4_budget_140,S4_budget_140_P052_SB1.0,A:alpha=1.3;C:alpha=1.3;G:alpha=1.0;J:alpha=1.0,targeted_subsidy_1.0,0.3,0,0,30,0.23007053,0.727612,0.120948,-558453.49,-0.013733,0,0,0,2,0
S4_budget_140,S4_budget_140_P052_SB1.0,A:alpha=1.3;C:alpha=1.3;G:alpha=1.0;J:alpha=1.0,targeted_subsidy_1.0,0.5,0,0,30,0.23007053,0.810324,0.645664,494503.34,0.010766,0,1,0,2,0
S4_budget_140,S4_budget_140_P052_SB1.0,A:alpha=1.3;C:alpha=1.3;G:alpha=1.0;J:alpha=1.0,targeted_subsidy_1.0,0.7,0,0,30,0.23007053,0.810324,0.645664,494503.34,0.010766,0,1,0,2,0
S4_budget_140,S4_budget_140_P052_SB1.0,A:alpha=1.3;C:alpha=1.3;G:alpha=1.0;J:alpha=1.0,targeted_subsidy_1.0,1.0,0,0,30,0.23007053,0.810324,0.645664,494503.34,0.010766,0,1,0,2,0
S4_budget_140,S4_budget_140_P053_SB1.0,A:alpha=1.3;C:alpha=1.4;G:alpha=1.0;J:alpha=1.0,targeted_subsidy_1.0,0.2,0,0,30,0.22991705,0.727621,0.120948,-369662.9,-0.00909,0,0,0,2,0
S4_budget_140,S4_budget_140_P053_SB1.0,A:alpha=1.3;C:alpha=1.4;G:alpha=1.0;J:alpha=1.0,targeted_subsidy_1.0,0.3,0,0,30,0.22991705,0.727621,0.120948,-369662.9,-0.00909,0,0,0,2,0
S4_budget_140,S4_budget_140_P053_SB1.0,A:alpha=1.3;C:alpha=1.4;G:alpha=1.0;J:alpha=1.0,targeted_subsidy_1.0,0.5,0,0,30,0.22991705,0.810354,0.645664,1117562.98,0.02433,0,1,0,1,0
S4_budget_140,S4_budget_140_P053_SB1.0,A:alpha=1.3;C:alpha=1.4;G:alpha=1.0;J:alpha=1.0,targeted_subsidy_1.0,0.7,0,0,30,0.22991705,0.810354,0.645664,1117562.98,0.02433,0,1,0,1,0
S4_budget_140,S4_budget_140_P053_SB1.0,A:alpha=1.3;C:alpha=1.4;G:alpha=1.0;J:alpha=1.0,targeted_subsidy_1.0,1.0,0,0,30,0.22991705,0.810354,0.645664,1117562.98,0.02433,0,1,0,1,0
S4_budget_140,S4_budget_140_P054_SB1.0,A:alpha=1.3;C:alpha=1.5;G:alpha=1.0;J:alpha=1.0,targeted_subsidy_1.0,0.2,0,0,30,0.22977716,0.72763,0.120948,-180844.47,-0.004447,0,0,0,2,0
S4_budget_140,S4_budget_140_P054_SB1.0,A:alpha=1.3;C:alpha=1.5;G:alpha=1.0;J:alpha=1.0,targeted_subsidy_1.0,0.3,0,0,30,0.22977716,0.72763,0.120948,-180844.47,-0.004447,0,0,0,2,0
S4_budget_140,S4_budget_140_P054_SB1.0,A:alpha=1.3;C:alpha=1.5;G:alpha=1.0;J:alpha=1.0,targeted_subsidy_1.0,0.5,0,0,30,0.22977716,0.810382,0.645664,1740741.65,0.037897,0,1,0,1,0
S4_budget_140,S4_budget_140_P054_SB1.0,A:alpha=1.3;C:alpha=1.5;G:alpha=1.0;J:alpha=1.0,targeted_subsidy_1.0,0.7,0,0,30,0.22977716,0.810382,0.645664,1740741.65,0.037897,0,1,0,1,0
S4_budget_140,S4_budget_140_P054_SB1.0,A:alpha=1.3;C:alpha=1.5;G:alpha=1.0;J:alpha=1.0,targeted_subsidy_1.0,1.0,0,0,30,0.22977716,0.810382,0.645664,1740741.65,0.037897,0,1,0,1,0
S4_budget_140,S4_budget_140_P055_SB1.0,A:alpha=1.3;C:alpha=1.6;G:alpha=1.0;J:alpha=1.0,targeted_subsidy_1.0,0.2,0,0,30,0.22952573,0.727646,0.120948,8679.55,0.000213,0,1,0,2,0
S4_budget_140,S4_budget_140_P055_SB1.0,A:alpha=1.3;C:alpha=1.6;G:alpha=1.0;J:alpha=1.0,targeted_subsidy_1.0,0.3,0,0,30,0.22952573,0.727646,0.120948,8679.55,0.000213,0,1,0,2,0
S4_budget_140,S4_budget_140_P055_SB1.0,A:alpha=1.3;C:alpha=1.6;G:alpha=1.0;J:alpha=1.0,targeted_subsidy_1.0,0.5,0,0,30,0.22952573,0.810412,0.645664,2364379.68,0.051474,0,1,0,1,0
S4_budget_140,S4_budget_140_P055_SB1.0,A:alpha=1.3;C:alpha=1.6;G:alpha=1.0;J:alpha=1.0,targeted_subsidy_1.0,0.7,0,0,30,0.22952573,0.810412,0.645664,2364379.68,0.051474,0,1,0,1,0
S4_budget_140,S4_budget_140_P055_SB1.0,A:alpha=1.3;C:alpha=1.6;G:alpha=1.0;J:alpha=1.0,targeted_subsidy_1.0,1.0,0,0,30,0.22952573,0.810412,0.645664,2364379.68,0.051474,0,1,0,1,0
S4_budget_140,S4_budget_140_P056_SB1.0,A:alpha=1.3;C:alpha=1.8;G:alpha=1.0;J:alpha=1.0,targeted_subsidy_1.0,0.2,0,0,30,0.22881577,0.727691,0.120948,389487.71,0.009578,0,1,0,2,0
S4_budget_140,S4_budget_140_P056_SB1.0,A:alpha=1.3;C:alpha=1.8;G:alpha=1.0;J:alpha=1.0,targeted_subsidy_1.0,0.3,0,0,30,0.22881577,0.727691,0.120948,389487.71,0.009578,0,1,0,2,0
S4_budget_140,S4_budget_140_P056_SB1.0,A:alpha=1.3;C:alpha=1.8;G:alpha=1.0;J:alpha=1.0,targeted_subsidy_1.0,0.5,0,0,30,0.22881577,0.81048,0.645664,3612825.42,0.078654,0,1,0,1,0
S4_budget_140,S4_budget_140_P056_SB1.0,A:alpha=1.3;C:alpha=1.8;G:alpha=1.0;J:alpha=1.0,targeted_subsidy_1.0,0.7,0,0,30,0.22881577,0.81048,0.645664,3612825.42,0.078654,0,1,0,1,0
S4_budget_140,S4_budget_140_P056_SB1.0,A:alpha=1.3;C:alpha=1.8;G:alpha=1.0;J:alpha=1.0,targeted_subsidy_1.0,1.0,0,0,30,0.22881577,0.81048,0.645664,3612825.42,0.078654,0,1,0,1,0
S4_budget_140,S4_budget_140_P057_SB1.0,A:alpha=1.3;C:alpha=2.0;G:alpha=1.0;J:alpha=1.0,targeted_subsidy_1.0,0.2,0,0,30,0.22811111,0.727736,0.120948,771170.96,0.018963,0,1,0,2,0
S4_budget_140,S4_budget_140_P057_SB1.0,A:alpha=1.3;C:alpha=2.0;G:alpha=1.0;J:alpha=1.0,targeted_subsidy_1.0,0.3,0,0,30,0.22811111,0.727736,0.120948,771170.96,0.018963,0,1,0,2,0
S4_budget_140,S4_budget_140_P057_SB1.0,A:alpha=1.3;C:alpha=2.0;G:alpha=1.0;J:alpha=1.0,targeted_subsidy_1.0,0.5,0,0,30,0.22811111,0.810542,0.645664,4862020.21,0.10585,0,0,0,1,0
S4_budget_140,S4_budget_140_P057_SB1.0,A:alpha=1.3;C:alpha=2.0;G:alpha=1.0;J:alpha=1.0,targeted_subsidy_1.0,0.7,0,0,30,0.22811111,0.810542,0.645664,4862020.21,0.10585,0,0,0,1,0
S4_budget_140,S4_budget_140_P057_SB1.0,A:alpha=1.3;C:alpha=2.0;G:alpha=1.0;J:alpha=1.0,targeted_subsidy_1.0,1.0,0,0,30,0.22811111,0.810542,0.645664,4862020.21,0.10585,0,0,0,1,0
S4_budget_140,S4_budget_140_P058_SB1.0,A:alpha=1.4;C:alpha=1.1;G:alpha=1.0;J:alpha=1.0,targeted_subsidy_1.0,0.2,0,0,30,0.23187443,0.849799,0.781773,652863.58,0.014308,0,1,0,1,0
S4_budget_140,S4_budget_140_P058_SB1.0,A:alpha=1.4;C:alpha=1.1;G:alpha=1.0;J:alpha=1.0,targeted_subsidy_1.0,0.3,0,0,30,0.23187443,0.849799,0.781773,652863.58,0.014308,0,1,0,1,0
S4_budget_140,S4_budget_140_P058_SB1.0,A:alpha=1.4;C:alpha=1.1;G:alpha=1.0;J:alpha=1.0,targeted_subsidy_1.0,0.5,0,0,30,0.23187443,0.846412,0.727989,1571103.8,0.034324,0,1,0,3,0
S4_budget_140,S4_budget_140_P058_SB1.0,A:alpha=1.4;C:alpha=1.1;G:alpha=1.0;J:alpha=1.0,targeted_subsidy_1.0,0.7,0,0,30,0.23187443,0.827975,0.707447,586805.4,0.012775,0,1,0,1,0
S4_budget_140,S4_budget_140_P058_SB1.0,A:alpha=1.4;C:alpha=1.1;G:alpha=1.0;J:alpha=1.0,targeted_subsidy_1.0,1.0,0,0,30,0.23187443,0.737575,0.120948,100901.86,0.002481,0,1,0,2,0
S4_budget_140,S4_budget_140_P059_SB1.0,A:alpha=1.4;C:alpha=1.2;G:alpha=1.0;J:alpha=1.0,targeted_subsidy_1.0,0.2,0,0,30,0.23023967,0.727617,0.120948,-411078.67,-0.010109,0,0,0,3,0
S4_budget_140,S4_budget_140_P059_SB1.0,A:alpha=1.4;C:alpha=1.2;G:alpha=1.0;J:alpha=1.0,targeted_subsidy_1.0,0.3,0,0,30,0.23023967,0.727617,0.120948,-411078.67,-0.010109,0,0,0,3,0
S4_budget_140,S4_budget_140_P059_SB1.0,A:alpha=1.4;C:alpha=1.2;G:alpha=1.0;J:alpha=1.0,targeted_subsidy_1.0,0.5,0,0,30,0.23023967,0.810308,0.645824,207711.87,0.004522,0,1,0,2,0
S4_budget_140,S4_budget_140_P059_SB1.0,A:alpha=1.4;C:alpha=1.2;G:alpha=1.0;J:alpha=1.0,targeted_subsidy_1.0,0.7,0,0,30,0.23023967,0.810308,0.645824,207711.87,0.004522,0,1,0,2,0
S4_budget_140,S4_budget_140_P059_SB1.0,A:alpha=1.4;C:alpha=1.2;G:alpha=1.0;J:alpha=1.0,targeted_subsidy_1.0,1.0,0,0,30,0.23023967,0.810308,0.645824,207711.87,0.004522,0,1,0,2,0
S4_budget_140,S4_budget_140_P060_SB1.0,A:alpha=1.4;C:alpha=1.3;G:alpha=1.0;J:alpha=1.0,targeted_subsidy_1.0,0.2,0,0,30,0.23007053,0.727628,0.120948,-222320.18,-0.005467,0,0,0,3,0
S4_budget_140,S4_budget_140_P060_SB1.0,A:alpha=1.4;C:alpha=1.3;G:alpha=1.0;J:alpha=1.0,targeted_subsidy_1.0,0.3,0,0,30,0.23007053,0.727628,0.120948,-222320.18,-0.005467,0,0,0,3,0
S4_budget_140,S4_budget_140_P060_SB1.0,A:alpha=1.4;C:alpha=1.3;G:alpha=1.0;J:alpha=1.0,targeted_subsidy_1.0,0.5,0,0,30,0.23007053,0.810341,0.645824,830636.65,0.018084,0,1,0,3,0
S4_budget_140,S4_budget_140_P060_SB1.0,A:alpha=1.4;C:alpha=1.3;G:alpha=1.0;J:alpha=1.0,targeted_subsidy_1.0,0.7,0,0,30,0.23007053,0.810341,0.645824,830636.65,0.018084,0,1,0,3,0
S4_budget_140,S4_budget_140_P060_SB1.0,A:alpha=1.4;C:alpha=1.3;G:alpha=1.0;J:alpha=1.0,targeted_subsidy_1.0,1.0,0,0,30,0.23007053,0.810341,0.645824,830636.65,0.018084,0,1,0,3,0
S4_budget_140,S4_budget_140_P001_SB2.0,A:alpha=1.0;C:alpha=1.0;G:alpha=1.0;J:alpha=1.0,targeted_subsidy_2.0,0.2,0,0,30,0.17279745,0.853475,0.782211,-300618.51,-0.006469,0,0,0,2,0
S4_budget_140,S4_budget_140_P001_SB2.0,A:alpha=1.0;C:alpha=1.0;G:alpha=1.0;J:alpha=1.0,targeted_subsidy_2.0,0.3,0,0,30,0.17279745,0.853475,0.782211,-300618.51,-0.006469,0,0,0,2,0
S4_budget_140,S4_budget_140_P001_SB2.0,A:alpha=1.0;C:alpha=1.0;G:alpha=1.0;J:alpha=1.0,targeted_subsidy_2.0,0.5,0,0,30,0.17279745,0.853475,0.782211,-300618.51,-0.006469,0,0,0,2,0
S4_budget_140,S4_budget_140_P001_SB2.0,A:alpha=1.0;C:alpha=1.0;G:alpha=1.0;J:alpha=1.0,targeted_subsidy_2.0,0.7,0,0,30,0.17279745,0.880372,0.782005,1223641.81,0.02633,0,1,0,3,0
S4_budget_140,S4_budget_140_P001_SB2.0,A:alpha=1.0;C:alpha=1.0;G:alpha=1.0;J:alpha=1.0,targeted_subsidy_2.0,1.0,0,0,30,0.17279745,0.860016,0.782005,-25804.35,-0.000555,0,0,0,2,0
S4_budget_140,S4_budget_140_P002_SB2.0,A:alpha=1.1;C:alpha=1.0;G:alpha=1.0;J:alpha=1.0,targeted_subsidy_2.0,0.2,0,0,30,0.12426268,0.825943,0.777958,-1901515.01,-0.040917,0,0,0,1,0
S4_budget_140,S4_budget_140_P002_SB2.0,A:alpha=1.1;C:alpha=1.0;G:alpha=1.0;J:alpha=1.0,targeted_subsidy_2.0,0.3,0,0,30,0.12426268,0.825943,0.777958,-1901515.01,-0.040917,0,0,0,1,0
S4_budget_140,S4_budget_140_P002_SB2.0,A:alpha=1.1;C:alpha=1.0;G:alpha=1.0;J:alpha=1.0,targeted_subsidy_2.0,0.5,0,0,30,0.12426268,0.857991,0.781876,378524.63,0.008166,0,1,0,2,0
S4_budget_140,S4_budget_140_P002_SB2.0,A:alpha=1.1;C:alpha=1.0;G:alpha=1.0;J:alpha=1.0,targeted_subsidy_2.0,0.7,0,0,30,0.12426268,0.857991,0.781876,378524.63,0.008166,0,1,0,2,0
S4_budget_140,S4_budget_140_P002_SB2.0,A:alpha=1.1;C:alpha=1.0;G:alpha=1.0;J:alpha=1.0,targeted_subsidy_2.0,1.0,0,0,30,0.12426268,0.860163,0.804742,642433.38,0.013904,0,1,0,1,0
S4_budget_140,S4_budget_140_P003_SB2.0,A:alpha=1.2;C:alpha=1.0;G:alpha=1.0;J:alpha=1.0,targeted_subsidy_2.0,0.2,0,0,30,0.14080248,0.838218,0.745938,-990707.5,-0.021318,0,0,0,2,0
S4_budget_140,S4_budget_140_P003_SB2.0,A:alpha=1.2;C:alpha=1.0;G:alpha=1.0;J:alpha=1.0,targeted_subsidy_2.0,0.3,0,0,30,0.14080248,0.840996,0.723559,-334748.07,-0.007203,0,0,0,2,0
S4_budget_140,S4_budget_140_P003_SB2.0,A:alpha=1.2;C:alpha=1.0;G:alpha=1.0;J:alpha=1.0,targeted_subsidy_2.0,0.5,0,0,30,0.14080248,0.840996,0.723559,-334748.07,-0.007203,0,0,0,2,0
S4_budget_140,S4_budget_140_P003_SB2.0,A:alpha=1.2;C:alpha=1.0;G:alpha=1.0;J:alpha=1.0,targeted_subsidy_2.0,0.7,0,0,30,0.14080248,0.842901,0.741884,-225143.21,-0.004845,0,0,0,2,0
S4_budget_140,S4_budget_140_P003_SB2.0,A:alpha=1.2;C:alpha=1.0;G:alpha=1.0;J:alpha=1.0,targeted_subsidy_2.0,1.0,0,0,30,0.14080248,0.844144,0.727576,-42580.96,-0.000916,0,0,0,1,0
S4_budget_140,S4_budget_140_P004_SB2.0,A:alpha=1.3;C:alpha=1.0;G:alpha=1.0;J:alpha=1.0,targeted_subsidy_2.0,0.2,0,0,30,0.14080248,0.838228,0.746033,-874376.2,-0.018815,0,0,0,2,0
S4_budget_140,S4_budget_140_P004_SB2.0,A:alpha=1.3;C:alpha=1.0;G:alpha=1.0;J:alpha=1.0,targeted_subsidy_2.0,0.3,0,0,30,0.14080248,0.841012,0.723719,-27672.4,-0.000595,0,0,0,3,0
S4_budget_140,S4_budget_140_P004_SB2.0,A:alpha=1.3;C:alpha=1.0;G:alpha=1.0;J:alpha=1.0,targeted_subsidy_2.0,0.5,0,0,30,0.14080248,0.841012,0.723719,-27672.4,-0.000595,0,0,0,3,0
S4_budget_140,S4_budget_140_P004_SB2.0,A:alpha=1.3;C:alpha=1.0;G:alpha=1.0;J:alpha=1.0,targeted_subsidy_2.0,0.7,0,0,30,0.14080248,0.842917,0.742044,91066.2,0.00196,0,1,0,3,0
S4_budget_140,S4_budget_140_P004_SB2.0,A:alpha=1.3;C:alpha=1.0;G:alpha=1.0;J:alpha=1.0,targeted_subsidy_2.0,1.0,0,0,30,0.14080248,0.844162,0.727755,340792.04,0.007333,0,1,0,2,0
S4_budget_140,S4_budget_140_P005_SB2.0,A:alpha=1.4;C:alpha=1.0;G:alpha=1.0;J:alpha=1.0,targeted_subsidy_2.0,0.2,0,0,30,0.14080248,0.838237,0.74612,-758023.51,-0.016311,0,0,0,2,0
S4_budget_140,S4_budget_140_P005_SB2.0,A:alpha=1.4;C:alpha=1.0;G:alpha=1.0;J:alpha=1.0,targeted_subsidy_2.0,0.3,0,0,30,0.14080248,0.841027,0.723865,279467.26,0.006014,0,1,0,2,0
S4_budget_140,S4_budget_140_P005_SB2.0,A:alpha=1.4;C:alpha=1.0;G:alpha=1.0;J:alpha=1.0,targeted_subsidy_2.0,0.5,0,0,30,0.14080248,0.841027,0.723865,279467.26,0.006014,0,1,0,2,0
S4_budget_140,S4_budget_140_P005_SB2.0,A:alpha=1.4;C:alpha=1.0;G:alpha=1.0;J:alpha=1.0,targeted_subsidy_2.0,0.7,0,0,30,0.14080248,0.842932,0.74219,407339.6,0.008765,0,1,0,2,0
S4_budget_140,S4_budget_140_P005_SB2.0,A:alpha=1.4;C:alpha=1.0;G:alpha=1.0;J:alpha=1.0,targeted_subsidy_2.0,1.0,0,0,30,0.14080248,0.844179,0.727919,724242.63,0.015584,0,1,0,1,0
S4_budget_140,S4_budget_140_P006_SB2.0,A:alpha=1.5;C:alpha=1.0;G:alpha=1.0;J:alpha=1.0,targeted_subsidy_2.0,0.2,0,0,30,0.14080248,0.838245,0.7462,-641652.04,-0.013807,0,0,0,2,0
S4_budget_140,S4_budget_140_P006_SB2.0,A:alpha=1.5;C:alpha=1.0;G:alpha=1.0;J:alpha=1.0,targeted_subsidy_2.0,0.3,0,0,30,0.14080248,0.841041,0.723999,586663.07,0.012624,0,1,0,2,0
S4_budget_140,S4_budget_140_P006_SB2.0,A:alpha=1.5;C:alpha=1.0;G:alpha=1.0;J:alpha=1.0,targeted_subsidy_2.0,0.5,0,0,30,0.14080248,0.841041,0.723999,586663.07,0.012624,0,1,0,2,0
S4_budget_140,S4_budget_140_P006_SB2.0,A:alpha=1.5;C:alpha=1.0;G:alpha=1.0;J:alpha=1.0,targeted_subsidy_2.0,0.7,0,0,30,0.14080248,0.842946,0.742324,723669.15,0.015572,0,1,0,2,0
S4_budget_140,S4_budget_140_P006_SB2.0,A:alpha=1.5;C:alpha=1.0;G:alpha=1.0;J:alpha=1.0,targeted_subsidy_2.0,1.0,0,0,30,0.14080248,0.844195,0.728069,1107761.28,0.023837,0,1,0,1,0
S4_budget_140,S4_budget_140_P007_SB2.0,A:alpha=1.6;C:alpha=1.0;G:alpha=1.0;J:alpha=1.0,targeted_subsidy_2.0,0.2,0,0,30,0.14080248,0.838253,0.746273,-525264.02,-0.011303,0,0,0,2,0
S4_budget_140,S4_budget_140_P007_SB2.0,A:alpha=1.6;C:alpha=1.0;G:alpha=1.0;J:alpha=1.0,targeted_subsidy_2.0,0.3,0,0,30,0.14080248,0.841054,0.724122,893908.4,0.019235,0,1,0,2,0
S4_budget_140,S4_budget_140_P007_SB2.0,A:alpha=1.6;C:alpha=1.0;G:alpha=1.0;J:alpha=1.0,targeted_subsidy_2.0,0.5,0,0,30,0.14080248,0.841054,0.724122,893908.4,0.019235,0,1,0,2,0
S4_budget_140,S4_budget_140_P007_SB2.0,A:alpha=1.6;C:alpha=1.0;G:alpha=1.0;J:alpha=1.0,targeted_subsidy_2.0,0.7,0,0,30,0.14080248,0.842959,0.742447,1040048.21,0.02238,0,1,0,2,0
S4_budget_140,S4_budget_140_P007_SB2.0,A:alpha=1.6;C:alpha=1.0;G:alpha=1.0;J:alpha=1.0,targeted_subsidy_2.0,1.0,0,0,30,0.14080248,0.844209,0.728207,1491339.97,0.032091,0,1,0,1,0
S4_budget_140,S4_budget_140_P008_SB2.0,A:alpha=1.8;C:alpha=1.0;G:alpha=1.0;J:alpha=1.0,targeted_subsidy_2.0,0.2,0,0,30,0.14080248,0.838266,0.746405,-292445.54,-0.006293,0,0,0,3,0
S4_budget_140,S4_budget_140_P008_SB2.0,A:alpha=1.8;C:alpha=1.0;G:alpha=1.0;J:alpha=1.0,targeted_subsidy_2.0,0.3,0,0,30,0.14080248,0.841077,0.724342,1508525.94,0.03246,0,1,0,2,0
S4_budget_140,S4_budget_140_P008_SB2.0,A:alpha=1.8;C:alpha=1.0;G:alpha=1.0;J:alpha=1.0,targeted_subsidy_2.0,0.5,0,0,30,0.14080248,0.841077,0.724342,1508525.94,0.03246,0,1,0,2,0
S4_budget_140,S4_budget_140_P008_SB2.0,A:alpha=1.8;C:alpha=1.0;G:alpha=1.0;J:alpha=1.0,targeted_subsidy_2.0,0.7,0,0,30,0.14080248,0.842982,0.742667,1672933.23,0.035998,0,1,0,2,0
S4_budget_140,S4_budget_140_P008_SB2.0,A:alpha=1.8;C:alpha=1.0;G:alpha=1.0;J:alpha=1.0,targeted_subsidy_2.0,1.0,0,0,30,0.14080248,0.844235,0.728454,2258651.19,0.048602,0,1,0,1,0
S4_budget_140,S4_budget_140_P009_SB2.0,A:alpha=2.0;C:alpha=1.0;G:alpha=1.0;J:alpha=1.0,targeted_subsidy_2.0,0.2,0,0,30,0.14080248,0.838284,0.746574,-59155.29,-0.001273,0,0,0,2,0
S4_budget_140,S4_budget_140_P009_SB2.0,A:alpha=2.0;C:alpha=1.0;G:alpha=1.0;J:alpha=1.0,targeted_subsidy_2.0,0.3,0,0,30,0.14080248,0.841106,0.724626,2124219.46,0.045709,0,1,0,2,0
S4_budget_140,S4_budget_140_P009_SB2.0,A:alpha=2.0;C:alpha=1.0;G:alpha=1.0;J:alpha=1.0,targeted_subsidy_2.0,0.5,0,0,30,0.14080248,0.841106,0.724626,2124219.46,0.045709,0,1,0,2,0
S4_budget_140,S4_budget_140_P009_SB2.0,A:alpha=2.0;C:alpha=1.0;G:alpha=1.0;J:alpha=1.0,targeted_subsidy_2.0,0.7,0,0,30,0.14080248,0.843011,0.742951,2306894.22,0.04964,0,1,0,2,0
S4_budget_140,S4_budget_140_P009_SB2.0,A:alpha=2.0;C:alpha=1.0;G:alpha=1.0;J:alpha=1.0,targeted_subsidy_2.0,1.0,0,0,30,0.14080248,0.844268,0.728772,3027266.92,0.065141,0,1,0,1,0
S4_budget_140,S4_budget_140_P010_SB2.0,A:alpha=1.0;C:alpha=1.1;G:alpha=1.0;J:alpha=1.0,targeted_subsidy_2.0,0.2,1,1,3,0.227098,0.862357,0.814062,864057.27,0.018658,0,1,0,3,0
S4_budget_140,S4_budget_140_P010_SB2.0,A:alpha=1.0;C:alpha=1.1;G:alpha=1.0;J:alpha=1.0,targeted_subsidy_2.0,0.3,1,1,3,0.227098,0.862357,0.814062,864057.27,0.018658,0,1,0,3,0
S4_budget_140,S4_budget_140_P010_SB2.0,A:alpha=1.0;C:alpha=1.1;G:alpha=1.0;J:alpha=1.0,targeted_subsidy_2.0,0.5,1,1,3,0.227098,0.862357,0.814062,864057.27,0.018658,0,1,0,3,0
S4_budget_140,S4_budget_140_P010_SB2.0,A:alpha=1.0;C:alpha=1.1;G:alpha=1.0;J:alpha=1.0,targeted_subsidy_2.0,0.7,1,1,3,0.227098,0.862357,0.814062,864057.27,0.018658,0,1,0,3,0
S4_budget_140,S4_budget_140_P010_SB2.0,A:alpha=1.0;C:alpha=1.1;G:alpha=1.0;J:alpha=1.0,targeted_subsidy_2.0,1.0,1,1,3,0.227098,0.862357,0.814062,864057.27,0.018658,0,1,0,3,0
S4_budget_140,S4_budget_140_P011_SB2.0,A:alpha=1.0;C:alpha=1.2;G:alpha=1.0;J:alpha=1.0,targeted_subsidy_2.0,0.2,0,0,30,0.86,0.759331,0.459787,-566440.1,-0.013564,0,0,0,2,0
S4_budget_140,S4_budget_140_P011_SB2.0,A:alpha=1.0;C:alpha=1.2;G:alpha=1.0;J:alpha=1.0,targeted_subsidy_2.0,0.3,0,0,30,0.86,0.835873,0.727322,129398.97,0.002784,0,1,0,1,0
S4_budget_140,S4_budget_140_P011_SB2.0,A:alpha=1.0;C:alpha=1.2;G:alpha=1.0;J:alpha=1.0,targeted_subsidy_2.0,0.5,0,0,30,0.86,0.835873,0.727322,129398.97,0.002784,0,1,0,1,0
S4_budget_140,S4_budget_140_P011_SB2.0,A:alpha=1.0;C:alpha=1.2;G:alpha=1.0;J:alpha=1.0,targeted_subsidy_2.0,0.7,0,0,30,0.86,0.835873,0.727322,129398.97,0.002784,0,1,0,1,0
S4_budget_140,S4_budget_140_P011_SB2.0,A:alpha=1.0;C:alpha=1.2;G:alpha=1.0;J:alpha=1.0,targeted_subsidy_2.0,1.0,0,0,30,0.86,0.835873,0.727322,129398.97,0.002784,0,1,0,1,0
S4_budget_140,S4_budget_140_P012_SB2.0,A:alpha=1.0;C:alpha=1.3;G:alpha=1.0;J:alpha=1.0,targeted_subsidy_2.0,0.2,0,0,30,0.86,0.759342,0.459787,-365463.97,-0.008751,0,0,0,2,0
S4_budget_140,S4_budget_140_P012_SB2.0,A:alpha=1.0;C:alpha=1.3;G:alpha=1.0;J:alpha=1.0,targeted_subsidy_2.0,0.3,0,0,30,0.86,0.835902,0.727484,727891.85,0.015663,0,1,0,2,0
S4_budget_140,S4_budget_140_P012_SB2.0,A:alpha=1.0;C:alpha=1.3;G:alpha=1.0;J:alpha=1.0,targeted_subsidy_2.0,0.5,0,0,30,0.86,0.835902,0.727484,727891.85,0.015663,0,1,0,2,0
S4_budget_140,S4_budget_140_P012_SB2.0,A:alpha=1.0;C:alpha=1.3;G:alpha=1.0;J:alpha=1.0,targeted_subsidy_2.0,0.7,0,0,30,0.86,0.835902,0.727484,727891.85,0.015663,0,1,0,2,0
S4_budget_140,S4_budget_140_P012_SB2.0,A:alpha=1.0;C:alpha=1.3;G:alpha=1.0;J:alpha=1.0,targeted_subsidy_2.0,1.0,0,0,30,0.86,0.835902,0.727484,727891.85,0.015663,0,1,0,2,0
S4_budget_140,S4_budget_140_P013_SB2.0,A:alpha=1.0;C:alpha=1.4;G:alpha=1.0;J:alpha=1.0,targeted_subsidy_2.0,0.2,0,0,30,0.86,0.759352,0.459787,-164455.16,-0.003938,0,0,0,2,0
S4_budget_140,S4_budget_140_P013_SB2.0,A:alpha=1.0;C:alpha=1.4;G:alpha=1.0;J:alpha=1.0,targeted_subsidy_2.0,0.3,0,0,30,0.86,0.835931,0.727653,1326693.79,0.028548,0,1,0,1,0
S4_budget_140,S4_budget_140_P013_SB2.0,A:alpha=1.0;C:alpha=1.4;G:alpha=1.0;J:alpha=1.0,targeted_subsidy_2.0,0.5,0,0,30,0.86,0.835931,0.727653,1326693.79,0.028548,0,1,0,1,0
S4_budget_140,S4_budget_140_P013_SB2.0,A:alpha=1.0;C:alpha=1.4;G:alpha=1.0;J:alpha=1.0,targeted_subsidy_2.0,0.7,0,0,30,0.86,0.835931,0.727653,1326693.79,0.028548,0,1,0,1,0
S4_budget_140,S4_budget_140_P013_SB2.0,A:alpha=1.0;C:alpha=1.4;G:alpha=1.0;J:alpha=1.0,targeted_subsidy_2.0,1.0,0,0,30,0.86,0.835931,0.727653,1326693.79,0.028548,0,1,0,1,0
S4_budget_140,S4_budget_140_P014_SB2.0,A:alpha=1.0;C:alpha=1.5;G:alpha=1.0;J:alpha=1.0,targeted_subsidy_2.0,0.2,0,0,30,0.86,0.759362,0.459787,36581.91,0.000876,0,1,0,2,0
S4_budget_140,S4_budget_140_P014_SB2.0,A:alpha=1.0;C:alpha=1.5;G:alpha=1.0;J:alpha=1.0,targeted_subsidy_2.0,0.3,0,0,30,0.86,0.835958,0.727809,1925611.9,0.041435,0,1,0,1,0
S4_budget_140,S4_budget_140_P014_SB2.0,A:alpha=1.0;C:alpha=1.5;G:alpha=1.0;J:alpha=1.0,targeted_subsidy_2.0,0.5,0,0,30,0.86,0.835958,0.727809,1925611.9,0.041435,0,1,0,1,0
S4_budget_140,S4_budget_140_P014_SB2.0,A:alpha=1.0;C:alpha=1.5;G:alpha=1.0;J:alpha=1.0,targeted_subsidy_2.0,0.7,0,0,30,0.86,0.835958,0.727809,1925611.9,0.041435,0,1,0,1,0
S4_budget_140,S4_budget_140_P014_SB2.0,A:alpha=1.0;C:alpha=1.5;G:alpha=1.0;J:alpha=1.0,targeted_subsidy_2.0,1.0,0,0,30,0.86,0.835958,0.727809,1925611.9,0.041435,0,1,0,1,0
S4_budget_140,S4_budget_140_P015_SB2.0,A:alpha=1.0;C:alpha=1.6;G:alpha=1.0;J:alpha=1.0,targeted_subsidy_2.0,0.2,0,0,30,0.86,0.759374,0.459787,237948.37,0.005698,0,1,0,2,0
S4_budget_140,S4_budget_140_P015_SB2.0,A:alpha=1.0;C:alpha=1.6;G:alpha=1.0;J:alpha=1.0,targeted_subsidy_2.0,0.3,0,0,30,0.86,0.835985,0.727952,2524748.58,0.054328,0,1,0,1,0
S4_budget_140,S4_budget_140_P015_SB2.0,A:alpha=1.0;C:alpha=1.6;G:alpha=1.0;J:alpha=1.0,targeted_subsidy_2.0,0.5,0,0,30,0.86,0.835985,0.727952,2524748.58,0.054328,0,1,0,1,0
S4_budget_140,S4_budget_140_P015_SB2.0,A:alpha=1.0;C:alpha=1.6;G:alpha=1.0;J:alpha=1.0,targeted_subsidy_2.0,0.7,0,0,30,0.86,0.835985,0.727952,2524748.58,0.054328,0,1,0,1,0
S4_budget_140,S4_budget_140_P015_SB2.0,A:alpha=1.0;C:alpha=1.6;G:alpha=1.0;J:alpha=1.0,targeted_subsidy_2.0,1.0,0,0,30,0.86,0.835985,0.727952,2524748.58,0.054328,0,1,0,1,0
S4_budget_140,S4_budget_140_P016_SB2.0,A:alpha=1.0;C:alpha=1.8;G:alpha=1.0;J:alpha=1.0,targeted_subsidy_2.0,0.2,0,0,30,0.86,0.759419,0.459787,643177.97,0.015402,0,1,0,3,0
S4_budget_140,S4_budget_140_P016_SB2.0,A:alpha=1.0;C:alpha=1.8;G:alpha=1.0;J:alpha=1.0,targeted_subsidy_2.0,0.3,0,0,30,0.86,0.836048,0.72821,3724220.73,0.080138,0,0,0,1,0
S4_budget_140,S4_budget_140_P016_SB2.0,A:alpha=1.0;C:alpha=1.8;G:alpha=1.0;J:alpha=1.0,targeted_subsidy_2.0,0.5,0,0,30,0.86,0.836048,0.72821,3724220.73,0.080138,0,0,0,1,0
S4_budget_140,S4_budget_140_P016_SB2.0,A:alpha=1.0;C:alpha=1.8;G:alpha=1.0;J:alpha=1.0,targeted_subsidy_2.0,0.7,0,0,30,0.86,0.836048,0.72821,3724220.73,0.080138,0,0,0,1,0
S4_budget_140,S4_budget_140_P016_SB2.0,A:alpha=1.0;C:alpha=1.8;G:alpha=1.0;J:alpha=1.0,targeted_subsidy_2.0,1.0,0,0,30,0.86,0.836048,0.72821,3724220.73,0.080138,0,0,0,1,0
S4_budget_140,S4_budget_140_P017_SB2.0,A:alpha=1.0;C:alpha=2.0;G:alpha=1.0;J:alpha=1.0,targeted_subsidy_2.0,0.2,0,0,30,0.86,0.759464,0.459787,1049304.71,0.025127,0,1,0,2,0
S4_budget_140,S4_budget_140_P017_SB2.0,A:alpha=1.0;C:alpha=2.0;G:alpha=1.0;J:alpha=1.0,targeted_subsidy_2.0,0.3,0,0,30,0.86,0.836105,0.728435,4924322.12,0.105962,0,0,0,1,0
S4_budget_140,S4_budget_140_P017_SB2.0,A:alpha=1.0;C:alpha=2.0;G:alpha=1.0;J:alpha=1.0,targeted_subsidy_2.0,0.5,0,0,30,0.86,0.836105,0.728435,4924322.12,0.105962,0,0,0,1,0
S4_budget_140,S4_budget_140_P017_SB2.0,A:alpha=1.0;C:alpha=2.0;G:alpha=1.0;J:alpha=1.0,targeted_subsidy_2.0,0.7,0,0,30,0.86,0.836105,0.728435,4924322.12,0.105962,0,0,0,1,0
S4_budget_140,S4_budget_140_P017_SB2.0,A:alpha=1.0;C:alpha=2.0;G:alpha=1.0;J:alpha=1.0,targeted_subsidy_2.0,1.0,0,0,30,0.86,0.836105,0.728435,4924322.12,0.105962,0,0,0,1,0
S4_budget_140,S4_budget_140_P018_SB2.0,A:alpha=1.0;C:alpha=1.0;G:alpha=1.1;J:alpha=1.0,targeted_subsidy_2.0,0.2,0,1,8,0.88223538,0.853983,0.783639,930867.53,0.020148,0,1,0,3,0
S4_budget_140,S4_budget_140_P018_SB2.0,A:alpha=1.0;C:alpha=1.0;G:alpha=1.1;J:alpha=1.0,targeted_subsidy_2.0,0.3,0,1,8,0.88223538,0.853983,0.783639,930867.53,0.020148,0,1,0,3,0
S4_budget_140,S4_budget_140_P018_SB2.0,A:alpha=1.0;C:alpha=1.0;G:alpha=1.1;J:alpha=1.0,targeted_subsidy_2.0,0.5,0,0,30,0.88223538,0.880179,0.814445,2507603.39,0.054645,0,1,0,3,0
S4_budget_140,S4_budget_140_P018_SB2.0,A:alpha=1.0;C:alpha=1.0;G:alpha=1.1;J:alpha=1.0,targeted_subsidy_2.0,0.7,0,0,30,0.88223538,0.88269,0.86,2823338.48,0.061526,0,1,0,2,0
S4_budget_140,S4_budget_140_P018_SB2.0,A:alpha=1.0;C:alpha=1.0;G:alpha=1.1;J:alpha=1.0,targeted_subsidy_2.0,1.0,0,0,30,0.88223538,0.865,0.801787,1971912.62,0.043124,0,1,0,1,0
S4_budget_140,S4_budget_140_P019_SB2.0,A:alpha=1.0;C:alpha=1.0;G:alpha=1.2;J:alpha=1.0,targeted_subsidy_2.0,0.2,1,1,3,0.86,0.6629,0.0,-709388.24,-0.019348,0,0,0,2,0
S4_budget_140,S4_budget_140_P019_SB2.0,A:alpha=1.0;C:alpha=1.0;G:alpha=1.2;J:alpha=1.0,targeted_subsidy_2.0,0.3,1,1,3,0.86,0.6629,0.0,-709388.24,-0.019348,0,0,0,2,0
S4_budget_140,S4_budget_140_P019_SB2.0,A:alpha=1.0;C:alpha=1.0;G:alpha=1.2;J:alpha=1.0,targeted_subsidy_2.0,0.5,1,1,3,0.86,0.6629,0.0,-709388.24,-0.019348,0,0,0,2,0
S4_budget_140,S4_budget_140_P019_SB2.0,A:alpha=1.0;C:alpha=1.0;G:alpha=1.2;J:alpha=1.0,targeted_subsidy_2.0,0.7,1,1,3,0.86,0.6629,0.0,-709388.24,-0.019348,0,0,0,2,0
S4_budget_140,S4_budget_140_P019_SB2.0,A:alpha=1.0;C:alpha=1.0;G:alpha=1.2;J:alpha=1.0,targeted_subsidy_2.0,1.0,1,1,3,0.86,0.6629,0.0,-709388.24,-0.019348,0,0,0,2,0
S4_budget_140,S4_budget_140_P020_SB2.0,A:alpha=1.0;C:alpha=1.0;G:alpha=1.3;J:alpha=1.0,targeted_subsidy_2.0,0.2,1,1,3,0.86,0.662911,0.0,-482434.03,-0.013158,0,0,0,2,0
S4_budget_140,S4_budget_140_P020_SB2.0,A:alpha=1.0;C:alpha=1.0;G:alpha=1.3;J:alpha=1.0,targeted_subsidy_2.0,0.3,1,1,3,0.86,0.662911,0.0,-482434.03,-0.013158,0,0,0,2,0
S4_budget_140,S4_budget_140_P020_SB2.0,A:alpha=1.0;C:alpha=1.0;G:alpha=1.3;J:alpha=1.0,targeted_subsidy_2.0,0.5,1,1,3,0.86,0.662911,0.0,-482434.03,-0.013158,0,0,0,2,0
S4_budget_140,S4_budget_140_P020_SB2.0,A:alpha=1.0;C:alpha=1.0;G:alpha=1.3;J:alpha=1.0,targeted_subsidy_2.0,0.7,1,1,3,0.86,0.662911,0.0,-482434.03,-0.013158,0,0,0,2,0
S4_budget_140,S4_budget_140_P020_SB2.0,A:alpha=1.0;C:alpha=1.0;G:alpha=1.3;J:alpha=1.0,targeted_subsidy_2.0,1.0,1,1,3,0.86,0.662911,0.0,-482434.03,-0.013158,0,0,0,2,0
S4_budget_140,S4_budget_140_P021_SB2.0,A:alpha=1.0;C:alpha=1.0;G:alpha=1.4;J:alpha=1.0,targeted_subsidy_2.0,0.2,1,1,3,0.86,0.662922,0.0,-255447.13,-0.006967,0,0,0,2,0
S4_budget_140,S4_budget_140_P021_SB2.0,A:alpha=1.0;C:alpha=1.0;G:alpha=1.4;J:alpha=1.0,targeted_subsidy_2.0,0.3,1,1,3,0.86,0.662922,0.0,-255447.13,-0.006967,0,0,0,2,0
S4_budget_140,S4_budget_140_P021_SB2.0,A:alpha=1.0;C:alpha=1.0;G:alpha=1.4;J:alpha=1.0,targeted_subsidy_2.0,0.5,1,1,3,0.86,0.662922,0.0,-255447.13,-0.006967,0,0,0,2,0
S4_budget_140,S4_budget_140_P021_SB2.0,A:alpha=1.0;C:alpha=1.0;G:alpha=1.4;J:alpha=1.0,targeted_subsidy_2.0,0.7,1,1,3,0.86,0.662922,0.0,-255447.13,-0.006967,0,0,0,2,0
S4_budget_140,S4_budget_140_P021_SB2.0,A:alpha=1.0;C:alpha=1.0;G:alpha=1.4;J:alpha=1.0,targeted_subsidy_2.0,1.0,1,1,3,0.86,0.662922,0.0,-255447.13,-0.006967,0,0,0,2,0
S4_budget_140,S4_budget_140_P022_SB2.0,A:alpha=1.0;C:alpha=1.0;G:alpha=1.5;J:alpha=1.0,targeted_subsidy_2.0,0.2,1,1,3,0.86,0.662931,0.0,-28431.96,-0.000775,0,0,0,2,0
S4_budget_140,S4_budget_140_P022_SB2.0,A:alpha=1.0;C:alpha=1.0;G:alpha=1.5;J:alpha=1.0,targeted_subsidy_2.0,0.3,1,1,3,0.86,0.662931,0.0,-28431.96,-0.000775,0,0,0,2,0
S4_budget_140,S4_budget_140_P022_SB2.0,A:alpha=1.0;C:alpha=1.0;G:alpha=1.5;J:alpha=1.0,targeted_subsidy_2.0,0.5,1,1,3,0.86,0.662931,0.0,-28431.96,-0.000775,0,0,0,2,0
S4_budget_140,S4_budget_140_P022_SB2.0,A:alpha=1.0;C:alpha=1.0;G:alpha=1.5;J:alpha=1.0,targeted_subsidy_2.0,0.7,1,1,3,0.86,0.662931,0.0,-28431.96,-0.000775,0,0,0,2,0
S4_budget_140,S4_budget_140_P022_SB2.0,A:alpha=1.0;C:alpha=1.0;G:alpha=1.5;J:alpha=1.0,targeted_subsidy_2.0,1.0,1,1,3,0.86,0.662931,0.0,-28431.96,-0.000775,0,0,0,2,0
S4_budget_140,S4_budget_140_P023_SB2.0,A:alpha=1.0;C:alpha=1.0;G:alpha=1.6;J:alpha=1.0,targeted_subsidy_2.0,0.2,1,1,3,0.86,0.662943,0.0,198912.59,0.005425,0,1,0,2,0
S4_budget_140,S4_budget_140_P023_SB2.0,A:alpha=1.0;C:alpha=1.0;G:alpha=1.6;J:alpha=1.0,targeted_subsidy_2.0,0.3,1,1,3,0.86,0.662943,0.0,198912.59,0.005425,0,1,0,2,0
S4_budget_140,S4_budget_140_P023_SB2.0,A:alpha=1.0;C:alpha=1.0;G:alpha=1.6;J:alpha=1.0,targeted_subsidy_2.0,0.5,1,1,3,0.86,0.662943,0.0,198912.59,0.005425,0,1,0,2,0
S4_budget_140,S4_budget_140_P023_SB2.0,A:alpha=1.0;C:alpha=1.0;G:alpha=1.6;J:alpha=1.0,targeted_subsidy_2.0,0.7,1,1,3,0.86,0.662943,0.0,198912.59,0.005425,0,1,0,2,0
S4_budget_140,S4_budget_140_P023_SB2.0,A:alpha=1.0;C:alpha=1.0;G:alpha=1.6;J:alpha=1.0,targeted_subsidy_2.0,1.0,1,1,3,0.86,0.662943,0.0,198912.59,0.005425,0,1,0,2,0
S4_budget_140,S4_budget_140_P024_SB2.0,A:alpha=1.0;C:alpha=1.0;G:alpha=1.8;J:alpha=1.0,targeted_subsidy_2.0,0.2,1,1,3,0.86,0.662988,0.0,656098.37,0.017894,0,1,0,3,0
S4_budget_140,S4_budget_140_P024_SB2.0,A:alpha=1.0;C:alpha=1.0;G:alpha=1.8;J:alpha=1.0,targeted_subsidy_2.0,0.3,1,1,3,0.86,0.662988,0.0,656098.37,0.017894,0,1,0,3,0
S4_budget_140,S4_budget_140_P024_SB2.0,A:alpha=1.0;C:alpha=1.0;G:alpha=1.8;J:alpha=1.0,targeted_subsidy_2.0,0.5,1,1,3,0.86,0.662988,0.0,656098.37,0.017894,0,1,0,3,0
S4_budget_140,S4_budget_140_P024_SB2.0,A:alpha=1.0;C:alpha=1.0;G:alpha=1.8;J:alpha=1.0,targeted_subsidy_2.0,0.7,1,1,3,0.86,0.662988,0.0,656098.37,0.017894,0,1,0,3,0
S4_budget_140,S4_budget_140_P024_SB2.0,A:alpha=1.0;C:alpha=1.0;G:alpha=1.8;J:alpha=1.0,targeted_subsidy_2.0,1.0,1,1,3,0.86,0.662988,0.0,656098.37,0.017894,0,1,0,3,0
S4_budget_140,S4_budget_140_P025_SB2.0,A:alpha=1.0;C:alpha=1.0;G:alpha=2.0;J:alpha=1.0,targeted_subsidy_2.0,0.2,1,1,3,0.86,0.663033,0.0,1114181.29,0.030388,0,1,0,2,0
S4_budget_140,S4_budget_140_P025_SB2.0,A:alpha=1.0;C:alpha=1.0;G:alpha=2.0;J:alpha=1.0,targeted_subsidy_2.0,0.3,1,1,3,0.86,0.663033,0.0,1114181.29,0.030388,0,1,0,2,0
S4_budget_140,S4_budget_140_P025_SB2.0,A:alpha=1.0;C:alpha=1.0;G:alpha=2.0;J:alpha=1.0,targeted_subsidy_2.0,0.5,1,1,3,0.86,0.663033,0.0,1114181.29,0.030388,0,1,0,2,0
S4_budget_140,S4_budget_140_P025_SB2.0,A:alpha=1.0;C:alpha=1.0;G:alpha=2.0;J:alpha=1.0,targeted_subsidy_2.0,0.7,1,1,3,0.86,0.663033,0.0,1114181.29,0.030388,0,1,0,2,0
S4_budget_140,S4_budget_140_P025_SB2.0,A:alpha=1.0;C:alpha=1.0;G:alpha=2.0;J:alpha=1.0,targeted_subsidy_2.0,1.0,1,1,3,0.86,0.663033,0.0,1114181.29,0.030388,0,1,0,2,0
S4_budget_140,S4_budget_140_P026_SB2.0,A:alpha=1.0;C:alpha=1.0;G:alpha=1.0;J:alpha=1.1,targeted_subsidy_2.0,0.2,0,0,30,0.90233579,0.666819,0.0,-2173798.71,-0.054903,0,0,0,0,0
S4_budget_140,S4_budget_140_P026_SB2.0,A:alpha=1.0;C:alpha=1.0;G:alpha=1.0;J:alpha=1.1,targeted_subsidy_2.0,0.3,0,0,30,0.90233579,0.864522,0.801826,1858598.95,0.040835,0,1,0,1,0
S4_budget_140,S4_budget_140_P026_SB2.0,A:alpha=1.0;C:alpha=1.0;G:alpha=1.0;J:alpha=1.1,targeted_subsidy_2.0,0.5,0,0,30,0.90233579,0.856139,0.782211,1298229.78,0.028244,0,1,0,1,0
S4_budget_140,S4_budget_140_P026_SB2.0,A:alpha=1.0;C:alpha=1.0;G:alpha=1.0;J:alpha=1.1,targeted_subsidy_2.0,0.7,0,0,30,0.90233579,0.855103,0.781876,1382108.94,0.030366,0,1,0,1,0
S4_budget_140,S4_budget_140_P026_SB2.0,A:alpha=1.0;C:alpha=1.0;G:alpha=1.0;J:alpha=1.1,targeted_subsidy_2.0,1.0,0,0,30,0.90233579,0.864522,0.801826,1858598.95,0.040835,0,1,0,1,0
S4_budget_140,S4_budget_140_P027_SB2.0,A:alpha=1.0;C:alpha=1.0;G:alpha=1.0;J:alpha=1.2,targeted_subsidy_2.0,0.2,0,0,30,0.80487686,0.673533,0.0,-1461749.36,-0.038735,0,0,0,1,0
S4_budget_140,S4_budget_140_P027_SB2.0,A:alpha=1.0;C:alpha=1.0;G:alpha=1.0;J:alpha=1.2,targeted_subsidy_2.0,0.3,0,0,30,0.80487686,0.79107,0.395308,84002.3,0.001877,0,1,0,2,0
S4_budget_140,S4_budget_140_P027_SB2.0,A:alpha=1.0;C:alpha=1.0;G:alpha=1.0;J:alpha=1.2,targeted_subsidy_2.0,0.5,0,0,30,0.80487686,0.79107,0.395308,84002.3,0.001877,0,1,0,2,0
S4_budget_140,S4_budget_140_P027_SB2.0,A:alpha=1.0;C:alpha=1.0;G:alpha=1.0;J:alpha=1.2,targeted_subsidy_2.0,0.7,0,0,30,0.80487686,0.79107,0.395308,84002.3,0.001877,0,1,0,2,0
S4_budget_140,S4_budget_140_P027_SB2.0,A:alpha=1.0;C:alpha=1.0;G:alpha=1.0;J:alpha=1.2,targeted_subsidy_2.0,1.0,0,0,30,0.80487686,0.79107,0.395308,84002.3,0.001877,0,1,0,2,0
S4_budget_140,S4_budget_140_P028_SB2.0,A:alpha=1.0;C:alpha=1.0;G:alpha=1.0;J:alpha=1.3,targeted_subsidy_2.0,0.2,0,0,30,0.80506275,0.791078,0.395308,925381.15,0.02073,0,1,0,1,0
S4_budget_140,S4_budget_140_P028_SB2.0,A:alpha=1.0;C:alpha=1.0;G:alpha=1.0;J:alpha=1.3,targeted_subsidy_2.0,0.3,0,0,30,0.80506275,0.791078,0.395308,925381.15,0.02073,0,1,0,1,0
S4_budget_140,S4_budget_140_P028_SB2.0,A:alpha=1.0;C:alpha=1.0;G:alpha=1.0;J:alpha=1.3,targeted_subsidy_2.0,0.5,0,0,30,0.80506275,0.791078,0.395308,925381.15,0.02073,0,1,0,1,0
S4_budget_140,S4_budget_140_P028_SB2.0,A:alpha=1.0;C:alpha=1.0;G:alpha=1.0;J:alpha=1.3,targeted_subsidy_2.0,0.7,0,0,30,0.80506275,0.791078,0.395308,925381.15,0.02073,0,1,0,1,0
S4_budget_140,S4_budget_140_P028_SB2.0,A:alpha=1.0;C:alpha=1.0;G:alpha=1.0;J:alpha=1.3,targeted_subsidy_2.0,1.0,0,0,30,0.80506275,0.791078,0.395308,925381.15,0.02073,0,1,0,1,0
S4_budget_140,S4_budget_140_P029_SB2.0,A:alpha=1.0;C:alpha=1.0;G:alpha=1.0;J:alpha=1.4,targeted_subsidy_2.0,0.2,0,0,30,0.80523185,0.791087,0.395308,1749455.79,0.039284,0,1,0,1,0
S4_budget_140,S4_budget_140_P029_SB2.0,A:alpha=1.0;C:alpha=1.0;G:alpha=1.0;J:alpha=1.4,targeted_subsidy_2.0,0.3,0,0,30,0.80523185,0.791087,0.395308,1749455.79,0.039284,0,1,0,1,0
S4_budget_140,S4_budget_140_P029_SB2.0,A:alpha=1.0;C:alpha=1.0;G:alpha=1.0;J:alpha=1.4,targeted_subsidy_2.0,0.5,0,0,30,0.80523185,0.791087,0.395308,1749455.79,0.039284,0,1,0,1,0
S4_budget_140,S4_budget_140_P029_SB2.0,A:alpha=1.0;C:alpha=1.0;G:alpha=1.0;J:alpha=1.4,targeted_subsidy_2.0,0.7,0,0,30,0.80523185,0.791087,0.395308,1749455.79,0.039284,0,1,0,1,0
S4_budget_140,S4_budget_140_P029_SB2.0,A:alpha=1.0;C:alpha=1.0;G:alpha=1.0;J:alpha=1.4,targeted_subsidy_2.0,1.0,0,0,30,0.80523185,0.791087,0.395308,1749455.79,0.039284,0,1,0,1,0
S4_budget_140,S4_budget_140_P030_SB2.0,A:alpha=1.0;C:alpha=1.0;G:alpha=1.0;J:alpha=1.5,targeted_subsidy_2.0,0.2,0,0,30,0.80538636,0.791097,0.395308,2559901.89,0.0576,0,1,0,1,0
S4_budget_140,S4_budget_140_P030_SB2.0,A:alpha=1.0;C:alpha=1.0;G:alpha=1.0;J:alpha=1.5,targeted_subsidy_2.0,0.3,0,0,30,0.80538636,0.791097,0.395308,2559901.89,0.0576,0,1,0,1,0
S4_budget_140,S4_budget_140_P030_SB2.0,A:alpha=1.0;C:alpha=1.0;G:alpha=1.0;J:alpha=1.5,targeted_subsidy_2.0,0.5,0,0,30,0.80538636,0.791097,0.395308,2559901.89,0.0576,0,1,0,1,0
S4_budget_140,S4_budget_140_P030_SB2.0,A:alpha=1.0;C:alpha=1.0;G:alpha=1.0;J:alpha=1.5,targeted_subsidy_2.0,0.7,0,0,30,0.80538636,0.791097,0.395308,2559901.89,0.0576,0,1,0,1,0
S4_budget_140,S4_budget_140_P030_SB2.0,A:alpha=1.0;C:alpha=1.0;G:alpha=1.0;J:alpha=1.5,targeted_subsidy_2.0,1.0,0,0,30,0.80538636,0.791097,0.395308,2559901.89,0.0576,0,1,0,1,0
S4_budget_140,S4_budget_140_P031_SB2.0,A:alpha=1.0;C:alpha=1.0;G:alpha=1.0;J:alpha=1.6,targeted_subsidy_2.0,0.2,0,0,30,0.80552808,0.791107,0.395308,3359423.89,0.075725,0,1,0,1,0
S4_budget_140,S4_budget_140_P031_SB2.0,A:alpha=1.0;C:alpha=1.0;G:alpha=1.0;J:alpha=1.6,targeted_subsidy_2.0,0.3,0,0,30,0.80552808,0.791107,0.395308,3359423.89,0.075725,0,1,0,1,0
S4_budget_140,S4_budget_140_P031_SB2.0,A:alpha=1.0;C:alpha=1.0;G:alpha=1.0;J:alpha=1.6,targeted_subsidy_2.0,0.5,0,0,30,0.80552808,0.791107,0.395308,3359423.89,0.075725,0,1,0,1,0
S4_budget_140,S4_budget_140_P031_SB2.0,A:alpha=1.0;C:alpha=1.0;G:alpha=1.0;J:alpha=1.6,targeted_subsidy_2.0,0.7,0,0,30,0.80552808,0.791107,0.395308,3359423.89,0.075725,0,1,0,1,0
S4_budget_140,S4_budget_140_P031_SB2.0,A:alpha=1.0;C:alpha=1.0;G:alpha=1.0;J:alpha=1.6,targeted_subsidy_2.0,1.0,0,0,30,0.80552808,0.791107,0.395308,3359423.89,0.075725,0,1,0,1,0
S4_budget_140,S4_budget_140_P032_SB2.0,A:alpha=1.0;C:alpha=1.0;G:alpha=1.0;J:alpha=1.8,targeted_subsidy_2.0,0.2,0,0,30,0.80589596,0.791115,0.395308,4897320.18,0.11083,0,0,0,1,0
S4_budget_140,S4_budget_140_P032_SB2.0,A:alpha=1.0;C:alpha=1.0;G:alpha=1.0;J:alpha=1.8,targeted_subsidy_2.0,0.3,0,0,30,0.80589596,0.791115,0.395308,4897320.18,0.11083,0,0,0,1,0
S4_budget_140,S4_budget_140_P032_SB2.0,A:alpha=1.0;C:alpha=1.0;G:alpha=1.0;J:alpha=1.8,targeted_subsidy_2.0,0.5,0,0,30,0.80589596,0.791115,0.395308,4897320.18,0.11083,0,0,0,1,0
S4_budget_140,S4_budget_140_P032_SB2.0,A:alpha=1.0;C:alpha=1.0;G:alpha=1.0;J:alpha=1.8,targeted_subsidy_2.0,0.7,0,0,30,0.80589596,0.791115,0.395308,4897320.18,0.11083,0,0,0,1,0
S4_budget_140,S4_budget_140_P032_SB2.0,A:alpha=1.0;C:alpha=1.0;G:alpha=1.0;J:alpha=1.8,targeted_subsidy_2.0,1.0,0,0,30,0.80589596,0.791115,0.395308,4897320.18,0.11083,0,0,0,1,0
S4_budget_140,S4_budget_140_P033_SB2.0,A:alpha=1.0;C:alpha=1.0;G:alpha=1.0;J:alpha=2.0,targeted_subsidy_2.0,0.2,0,0,30,0.80655464,0.791146,0.395308,6299814.03,0.14337,0,0,0,1,0
S4_budget_140,S4_budget_140_P033_SB2.0,A:alpha=1.0;C:alpha=1.0;G:alpha=1.0;J:alpha=2.0,targeted_subsidy_2.0,0.3,0,0,30,0.80655464,0.791146,0.395308,6299814.03,0.14337,0,0,0,1,0
S4_budget_140,S4_budget_140_P033_SB2.0,A:alpha=1.0;C:alpha=1.0;G:alpha=1.0;J:alpha=2.0,targeted_subsidy_2.0,0.5,0,0,30,0.80655464,0.791146,0.395308,6299814.03,0.14337,0,0,0,1,0
S4_budget_140,S4_budget_140_P033_SB2.0,A:alpha=1.0;C:alpha=1.0;G:alpha=1.0;J:alpha=2.0,targeted_subsidy_2.0,0.7,0,0,30,0.80655464,0.791146,0.395308,6299814.03,0.14337,0,0,0,1,0
S4_budget_140,S4_budget_140_P033_SB2.0,A:alpha=1.0;C:alpha=1.0;G:alpha=1.0;J:alpha=2.0,targeted_subsidy_2.0,1.0,0,0,30,0.80655464,0.791146,0.395308,6299814.03,0.14337,0,0,0,1,0
S4_budget_140,S4_budget_140_P034_SB2.0,A:alpha=1.1;C:alpha=1.1;G:alpha=1.0;J:alpha=1.0,targeted_subsidy_2.0,0.2,1,1,4,0.1022424,0.830013,0.74086,-352060.92,-0.007576,0,0,0,1,0
S4_budget_140,S4_budget_140_P034_SB2.0,A:alpha=1.1;C:alpha=1.1;G:alpha=1.0;J:alpha=1.0,targeted_subsidy_2.0,0.3,1,1,4,0.1022424,0.830013,0.74086,-352060.92,-0.007576,0,0,0,1,0
S4_budget_140,S4_budget_140_P034_SB2.0,A:alpha=1.1;C:alpha=1.1;G:alpha=1.0;J:alpha=1.0,targeted_subsidy_2.0,0.5,1,1,4,0.1022424,0.830013,0.74086,-352060.92,-0.007576,0,0,0,1,0
S4_budget_140,S4_budget_140_P034_SB2.0,A:alpha=1.1;C:alpha=1.1;G:alpha=1.0;J:alpha=1.0,targeted_subsidy_2.0,0.7,1,1,4,0.1022424,0.830013,0.74086,-352060.92,-0.007576,0,0,0,1,0
S4_budget_140,S4_budget_140_P034_SB2.0,A:alpha=1.1;C:alpha=1.1;G:alpha=1.0;J:alpha=1.0,targeted_subsidy_2.0,1.0,1,1,4,0.1022424,0.830013,0.74086,-352060.92,-0.007576,0,0,0,1,0
S4_budget_140,S4_budget_140_P035_SB2.0,A:alpha=1.1;C:alpha=1.2;G:alpha=1.0;J:alpha=1.0,targeted_subsidy_2.0,0.2,0,0,30,0.23043032,0.730573,0.068507,-850393.02,-0.020837,0,0,0,2,0
S4_budget_140,S4_budget_140_P035_SB2.0,A:alpha=1.1;C:alpha=1.2;G:alpha=1.0;J:alpha=1.0,targeted_subsidy_2.0,0.3,0,0,30,0.23043032,0.730573,0.068507,-850393.02,-0.020837,0,0,0,2,0
S4_budget_140,S4_budget_140_P035_SB2.0,A:alpha=1.1;C:alpha=1.2;G:alpha=1.0;J:alpha=1.0,targeted_subsidy_2.0,0.5,0,0,30,0.23043032,0.730573,0.068507,-850393.02,-0.020837,0,0,0,2,0
S4_budget_140,S4_budget_140_P035_SB2.0,A:alpha=1.1;C:alpha=1.2;G:alpha=1.0;J:alpha=1.0,targeted_subsidy_2.0,0.7,0,0,30,0.23043032,0.817959,0.681272,-289119.65,-0.006221,0,0,0,1,0
S4_budget_140,S4_budget_140_P035_SB2.0,A:alpha=1.1;C:alpha=1.2;G:alpha=1.0;J:alpha=1.0,targeted_subsidy_2.0,1.0,0,0,30,0.23043032,0.817959,0.681272,-289119.65,-0.006221,0,0,0,1,0
S4_budget_140,S4_budget_140_P036_SB2.0,A:alpha=1.1;C:alpha=1.3;G:alpha=1.0;J:alpha=1.0,targeted_subsidy_2.0,0.2,0,0,30,0.2302538,0.730584,0.068507,-657114.11,-0.016101,0,0,0,2,0
S4_budget_140,S4_budget_140_P036_SB2.0,A:alpha=1.1;C:alpha=1.3;G:alpha=1.0;J:alpha=1.0,targeted_subsidy_2.0,0.3,0,0,30,0.2302538,0.730584,0.068507,-657114.11,-0.016101,0,0,0,2,0
S4_budget_140,S4_budget_140_P036_SB2.0,A:alpha=1.1;C:alpha=1.3;G:alpha=1.0;J:alpha=1.0,targeted_subsidy_2.0,0.5,0,0,30,0.2302538,0.730584,0.068507,-657114.11,-0.016101,0,0,0,2,0
S4_budget_140,S4_budget_140_P036_SB2.0,A:alpha=1.1;C:alpha=1.3;G:alpha=1.0;J:alpha=1.0,targeted_subsidy_2.0,0.7,0,0,30,0.2302538,0.817991,0.681422,380421.46,0.008186,0,1,0,2,0
S4_budget_140,S4_budget_140_P036_SB2.0,A:alpha=1.1;C:alpha=1.3;G:alpha=1.0;J:alpha=1.0,targeted_subsidy_2.0,1.0,0,0,30,0.2302538,0.817991,0.681422,380421.46,0.008186,0,1,0,2,0
S4_budget_140,S4_budget_140_P037_SB2.0,A:alpha=1.1;C:alpha=1.4;G:alpha=1.0;J:alpha=1.0,targeted_subsidy_2.0,0.2,0,0,30,0.23009395,0.730594,0.068507,-463802.51,-0.011364,0,0,0,2,0
S4_budget_140,S4_budget_140_P037_SB2.0,A:alpha=1.1;C:alpha=1.4;G:alpha=1.0;J:alpha=1.0,targeted_subsidy_2.0,0.3,0,0,30,0.23009395,0.730594,0.068507,-463802.51,-0.011364,0,0,0,2,0
S4_budget_140,S4_budget_140_P037_SB2.0,A:alpha=1.1;C:alpha=1.4;G:alpha=1.0;J:alpha=1.0,targeted_subsidy_2.0,0.5,0,0,30,0.23009395,0.730594,0.068507,-463802.51,-0.011364,0,0,0,2,0
S4_budget_140,S4_budget_140_P037_SB2.0,A:alpha=1.1;C:alpha=1.4;G:alpha=1.0;J:alpha=1.0,targeted_subsidy_2.0,0.7,0,0,30,0.23009395,0.818023,0.681558,1050285.07,0.0226,0,1,0,1,0
S4_budget_140,S4_budget_140_P037_SB2.0,A:alpha=1.1;C:alpha=1.4;G:alpha=1.0;J:alpha=1.0,targeted_subsidy_2.0,1.0,0,0,30,0.23009395,0.818023,0.681558,1050285.07,0.0226,0,1,0,1,0
S4_budget_140,S4_budget_140_P038_SB2.0,A:alpha=1.1;C:alpha=1.5;G:alpha=1.0;J:alpha=1.0,targeted_subsidy_2.0,0.2,0,0,30,0.22994852,0.730604,0.068507,-270462.65,-0.006627,0,0,0,2,0
S4_budget_140,S4_budget_140_P038_SB2.0,A:alpha=1.1;C:alpha=1.5;G:alpha=1.0;J:alpha=1.0,targeted_subsidy_2.0,0.3,0,0,30,0.22994852,0.730604,0.068507,-270462.65,-0.006627,0,0,0,2,0
S4_budget_140,S4_budget_140_P038_SB2.0,A:alpha=1.1;C:alpha=1.5;G:alpha=1.0;J:alpha=1.0,targeted_subsidy_2.0,0.5,0,0,30,0.22994852,0.730604,0.068507,-270462.65,-0.006627,0,0,0,2,0
S4_budget_140,S4_budget_140_P038_SB2.0,A:alpha=1.1;C:alpha=1.5;G:alpha=1.0;J:alpha=1.0,targeted_subsidy_2.0,0.7,0,0,30,0.22994852,0.818053,0.681682,1720276.47,0.037017,0,1,0,1,0
S4_budget_140,S4_budget_140_P038_SB2.0,A:alpha=1.1;C:alpha=1.5;G:alpha=1.0;J:alpha=1.0,targeted_subsidy_2.0,1.0,0,0,30,0.22994852,0.818053,0.681682,1720276.47,0.037017,0,1,0,1,0
S4_budget_140,S4_budget_140_P039_SB2.0,A:alpha=1.1;C:alpha=1.6;G:alpha=1.0;J:alpha=1.0,targeted_subsidy_2.0,0.2,0,0,30,0.22976169,0.730616,0.068507,-76793.4,-0.001882,0,0,0,2,0
S4_budget_140,S4_budget_140_P039_SB2.0,A:alpha=1.1;C:alpha=1.6;G:alpha=1.0;J:alpha=1.0,targeted_subsidy_2.0,0.3,0,0,30,0.22976169,0.730616,0.068507,-76793.4,-0.001882,0,0,0,2,0
S4_budget_140,S4_budget_140_P039_SB2.0,A:alpha=1.1;C:alpha=1.6;G:alpha=1.0;J:alpha=1.0,targeted_subsidy_2.0,0.5,0,0,30,0.22976169,0.730616,0.068507,-76793.4,-0.001882,0,0,0,2,0
S4_budget_140,S4_budget_140_P039_SB2.0,A:alpha=1.1;C:alpha=1.6;G:alpha=1.0;J:alpha=1.0,targeted_subsidy_2.0,0.7,0,0,30,0.22976169,0.818083,0.681841,2390593.55,0.051441,0,1,0,1,0
S4_budget_140,S4_budget_140_P039_SB2.0,A:alpha=1.1;C:alpha=1.6;G:alpha=1.0;J:alpha=1.0,targeted_subsidy_2.0,1.0,0,0,30,0.22976169,0.818083,0.681841,2390593.55,0.051441,0,1,0,1,0
S4_budget_140,S4_budget_140_P040_SB2.0,A:alpha=1.1;C:alpha=1.8;G:alpha=1.0;J:alpha=1.0,targeted_subsidy_2.0,0.2,0,0,30,0.22905044,0.730661,0.068507,313041.78,0.00767,0,1,0,2,0
S4_budget_140,S4_budget_140_P040_SB2.0,A:alpha=1.1;C:alpha=1.8;G:alpha=1.0;J:alpha=1.0,targeted_subsidy_2.0,0.3,0,0,30,0.22905044,0.730661,0.068507,313041.78,0.00767,0,1,0,2,0
S4_budget_140,S4_budget_140_P040_SB2.0,A:alpha=1.1;C:alpha=1.8;G:alpha=1.0;J:alpha=1.0,targeted_subsidy_2.0,0.5,0,0,30,0.22905044,0.730661,0.068507,313041.78,0.00767,0,1,0,2,0
S4_budget_140,S4_budget_140_P040_SB2.0,A:alpha=1.1;C:alpha=1.8;G:alpha=1.0;J:alpha=1.0,targeted_subsidy_2.0,0.7,0,0,30,0.22905044,0.818157,0.682447,3733235.17,0.080332,0,0,0,1,0
S4_budget_140,S4_budget_140_P040_SB2.0,A:alpha=1.1;C:alpha=1.8;G:alpha=1.0;J:alpha=1.0,targeted_subsidy_2.0,1.0,0,0,30,0.22905044,0.818157,0.682447,3733235.17,0.080332,0,0,0,1,0
S4_budget_140,S4_budget_140_P041_SB2.0,A:alpha=1.1;C:alpha=2.0;G:alpha=1.0;J:alpha=1.0,targeted_subsidy_2.0,0.2,0,0,30,0.22834451,0.730706,0.068507,703774.09,0.017244,0,1,0,2,0
S4_budget_140,S4_budget_140_P041_SB2.0,A:alpha=1.1;C:alpha=2.0;G:alpha=1.0;J:alpha=1.0,targeted_subsidy_2.0,0.3,0,0,30,0.22834451,0.730706,0.068507,703774.09,0.017244,0,1,0,2,0
S4_budget_140,S4_budget_140_P041_SB2.0,A:alpha=1.1;C:alpha=2.0;G:alpha=1.0;J:alpha=1.0,targeted_subsidy_2.0,0.5,0,0,30,0.22834451,0.730706,0.068507,703774.09,0.017244,0,1,0,2,0
S4_budget_140,S4_budget_140_P041_SB2.0,A:alpha=1.1;C:alpha=2.0;G:alpha=1.0;J:alpha=1.0,targeted_subsidy_2.0,0.7,0,0,30,0.22834451,0.818227,0.683048,5076813.72,0.109243,0,0,0,1,0
S4_budget_140,S4_budget_140_P041_SB2.0,A:alpha=1.1;C:alpha=2.0;G:alpha=1.0;J:alpha=1.0,targeted_subsidy_2.0,1.0,0,0,30,0.22834451,0.818227,0.683048,5076813.72,0.109243,0,0,0,1,0
S4_budget_140,S4_budget_140_P042_SB2.0,A:alpha=1.2;C:alpha=1.1;G:alpha=1.0;J:alpha=1.0,targeted_subsidy_2.0,0.2,0,0,30,0.23203205,0.847884,0.759769,564698.13,0.012235,0,1,0,1,0
S4_budget_140,S4_budget_140_P042_SB2.0,A:alpha=1.2;C:alpha=1.1;G:alpha=1.0;J:alpha=1.0,targeted_subsidy_2.0,0.3,0,0,30,0.23203205,0.847884,0.759769,564698.13,0.012235,0,1,0,1,0
S4_budget_140,S4_budget_140_P042_SB2.0,A:alpha=1.2;C:alpha=1.1;G:alpha=1.0;J:alpha=1.0,targeted_subsidy_2.0,0.5,0,0,30,0.23203205,0.820231,0.663606,-593282.98,-0.012766,0,0,0,1,0
S4_budget_140,S4_budget_140_P042_SB2.0,A:alpha=1.2;C:alpha=1.1;G:alpha=1.0;J:alpha=1.0,targeted_subsidy_2.0,0.7,0,0,30,0.23203205,0.820231,0.663606,-593282.98,-0.012766,0,0,0,1,0
S4_budget_140,S4_budget_140_P042_SB2.0,A:alpha=1.2;C:alpha=1.1;G:alpha=1.0;J:alpha=1.0,targeted_subsidy_2.0,1.0,0,0,30,0.23203205,0.730589,0.068507,-651984.14,-0.015975,0,0,0,2,0
S4_budget_140,S4_budget_140_P043_SB2.0,A:alpha=1.2;C:alpha=1.2;G:alpha=1.0;J:alpha=1.0,targeted_subsidy_2.0,0.2,0,0,30,0.23043032,0.720649,0.068507,-1078578.37,-0.026428,0,0,0,2,0
S4_budget_140,S4_budget_140_P043_SB2.0,A:alpha=1.2;C:alpha=1.2;G:alpha=1.0;J:alpha=1.0,targeted_subsidy_2.0,0.3,0,0,30,0.23043032,0.720649,0.068507,-1078578.37,-0.026428,0,0,0,2,0
S4_budget_140,S4_budget_140_P043_SB2.0,A:alpha=1.2;C:alpha=1.2;G:alpha=1.0;J:alpha=1.0,targeted_subsidy_2.0,0.5,0,0,30,0.23043032,0.808035,0.645397,-517305.01,-0.011131,0,0,0,1,0
S4_budget_140,S4_budget_140_P043_SB2.0,A:alpha=1.2;C:alpha=1.2;G:alpha=1.0;J:alpha=1.0,targeted_subsidy_2.0,0.7,0,0,30,0.23043032,0.808035,0.645397,-517305.01,-0.011131,0,0,0,1,0
S4_budget_140,S4_budget_140_P043_SB2.0,A:alpha=1.2;C:alpha=1.2;G:alpha=1.0;J:alpha=1.0,targeted_subsidy_2.0,1.0,0,0,30,0.23043032,0.808035,0.645397,-517305.01,-0.011131,0,0,0,1,0
S4_budget_140,S4_budget_140_P044_SB2.0,A:alpha=1.2;C:alpha=1.3;G:alpha=1.0;J:alpha=1.0,targeted_subsidy_2.0,0.2,0,0,30,0.2302538,0.72066,0.068507,-885299.46,-0.021692,0,0,0,2,0
S4_budget_140,S4_budget_140_P044_SB2.0,A:alpha=1.2;C:alpha=1.3;G:alpha=1.0;J:alpha=1.0,targeted_subsidy_2.0,0.3,0,0,30,0.2302538,0.72066,0.068507,-885299.46,-0.021692,0,0,0,2,0
S4_budget_140,S4_budget_140_P044_SB2.0,A:alpha=1.2;C:alpha=1.3;G:alpha=1.0;J:alpha=1.0,targeted_subsidy_2.0,0.5,0,0,30,0.2302538,0.808067,0.645397,152236.11,0.003276,0,1,0,2,0
S4_budget_140,S4_budget_140_P044_SB2.0,A:alpha=1.2;C:alpha=1.3;G:alpha=1.0;J:alpha=1.0,targeted_subsidy_2.0,0.7,0,0,30,0.2302538,0.808067,0.645397,152236.11,0.003276,0,1,0,2,0
S4_budget_140,S4_budget_140_P044_SB2.0,A:alpha=1.2;C:alpha=1.3;G:alpha=1.0;J:alpha=1.0,targeted_subsidy_2.0,1.0,0,0,30,0.2302538,0.808067,0.645397,152236.11,0.003276,0,1,0,2,0
S4_budget_140,S4_budget_140_P045_SB2.0,A:alpha=1.2;C:alpha=1.4;G:alpha=1.0;J:alpha=1.0,targeted_subsidy_2.0,0.2,0,0,30,0.23009395,0.72067,0.068507,-691987.86,-0.016955,0,0,0,2,0
S4_budget_140,S4_budget_140_P045_SB2.0,A:alpha=1.2;C:alpha=1.4;G:alpha=1.0;J:alpha=1.0,targeted_subsidy_2.0,0.3,0,0,30,0.23009395,0.72067,0.068507,-691987.86,-0.016955,0,0,0,2,0
S4_budget_140,S4_budget_140_P045_SB2.0,A:alpha=1.2;C:alpha=1.4;G:alpha=1.0;J:alpha=1.0,targeted_subsidy_2.0,0.5,0,0,30,0.23009395,0.808099,0.645397,822099.72,0.01769,0,1,0,1,0
S4_budget_140,S4_budget_140_P045_SB2.0,A:alpha=1.2;C:alpha=1.4;G:alpha=1.0;J:alpha=1.0,targeted_subsidy_2.0,0.7,0,0,30,0.23009395,0.808099,0.645397,822099.72,0.01769,0,1,0,1,0
S4_budget_140,S4_budget_140_P045_SB2.0,A:alpha=1.2;C:alpha=1.4;G:alpha=1.0;J:alpha=1.0,targeted_subsidy_2.0,1.0,0,0,30,0.23009395,0.808099,0.645397,822099.72,0.01769,0,1,0,1,0
S4_budget_140,S4_budget_140_P046_SB2.0,A:alpha=1.2;C:alpha=1.5;G:alpha=1.0;J:alpha=1.0,targeted_subsidy_2.0,0.2,0,0,30,0.22994852,0.720679,0.068507,-498648.0,-0.012218,0,0,0,2,0
S4_budget_140,S4_budget_140_P046_SB2.0,A:alpha=1.2;C:alpha=1.5;G:alpha=1.0;J:alpha=1.0,targeted_subsidy_2.0,0.3,0,0,30,0.22994852,0.720679,0.068507,-498648.0,-0.012218,0,0,0,2,0
S4_budget_140,S4_budget_140_P046_SB2.0,A:alpha=1.2;C:alpha=1.5;G:alpha=1.0;J:alpha=1.0,targeted_subsidy_2.0,0.5,0,0,30,0.22994852,0.808128,0.645397,1492091.12,0.032107,0,1,0,1,0
S4_budget_140,S4_budget_140_P046_SB2.0,A:alpha=1.2;C:alpha=1.5;G:alpha=1.0;J:alpha=1.0,targeted_subsidy_2.0,0.7,0,0,30,0.22994852,0.808128,0.645397,1492091.12,0.032107,0,1,0,1,0
S4_budget_140,S4_budget_140_P046_SB2.0,A:alpha=1.2;C:alpha=1.5;G:alpha=1.0;J:alpha=1.0,targeted_subsidy_2.0,1.0,0,0,30,0.22994852,0.808128,0.645397,1492091.12,0.032107,0,1,0,1,0
S4_budget_140,S4_budget_140_P047_SB2.0,A:alpha=1.2;C:alpha=1.6;G:alpha=1.0;J:alpha=1.0,targeted_subsidy_2.0,0.2,0,0,30,0.22976169,0.720691,0.068507,-304978.75,-0.007473,0,0,0,2,0
S4_budget_140,S4_budget_140_P047_SB2.0,A:alpha=1.2;C:alpha=1.6;G:alpha=1.0;J:alpha=1.0,targeted_subsidy_2.0,0.3,0,0,30,0.22976169,0.720691,0.068507,-304978.75,-0.007473,0,0,0,2,0
S4_budget_140,S4_budget_140_P047_SB2.0,A:alpha=1.2;C:alpha=1.6;G:alpha=1.0;J:alpha=1.0,targeted_subsidy_2.0,0.5,0,0,30,0.22976169,0.808158,0.645397,2162408.2,0.046531,0,1,0,1,0
S4_budget_140,S4_budget_140_P047_SB2.0,A:alpha=1.2;C:alpha=1.6;G:alpha=1.0;J:alpha=1.0,targeted_subsidy_2.0,0.7,0,0,30,0.22976169,0.808158,0.645397,2162408.2,0.046531,0,1,0,1,0
S4_budget_140,S4_budget_140_P047_SB2.0,A:alpha=1.2;C:alpha=1.6;G:alpha=1.0;J:alpha=1.0,targeted_subsidy_2.0,1.0,0,0,30,0.22976169,0.808158,0.645397,2162408.2,0.046531,0,1,0,1,0
S4_budget_140,S4_budget_140_P048_SB2.0,A:alpha=1.2;C:alpha=1.8;G:alpha=1.0;J:alpha=1.0,targeted_subsidy_2.0,0.2,0,0,30,0.22905044,0.720737,0.068507,84856.43,0.002079,0,1,0,2,0
S4_budget_140,S4_budget_140_P048_SB2.0,A:alpha=1.2;C:alpha=1.8;G:alpha=1.0;J:alpha=1.0,targeted_subsidy_2.0,0.3,0,0,30,0.22905044,0.720737,0.068507,84856.43,0.002079,0,1,0,2,0
S4_budget_140,S4_budget_140_P048_SB2.0,A:alpha=1.2;C:alpha=1.8;G:alpha=1.0;J:alpha=1.0,targeted_subsidy_2.0,0.5,0,0,30,0.22905044,0.808233,0.645397,3505049.82,0.075422,0,1,0,1,0
S4_budget_140,S4_budget_140_P048_SB2.0,A:alpha=1.2;C:alpha=1.8;G:alpha=1.0;J:alpha=1.0,targeted_subsidy_2.0,0.7,0,0,30,0.22905044,0.808233,0.645397,3505049.82,0.075422,0,1,0,1,0
S4_budget_140,S4_budget_140_P048_SB2.0,A:alpha=1.2;C:alpha=1.8;G:alpha=1.0;J:alpha=1.0,targeted_subsidy_2.0,1.0,0,0,30,0.22905044,0.808233,0.645397,3505049.82,0.075422,0,1,0,1,0
S4_budget_140,S4_budget_140_P049_SB2.0,A:alpha=1.2;C:alpha=2.0;G:alpha=1.0;J:alpha=1.0,targeted_subsidy_2.0,0.2,0,0,30,0.22834451,0.720782,0.068507,475588.74,0.011653,0,1,0,2,0
S4_budget_140,S4_budget_140_P049_SB2.0,A:alpha=1.2;C:alpha=2.0;G:alpha=1.0;J:alpha=1.0,targeted_subsidy_2.0,0.3,0,0,30,0.22834451,0.720782,0.068507,475588.74,0.011653,0,1,0,2,0
S4_budget_140,S4_budget_140_P049_SB2.0,A:alpha=1.2;C:alpha=2.0;G:alpha=1.0;J:alpha=1.0,targeted_subsidy_2.0,0.5,0,0,30,0.22834451,0.808302,0.645397,4848628.37,0.104333,0,0,0,1,0
S4_budget_140,S4_budget_140_P049_SB2.0,A:alpha=1.2;C:alpha=2.0;G:alpha=1.0;J:alpha=1.0,targeted_subsidy_2.0,0.7,0,0,30,0.22834451,0.808302,0.645397,4848628.37,0.104333,0,0,0,1,0
S4_budget_140,S4_budget_140_P049_SB2.0,A:alpha=1.2;C:alpha=2.0;G:alpha=1.0;J:alpha=1.0,targeted_subsidy_2.0,1.0,0,0,30,0.22834451,0.808302,0.645397,4848628.37,0.104333,0,0,0,1,0
S4_budget_140,S4_budget_140_P050_SB2.0,A:alpha=1.3;C:alpha=1.1;G:alpha=1.0;J:alpha=1.0,targeted_subsidy_2.0,0.2,0,0,30,0.23203205,0.847893,0.759853,659039.12,0.014278,0,1,0,1,0
S4_budget_140,S4_budget_140_P050_SB2.0,A:alpha=1.3;C:alpha=1.1;G:alpha=1.0;J:alpha=1.0,targeted_subsidy_2.0,0.3,0,0,30,0.23203205,0.847893,0.759853,659039.12,0.014278,0,1,0,1,0
S4_budget_140,S4_budget_140_P050_SB2.0,A:alpha=1.3;C:alpha=1.1;G:alpha=1.0;J:alpha=1.0,targeted_subsidy_2.0,0.5,0,0,30,0.23203205,0.820248,0.663769,-300494.92,-0.006466,0,0,0,1,0
S4_budget_140,S4_budget_140_P050_SB2.0,A:alpha=1.3;C:alpha=1.1;G:alpha=1.0;J:alpha=1.0,targeted_subsidy_2.0,0.7,0,0,30,0.23203205,0.820248,0.663769,-300494.92,-0.006466,0,0,0,1,0
S4_budget_140,S4_budget_140_P050_SB2.0,A:alpha=1.3;C:alpha=1.1;G:alpha=1.0;J:alpha=1.0,targeted_subsidy_2.0,1.0,0,0,30,0.23203205,0.730608,0.068507,-268611.15,-0.006582,0,0,0,3,0
S4_budget_140,S4_budget_140_P051_SB2.0,A:alpha=1.3;C:alpha=1.2;G:alpha=1.0;J:alpha=1.0,targeted_subsidy_2.0,0.2,0,0,30,0.23043032,0.720667,0.068507,-739500.44,-0.01812,0,0,0,2,0
S4_budget_140,S4_budget_140_P051_SB2.0,A:alpha=1.3;C:alpha=1.2;G:alpha=1.0;J:alpha=1.0,targeted_subsidy_2.0,0.3,0,0,30,0.23043032,0.720667,0.068507,-739500.44,-0.01812,0,0,0,2,0
S4_budget_140,S4_budget_140_P051_SB2.0,A:alpha=1.3;C:alpha=1.2;G:alpha=1.0;J:alpha=1.0,targeted_subsidy_2.0,0.5,0,0,30,0.23043032,0.808053,0.645576,-178227.07,-0.003835,0,0,0,1,0
S4_budget_140,S4_budget_140_P051_SB2.0,A:alpha=1.3;C:alpha=1.2;G:alpha=1.0;J:alpha=1.0,targeted_subsidy_2.0,0.7,0,0,30,0.23043032,0.808053,0.645576,-178227.07,-0.003835,0,0,0,1,0
S4_budget_140,S4_budget_140_P051_SB2.0,A:alpha=1.3;C:alpha=1.2;G:alpha=1.0;J:alpha=1.0,targeted_subsidy_2.0,1.0,0,0,30,0.23043032,0.808053,0.645576,-178227.07,-0.003835,0,0,0,1,0
S4_budget_140,S4_budget_140_P052_SB2.0,A:alpha=1.3;C:alpha=1.3;G:alpha=1.0;J:alpha=1.0,targeted_subsidy_2.0,0.2,0,0,30,0.2302538,0.720678,0.068507,-546221.52,-0.013384,0,0,0,2,0
S4_budget_140,S4_budget_140_P052_SB2.0,A:alpha=1.3;C:alpha=1.3;G:alpha=1.0;J:alpha=1.0,targeted_subsidy_2.0,0.3,0,0,30,0.2302538,0.720678,0.068507,-546221.52,-0.013384,0,0,0,2,0
S4_budget_140,S4_budget_140_P052_SB2.0,A:alpha=1.3;C:alpha=1.3;G:alpha=1.0;J:alpha=1.0,targeted_subsidy_2.0,0.5,0,0,30,0.2302538,0.808085,0.645576,491314.05,0.010572,0,1,0,2,0
S4_budget_140,S4_budget_140_P052_SB2.0,A:alpha=1.3;C:alpha=1.3;G:alpha=1.0;J:alpha=1.0,targeted_subsidy_2.0,0.7,0,0,30,0.2302538,0.808085,0.645576,491314.05,0.010572,0,1,0,2,0
S4_budget_140,S4_budget_140_P052_SB2.0,A:alpha=1.3;C:alpha=1.3;G:alpha=1.0;J:alpha=1.0,targeted_subsidy_2.0,1.0,0,0,30,0.2302538,0.808085,0.645576,491314.05,0.010572,0,1,0,2,0
S4_budget_140,S4_budget_140_P053_SB2.0,A:alpha=1.3;C:alpha=1.4;G:alpha=1.0;J:alpha=1.0,targeted_subsidy_2.0,0.2,0,0,30,0.23009395,0.720689,0.068507,-352909.93,-0.008647,0,0,0,2,0
S4_budget_140,S4_budget_140_P053_SB2.0,A:alpha=1.3;C:alpha=1.4;G:alpha=1.0;J:alpha=1.0,targeted_subsidy_2.0,0.3,0,0,30,0.23009395,0.720689,0.068507,-352909.93,-0.008647,0,0,0,2,0
S4_budget_140,S4_budget_140_P053_SB2.0,A:alpha=1.3;C:alpha=1.4;G:alpha=1.0;J:alpha=1.0,targeted_subsidy_2.0,0.5,0,0,30,0.23009395,0.808117,0.645576,1161177.66,0.024986,0,1,0,1,0
S4_budget_140,S4_budget_140_P053_SB2.0,A:alpha=1.3;C:alpha=1.4;G:alpha=1.0;J:alpha=1.0,targeted_subsidy_2.0,0.7,0,0,30,0.23009395,0.808117,0.645576,1161177.66,0.024986,0,1,0,1,0
S4_budget_140,S4_budget_140_P053_SB2.0,A:alpha=1.3;C:alpha=1.4;G:alpha=1.0;J:alpha=1.0,targeted_subsidy_2.0,1.0,0,0,30,0.23009395,0.808117,0.645576,1161177.66,0.024986,0,1,0,1,0
S4_budget_140,S4_budget_140_P054_SB2.0,A:alpha=1.3;C:alpha=1.5;G:alpha=1.0;J:alpha=1.0,targeted_subsidy_2.0,0.2,0,0,30,0.22994852,0.720698,0.068507,-159570.07,-0.00391,0,0,0,2,0
S4_budget_140,S4_budget_140_P054_SB2.0,A:alpha=1.3;C:alpha=1.5;G:alpha=1.0;J:alpha=1.0,targeted_subsidy_2.0,0.3,0,0,30,0.22994852,0.720698,0.068507,-159570.07,-0.00391,0,0,0,2,0
S4_budget_140,S4_budget_140_P054_SB2.0,A:alpha=1.3;C:alpha=1.5;G:alpha=1.0;J:alpha=1.0,targeted_subsidy_2.0,0.5,0,0,30,0.22994852,0.808147,0.645576,1831169.06,0.039403,0,1,0,1,0
S4_budget_140,S4_budget_140_P054_SB2.0,A:alpha=1.3;C:alpha=1.5;G:alpha=1.0;J:alpha=1.0,targeted_subsidy_2.0,0.7,0,0,30,0.22994852,0.808147,0.645576,1831169.06,0.039403,0,1,0,1,0
S4_budget_140,S4_budget_140_P054_SB2.0,A:alpha=1.3;C:alpha=1.5;G:alpha=1.0;J:alpha=1.0,targeted_subsidy_2.0,1.0,0,0,30,0.22994852,0.808147,0.645576,1831169.06,0.039403,0,1,0,1,0
S4_budget_140,S4_budget_140_P055_SB2.0,A:alpha=1.3;C:alpha=1.6;G:alpha=1.0;J:alpha=1.0,targeted_subsidy_2.0,0.2,0,0,30,0.22976169,0.72071,0.068507,34099.18,0.000836,0,1,0,2,0
S4_budget_140,S4_budget_140_P055_SB2.0,A:alpha=1.3;C:alpha=1.6;G:alpha=1.0;J:alpha=1.0,targeted_subsidy_2.0,0.3,0,0,30,0.22976169,0.72071,0.068507,34099.18,0.000836,0,1,0,2,0
S4_budget_140,S4_budget_140_P055_SB2.0,A:alpha=1.3;C:alpha=1.6;G:alpha=1.0;J:alpha=1.0,targeted_subsidy_2.0,0.5,0,0,30,0.22976169,0.808177,0.645576,2501486.13,0.053827,0,1,0,1,0
S4_budget_140,S4_budget_140_P055_SB2.0,A:alpha=1.3;C:alpha=1.6;G:alpha=1.0;J:alpha=1.0,targeted_subsidy_2.0,0.7,0,0,30,0.22976169,0.808177,0.645576,2501486.13,0.053827,0,1,0,1,0
S4_budget_140,S4_budget_140_P055_SB2.0,A:alpha=1.3;C:alpha=1.6;G:alpha=1.0;J:alpha=1.0,targeted_subsidy_2.0,1.0,0,0,30,0.22976169,0.808177,0.645576,2501486.13,0.053827,0,1,0,1,0
S4_budget_140,S4_budget_140_P056_SB2.0,A:alpha=1.3;C:alpha=1.8;G:alpha=1.0;J:alpha=1.0,targeted_subsidy_2.0,0.2,0,0,30,0.22905044,0.720755,0.068507,423934.36,0.010387,0,1,0,2,0
S4_budget_140,S4_budget_140_P056_SB2.0,A:alpha=1.3;C:alpha=1.8;G:alpha=1.0;J:alpha=1.0,targeted_subsidy_2.0,0.3,0,0,30,0.22905044,0.720755,0.068507,423934.36,0.010387,0,1,0,2,0
S4_budget_140,S4_budget_140_P056_SB2.0,A:alpha=1.3;C:alpha=1.8;G:alpha=1.0;J:alpha=1.0,targeted_subsidy_2.0,0.5,0,0,30,0.22905044,0.808251,0.645576,3844127.76,0.082718,0,0,0,1,0
S4_budget_140,S4_budget_140_P056_SB2.0,A:alpha=1.3;C:alpha=1.8;G:alpha=1.0;J:alpha=1.0,targeted_subsidy_2.0,0.7,0,0,30,0.22905044,0.808251,0.645576,3844127.76,0.082718,0,0,0,1,0
S4_budget_140,S4_budget_140_P056_SB2.0,A:alpha=1.3;C:alpha=1.8;G:alpha=1.0;J:alpha=1.0,targeted_subsidy_2.0,1.0,0,0,30,0.22905044,0.808251,0.645576,3844127.76,0.082718,0,0,0,1,0
S4_budget_140,S4_budget_140_P057_SB2.0,A:alpha=1.3;C:alpha=2.0;G:alpha=1.0;J:alpha=1.0,targeted_subsidy_2.0,0.2,0,0,30,0.22834451,0.720801,0.068507,814666.67,0.019961,0,1,0,2,0
S4_budget_140,S4_budget_140_P057_SB2.0,A:alpha=1.3;C:alpha=2.0;G:alpha=1.0;J:alpha=1.0,targeted_subsidy_2.0,0.3,0,0,30,0.22834451,0.720801,0.068507,814666.67,0.019961,0,1,0,2,0
S4_budget_140,S4_budget_140_P057_SB2.0,A:alpha=1.3;C:alpha=2.0;G:alpha=1.0;J:alpha=1.0,targeted_subsidy_2.0,0.5,0,0,30,0.22834451,0.808321,0.645576,5187706.3,0.111629,0,0,0,1,0
S4_budget_140,S4_budget_140_P057_SB2.0,A:alpha=1.3;C:alpha=2.0;G:alpha=1.0;J:alpha=1.0,targeted_subsidy_2.0,0.7,0,0,30,0.22834451,0.808321,0.645576,5187706.3,0.111629,0,0,0,1,0
S4_budget_140,S4_budget_140_P057_SB2.0,A:alpha=1.3;C:alpha=2.0;G:alpha=1.0;J:alpha=1.0,targeted_subsidy_2.0,1.0,0,0,30,0.22834451,0.808321,0.645576,5187706.3,0.111629,0,0,0,1,0
S4_budget_140,S4_budget_140_P058_SB2.0,A:alpha=1.4;C:alpha=1.1;G:alpha=1.0;J:alpha=1.0,targeted_subsidy_2.0,0.2,0,0,30,0.23203205,0.847901,0.759929,753397.1,0.016323,0,1,0,1,0
S4_budget_140,S4_budget_140_P058_SB2.0,A:alpha=1.4;C:alpha=1.1;G:alpha=1.0;J:alpha=1.0,targeted_subsidy_2.0,0.3,0,0,30,0.23203205,0.847901,0.759929,753397.1,0.016323,0,1,0,1,0
S4_budget_140,S4_budget_140_P058_SB2.0,A:alpha=1.4;C:alpha=1.1;G:alpha=1.0;J:alpha=1.0,targeted_subsidy_2.0,0.5,0,0,30,0.23203205,0.820264,0.663919,-7639.85,-0.000164,0,0,0,2,0
S4_budget_140,S4_budget_140_P058_SB2.0,A:alpha=1.4;C:alpha=1.1;G:alpha=1.0;J:alpha=1.0,targeted_subsidy_2.0,0.7,0,0,30,0.23203205,0.820264,0.663919,-7639.85,-0.000164,0,0,0,2,0
S4_budget_140,S4_budget_140_P058_SB2.0,A:alpha=1.4;C:alpha=1.1;G:alpha=1.0;J:alpha=1.0,targeted_subsidy_2.0,1.0,0,0,30,0.23203205,0.730625,0.068507,114839.44,0.002814,0,1,0,2,0
S4_budget_140,S4_budget_140_P059_SB2.0,A:alpha=1.4;C:alpha=1.2;G:alpha=1.0;J:alpha=1.0,targeted_subsidy_2.0,0.2,0,0,30,0.23043032,0.720684,0.068507,-400344.91,-0.009809,0,0,0,3,0
S4_budget_140,S4_budget_140_P059_SB2.0,A:alpha=1.4;C:alpha=1.2;G:alpha=1.0;J:alpha=1.0,targeted_subsidy_2.0,0.3,0,0,30,0.23043032,0.720684,0.068507,-400344.91,-0.009809,0,0,0,3,0
S4_budget_140,S4_budget_140_P059_SB2.0,A:alpha=1.4;C:alpha=1.2;G:alpha=1.0;J:alpha=1.0,targeted_subsidy_2.0,0.5,0,0,30,0.23043032,0.80807,0.645739,160928.46,0.003463,0,1,0,2,0
S4_budget_140,S4_budget_140_P059_SB2.0,A:alpha=1.4;C:alpha=1.2;G:alpha=1.0;J:alpha=1.0,targeted_subsidy_2.0,0.7,0,0,30,0.23043032,0.80807,0.645739,160928.46,0.003463,0,1,0,2,0
S4_budget_140,S4_budget_140_P059_SB2.0,A:alpha=1.4;C:alpha=1.2;G:alpha=1.0;J:alpha=1.0,targeted_subsidy_2.0,1.0,0,0,30,0.23043032,0.80807,0.645739,160928.46,0.003463,0,1,0,2,0
S4_budget_140,S4_budget_140_P060_SB2.0,A:alpha=1.4;C:alpha=1.3;G:alpha=1.0;J:alpha=1.0,targeted_subsidy_2.0,0.2,0,0,30,0.2302538,0.720695,0.068507,-207066.0,-0.005074,0,0,0,3,0
S4_budget_140,S4_budget_140_P060_SB2.0,A:alpha=1.4;C:alpha=1.3;G:alpha=1.0;J:alpha=1.0,targeted_subsidy_2.0,0.3,0,0,30,0.2302538,0.720695,0.068507,-207066.0,-0.005074,0,0,0,3,0
S4_budget_140,S4_budget_140_P060_SB2.0,A:alpha=1.4;C:alpha=1.3;G:alpha=1.0;J:alpha=1.0,targeted_subsidy_2.0,0.5,0,0,30,0.2302538,0.808102,0.645739,830469.58,0.01787,0,1,0,3,0
S4_budget_140,S4_budget_140_P060_SB2.0,A:alpha=1.4;C:alpha=1.3;G:alpha=1.0;J:alpha=1.0,targeted_subsidy_2.0,0.7,0,0,30,0.2302538,0.808102,0.645739,830469.58,0.01787,0,1,0,3,0
S4_budget_140,S4_budget_140_P060_SB2.0,A:alpha=1.4;C:alpha=1.3;G:alpha=1.0;J:alpha=1.0,targeted_subsidy_2.0,1.0,0,0,30,0.2302538,0.808102,0.645739,830469.58,0.01787,0,1,0,3,0
